frame,track_id,world_x,world_y,yaw_deg,speed_kmh,method,confidence,discrepancy_m,pos_3d_x,pos_3d_y,pos_2d_x,pos_2d_y
1,1,4.709802436978235,2.310905367013068,28.631853785900788,0,fused,0.914065,0.0,4.709802436978235,2.310905367013068,4.709802436978235,2.310905367013068
1,2,72.17666120752652,-459.1968704143658,55.54427452281231,0,fused,0.85161334,0.0,72.17666334806198,-459.1968840327178,72.17666334806198,-459.1968840327178
1,3,6.933129613669794,-36.84186165072878,54.501789336149436,0,fused,0.81893367,0.0,6.933129613669794,-36.84186165072878,6.933129613669794,-36.84186165072878
1,4,-4.486434972159802,-69.94218035392828,15.636530564280566,0,fused,0.79389614,0.0,-4.486434972159802,-69.94218035392828,-4.486434972159802,-69.94218035392828
1,5,2.8577376730368886,-27.57479440528621,19.852115387380348,0,fused,0.5281602,0.0,2.857737604709505,-27.574793745983722,2.857737604709505,-27.574793745983722
1,6,2.120419687211476,-33.04403057495812,28.068646545496627,0,fused,0.47985405,0.0,2.120419798815713,-33.04403231416752,2.120419798815713,-33.04403231416752
2,1,4.706654103281028,2.244548519957357,28.013637589782295,5.978834298220355,fused,0.914239,0.0,4.706654103281028,2.244548519957357,4.706654103281028,2.244548519957357
2,2,301.0593611195429,-1931.0379504900975,54.52886678135123,134057.81584104613,fused,0.8840722,0.0,301.059369720217,-1931.038005656055,301.059369720217,-1931.038005656055
2,3,7.097174186111853,-37.66969052628173,54.67294794949995,75.95334935649855,fused,0.77900255,0.0,7.09717395601287,-37.669689304984736,7.09717395601287,-37.669689304984736
2,4,-4.671560789343334,-73.34404415998418,28.13637137618094,306.6207531747356,fused,0.76902497,0.0,-4.671560789343334,-73.34404415998418,-4.671560789343334,-73.34404415998418
2,5,2.860943331678862,-27.60103399238218,17.132134566925217,2.3791209814125347,fused,0.45919108,0.0,2.8609434890350656,-27.601035510480727,2.8609434890350656,-27.601035510480727
2,6,2.150749492171872,-33.12066042915704,25.13887706667964,7.417240467331211,fused,0.5381747,0.0,2.1507494417052007,-33.12065965199099,2.1507494417052007,-33.12065965199099
3,1,4.743530982496545,2.263078329600237,26.28151062599286,4.846591773050105,fused,0.9117209,0.0,4.743530982496545,2.263078329600237,4.743530982496545,2.263078329600237
3,2,-648.5777570964702,4197.459210220706,57.10202751366596,346102.5243963489,fused,0.88083994,0.0,-648.5777570964702,4197.459210220706,-648.5777570964702,4197.459210220706
3,3,7.1254694322631185,-37.99019727508561,54.94184755084453,52.455573942067176,fused,0.7508093,0.0,7.1254694322631185,-37.99019727508561,7.1254694322631185,-37.99019727508561
3,4,-4.2357281206705775,-68.77995969079251,30.29496816644344,359.62846775467926,fused,0.82210696,0.0,-4.2357281206705775,-68.77995969079251,-4.2357281206705775,-68.77995969079251
3,5,2.8687535657216046,-27.43717602012267,23.196991104996386,8.57154061316134,fused,0.3735169,0.0,2.8687535657216046,-27.43717602012267,2.8687535657216046,-27.43717602012267
3,6,2.1432882376529343,-32.827591831393136,29.863309257593848,16.900980464551292,fused,0.70705396,0.0,2.1432883142119055,-32.82759300400568,2.1432883142119055,-32.82759300400568
4,1,4.755264453809061,2.249320877299977,25.24196206773483,3.773507178010883,fused,0.9150885,0.0,4.755264298941053,2.2493208040447783,4.755264298941053,2.2493208040447783
4,2,-100.40084065675157,658.9339942968713,63.14832840958687,338157.0473933337,fused,0.8915693,0.0,-100.40084065675157,658.9339942968713,-100.40084065675157,658.9339942968713
4,3,7.246088734572559,-38.53951408366941,55.28509101757344,51.84249497517172,fused,0.76915115,0.0,7.246088972508475,-38.53951534917069,7.246088972508475,-38.53951534917069
4,4,-3.7150460899957953,-65.7601561627314,18.952802425548402,331.68321421776375,fused,0.84635276,0.0,-3.71504597913427,-65.76015420036781,-3.71504597913427,-65.76015420036781
4,5,2.9135917270286775,-27.42110212748058,24.731899468355437,7.143327749430299,fused,0.4106025,0.0,2.9135917270286775,-27.42110212748058,2.9135917270286775,-27.42110212748058
4,6,2.1723043357298155,-32.73616639148718,35.28931724593461,14.144904454194993,fused,0.72813094,0.0,2.1723043357298155,-32.73616639148718,2.1723043357298155,-32.73616639148718
5,1,4.733026561033584,2.192449397346273,23.60229923970322,4.204084571437731,fused,0.91705537,0.0,4.7330264072204296,2.192449326096397,4.7330264072204296,2.192449326096397
5,2,-44.85171441377834,296.19325773566436,58.07012923085601,261874.59725502692,fused,0.88173574,0.0,-44.851715698499,296.19326621974585,-44.851715698499,296.19326621974585
5,3,7.4305580609132456,-39.21350201007704,56.55205763921231,54.60434345301344,fused,0.79209405,0.0,7.4305580609132456,-39.21350201007704,7.4305580609132456,-39.21350201007704
5,4,-3.3460649918079683,-65.23197896908538,16.221654022806206,263.2590857336887,fused,0.7890128,0.0,-3.3460650989151057,-65.23198105715316,-3.3460650989151057,-65.23198105715316
5,5,2.9458642881688317,-27.437044098290404,26.66522022713941,6.167391003993979,fused,0.34121442,0.0,2.9458642881688317,-27.437044098290404,2.9458642881688317,-27.437044098290404
5,6,2.257381602703071,-32.887452149052606,37.96413092055331,14.513937027356736,fused,0.75757873,0.0,2.2573816027030706,-32.887452149052606,2.2573816027030706,-32.887452149052606
6,1,4.717134683006068,2.154284372022982,23.017363894894867,4.107414945148146,fused,0.92006963,0.0,4.717134683006068,2.154284372022982,4.717134683006068,2.154284372022982
6,2,-30.3980225946658,204.3918583784182,58.5005030950607,211172.4585985349,fused,0.8637615,0.0,-30.398020817002102,204.39184642566744,-30.398020817002102,204.39184642566744
6,3,7.498909458398729,-39.6168032080098,59.81528958373195,51.04641584683329,fused,0.8035277,0.0,7.498909694101844,-39.61680445323139,7.498909694101844,-39.61680445323139
6,4,-2.7337099209998335,-62.05366215504712,9.218943599587613,268.8691187722844,fused,0.7479942,0.0,-2.7337099209998335,-62.05366215504712,-2.7337099209998335,-62.05366215504712
6,5,2.961331170339403,-27.354745935421757,24.47875094618595,6.4412139363550285,fused,0.3617384,0.0,2.961331170339403,-27.354745935421757,2.961331170339403,-27.354745935421757
6,6,2.292104370886587,-32.789207959472556,38.85593115721144,13.486745425614895,fused,0.7509005,0.0,2.2921042937926677,-32.789206856622016,2.2921042937926677,-32.789206856622016
7,1,4.681945389761063,2.061055839233696,24.147444619529853,4.917574953443581,fused,0.92477643,0.0,4.681945389761063,2.061055839233696,4.681945389761063,2.061055839233696
7,2,-22.54252169187105,153.25314749296828,59.65425034214616,176753.12695010597,fused,0.87953657,0.0,-22.54252169187105,153.25314749296828,-22.54252169187105,153.25314749296828
7,3,7.670445599039495,-40.61137387436922,60.26226334949405,57.67750340769316,fused,0.8131264,0.0,7.670445599039495,-40.61137387436922,7.670445599039495,-40.61137387436922
7,4,-2.246906853597563,-60.055991170603825,6.467881757677764,254.89953442876458,fused,0.795642,0.0,-2.24690692492152,-60.05599307697166,-2.24690692492152,-60.05599307697166
7,5,2.9867067294565572,-27.383291734273687,26.065226798514153,5.940588279628806,fused,0.36293268,0.0,2.9867067294565572,-27.383291734273687,2.9867067294565572,-27.383291734273687
7,6,2.368534355152496,-32.749270946228535,36.38100353232951,12.532482330243397,fused,0.76239043,0.0,2.3685342766885102,-32.74926986132203,2.3685342766885102,-32.74926986132203
8,1,4.6449484604540565,1.9460905154442578,24.572746194698304,5.767842976004611,fused,0.93115914,0.0,4.644948311789622,1.9460904531584329,4.644948311789622,1.9460904531584329
8,2,-16.311077036945058,113.50950228392635,60.21800523856565,152019.91276713202,fused,0.88568985,0.0,-16.31107796719379,113.50950875756817,-16.31107796719379,113.50950875756817
8,3,7.952879756776814,-42.263139209221535,62.13415142838946,70.98306265323363,fused,0.83925414,0.0,7.9528795174457745,-42.26313793737015,7.9528795174457745,-42.26313793737015
8,4,-2.0015350374214615,-60.8596737902303,16.501689378687413,229.2892411534151,fused,0.8124537,0.0,-2.0015350374214615,-60.8596737902303,-2.0015350374214615,-60.8596737902303
8,5,3.004526214913978,-27.469144215560416,25.725521488903492,6.219276438901592,fused,0.42364693,0.0,3.004526214913978,-27.469144215560416,3.004526214913978,-27.469144215560416
8,6,2.468470968886996,-32.792969311591875,31.749831214637222,12.144492176994794,fused,0.73244005,0.0,2.468470968886996,-32.792969311591875,2.468470968886996,-32.792969311591875
9,1,4.633199344482585,1.8496275945062552,22.950829835206278,6.140090396628213,fused,0.9350597,0.0,4.633199492152399,1.8496276534577796,4.633199492152399,1.8496276534577796
9,2,-13.295671268256699,94.38683318247075,59.11344576737413,133235.2119169726,fused,0.8849393,0.0,-13.295670509338647,94.38682779486227,-13.295670509338647,94.38682779486227
9,3,8.178398332885306,-43.7878732458077,64.77462698687417,79.45004868237078,fused,0.838042,0.0,8.178398332885308,-43.7878732458077,8.178398332885308,-43.7878732458077
9,4,-1.779281527190937,-60.634551238739924,23.944222378735354,204.18701396973978,fused,0.8348933,0.0,-1.779281527190937,-60.634551238739924,-1.779281527190937,-60.634551238739924
9,5,3.0328431500565314,-27.516693925741492,29.6208162199884,6.064473205390828,fused,0.578787,0.0,3.032843150056531,-27.516693925741492,3.032843150056531,-27.516693925741492
9,6,2.4993202339353107,-32.748745143100116,28.038111075288885,11.233039817626704,fused,0.72718495,0.0,2.49932032074039,-32.74874628051236,2.49932032074039,-32.74874628051236
10,1,4.607740933649353,1.7622065442298631,22.65071835134574,6.368383841866682,fused,0.93407273,0.0,4.607741080662924,1.762206600454438,4.607741080662924,1.762206600454438
10,2,-10.74379760058837,76.79097380610987,58.12487994129061,118609.09889862772,fused,0.88309824,0.0,-10.743797293320664,76.79097160992308,-10.743797293320664,76.79097160992308
10,3,8.53855030720588,-45.560105954049654,64.99360921853128,88.70683963134339,fused,0.8045611,0.0,8.538550039169793,-45.56010452385928,8.538550039169793,-45.56010452385928
10,4,-1.557790269605919,-60.718770852383855,20.562028517742238,183.8691949587039,fused,0.85817486,0.0,-1.557790269605919,-60.718770852383855,-1.557790269605919,-60.718770852383855
10,5,3.116345721176948,-27.681801404331157,33.50500816935426,7.2408633460948915,fused,0.5572722,0.0,3.116345721176948,-27.681801404331157,3.116345721176948,-27.681801404331157
10,6,2.57874587116552,-32.72845259635072,24.306597878277387,10.804693719615916,fused,0.7318738,0.0,2.57874587116552,-32.72845259635072,2.57874587116552,-32.72845259635072
11,1,4.6379724914998555,1.7253989781087682,20.974198938871893,6.180382263538031,fused,0.9313087,0.0,4.6379723430825175,1.7253989228951758,4.6379723430825175,1.7253989228951758
11,2,-8.664685702090862,63.15596093367924,57.93317399854519,103851.71219689616,fused,0.9007221,0.0,-8.664686188005621,63.15596447545957,-8.664686188005621,63.15596447545957
11,3,8.821312497635681,-47.307989203855904,64.06151364449808,97.97365187546738,fused,0.7167907,0.0,8.821312186815659,-47.30798753695313,8.821312186815659,-47.30798753695313
11,4,-1.302319486179431,-59.518893391635906,21.454386366200694,162.0679493206825,fused,0.8643273,0.0,-1.3023194100701792,-59.518889913274045,-1.3023194100701792,-59.518889913274045
11,5,3.177021672417896,-27.897892197114526,37.09513510761543,9.220994277661719,fused,0.47700256,0.0,3.1770215042017926,-27.897890719984307,3.1770215042017926,-27.897890719984307
11,6,2.596400471659383,-32.78323906458812,22.577547358244924,10.556163570587909,fused,0.6705026,0.0,2.596400471659383,-32.78323906458812,2.596400471659383,-32.78323906458812
12,1,4.615970106023945,1.6559730276245057,22.07216462725751,6.495967088567193,fused,0.9302,0.0,4.615970106023945,1.6559730276245057,4.615970106023945,1.6559730276245057
12,2,-7.167997149044542,53.169412972264446,60.22319582618524,41936.33377862196,fused,0.8835943,0.0,-7.167997149044542,53.169412972264446,-7.167997149044542,53.169412972264446
12,3,9.187774609004217,-49.16577913514697,65.33779037404193,113.69200502740813,fused,0.6649814,0.0,9.187774609004217,-49.16577913514697,9.187774609004217,-49.16577913514697
12,4,-1.0443743640478347,-58.98435362864167,25.092457876816894,122.15470528883596,fused,0.8505481,0.0,-1.0443743330361455,-58.98435187715819,-1.0443743330361455,-58.98435187715819
12,5,3.1919698548724575,-28.0712557511914,35.858403276010684,9.320622353739132,fused,0.42936006,0.0,3.191969667111524,-28.071254099958644,3.191969667111524,-28.071254099958644
12,6,2.6507583162474493,-32.87525509155109,20.0207560336699,8.693252646994614,fused,0.5852168,0.0,2.650758259048047,-32.87525438215223,2.650758259048047,-32.87525438215223
13,1,4.577121906059968,1.5984317508982677,22.574972093933123,7.009427002260921,fused,0.92425394,0.0,4.577121758471895,1.598431699357263,4.577121758471895,1.598431699357263
13,2,-6.020797645289009,45.022118163486454,62.900690375219234,6211.266723813835,fused,0.87555695,0.0,-6.020797992639319,45.02212076089092,-6.020797992639319,45.02212076089092
13,3,9.534413835416467,-50.85216111272075,59.142012840719076,125.28436362275718,fused,0.7104839,0.0,9.534413835416467,-50.85216111272075,9.534413835416467,-50.85216111272075
13,4,-0.7350380106082551,-57.96718745492602,29.032867344821,102.14270323075463,fused,0.7955701,0.0,-0.7350379872737041,-57.96718561469697,-0.7350379872737041,-57.96718561469697
13,5,3.2029350571531396,-28.211261731907975,35.175953450504515,10.248647096741866,fused,0.29282486,0.0,3.202934988089688,-28.211261123601194,3.202934988089688,-28.211261123601194
13,6,2.6985178438554027,-32.941457251385955,20.59309806266224,8.55037272708833,fused,0.55018556,0.0,2.6985179057929796,-32.941458007472875,2.6985179057929796,-32.941458007472875
14,1,4.5534886962661965,1.5115001197470268,23.58137510324441,7.299649005412691,fused,0.9299664,0.0,4.55348855034206,1.5115000713084854,4.55348855034206,1.5115000713084854
14,2,-5.299164180224941,40.401498330735606,61.16891296818449,2588.3389458000074,fused,0.8994506,0.0,-5.299164180224941,40.401498330735606,-5.299164180224941,40.401498330735606
14,3,10.12807313023729,-53.97985471383514,58.13382785680098,150.1319537265171,fused,0.8193365,0.0,10.12807313023729,-53.97985471383514,10.12807313023729,-53.97985471383514
14,4,-0.5321276385423839,-57.758181798409794,34.15428957918208,98.61274157139017,fused,0.59971833,0.0,-0.5321276497472481,-57.758183014607816,-0.5321276497472481,-57.758183014607816
14,5,3.232766589164302,-28.359677615241292,33.40866537400133,11.402536296341758,fused,0.14660007,0.0,3.23276665878178,-28.359678225965627,3.23276665878178,-28.359678225965627
14,6,2.762568282938554,-33.003778689265616,25.11626152013594,7.708369943631924,fused,0.47015846,0.0,2.762568357139055,-33.00377957572223,2.762568357139055,-33.00377957572223
14,7,4.890992589333848,-27.314418681119523,40.043729285051235,0,fused,0.41826135,0.0,4.890992589333848,-27.314418681119523,4.890992589333848,-27.314418681119523
15,1,4.505505219563094,1.3802810941439367,25.649464621933415,8.283404082598311,fused,0.931608,0.0,4.505505075431098,1.3802810499884737,4.505505075431098,1.3802810499884737
15,2,-4.55542076466927,35.110041303149,61.224935235996924,1712.4509822769896,fused,0.90009296,0.0,-4.5554208924923385,35.110042288321054,-4.5554208924923385,35.110042288321054
15,3,10.585242533277203,-56.40755190155773,57.01372633059687,170.74510977432993,fused,0.83684874,0.0,10.585242533277203,-56.40755190155773,10.585242533277203,-56.40755190155773
15,4,-0.40191938482594297,-58.40335492511889,36.44239416732,72.82685948533009,fused,0.6825556,0.0,-0.4019193699539562,-58.40335276405387,-0.4019193699539562,-58.40335276405387
15,6,2.8879559314543095,-33.51231417914952,23.295541766170228,11.904028304757936,fused,0.58668447,0.0,2.887955993616181,-33.51231490048607,2.887955993616181,-33.51231490048607
15,7,4.950124597917319,-27.529644824390473,41.15011921203978,20.088130480705914,fused,0.3789403,0.0,4.950124597917319,-27.529644824390477,4.950124597917319,-27.529644824390477
16,1,4.472058958448328,1.2913400701095106,26.298226416694582,8.237136796262567,fused,0.92870927,0.0,4.472058814939759,1.2913400286703507,4.472058814939759,1.2913400286703507
16,2,-3.9933743661382595,31.622429407360638,61.786095064652706,1230.3916695419737,fused,0.89598817,0.0,-3.9933744787038967,31.622430298736848,-3.9933744787038967,31.622430298736848
16,3,11.199544710915392,-59.58549314351141,56.739724173902054,193.02025715129324,fused,0.80804044,0.0,11.199545060969653,-59.58549500592246,11.199545060969653,-59.58549500592246
16,4,-0.2500307723440095,-58.47810605288742,34.53686270049203,53.95843308010577,fused,0.73211324,0.0,-0.2500307723440095,-58.47810605288742,-0.2500307723440095,-58.47810605288742
16,6,2.9819007497011385,-33.70643224130786,24.649207116831636,13.19823505486231,fused,0.6833685,0.0,2.9819008599074084,-33.70643348704354,2.9819008599074084,-33.70643348704354
16,7,4.980831645142548,-27.705688507216703,47.37921203546291,18.085642172145423,fused,0.5245574,0.0,4.9808315252348825,-27.70568784023483,4.9808315252348825,-27.70568784023483
17,1,4.4894737139572625,1.2670225636111416,24.029109498668277,7.328521131439828,fused,0.92704576,0.0,4.4894737139572625,1.2670225636111416,4.4894737139572625,1.2670225636111416
17,2,-3.458616507643255,28.856702756564673,61.76571061030369,856.2692108523125,fused,0.9073138,0.0,-3.4586165076432556,28.856702756564673,-3.4586165076432556,28.856702756564673
17,3,11.733694497435009,-62.878902084363,55.0671172789981,209.6273171811052,fused,0.8072414,0.0,11.73369449743501,-62.878902084363,11.73369449743501,-62.878902084363
17,4,-0.050111942311015845,-55.86772482005872,18.932945198489126,71.73563496317902,fused,0.7852929,0.0,-0.0501119439226916,-55.867726616849126,-0.0501119439226916,-55.867726616849126
17,6,3.034071762277134,-33.851053069592716,28.98975387593991,13.644940014823696,fused,0.7337213,0.0,3.034071866716158,-33.851054234815955,3.034071866716158,-33.851054234815955
17,7,5.023535490719422,-27.902343691879082,51.41674176661436,18.094245771217047,fused,0.6018653,0.0,5.023535385317561,-27.90234310644299,5.023535385317561,-27.90234310644299
18,1,4.487917311834044,1.2230258162513064,23.125544779461247,6.797005772742856,fused,0.92420685,0.0,4.487917311834044,1.2230258162513064,4.487917311834044,1.2230258162513064
18,2,-2.893764177100739,25.46197676916162,59.11373636832817,697.0936427088373,fused,0.9052119,0.0,-2.8937640963621845,25.46197605875017,-2.8937640963621845,25.46197605875017
18,3,12.576661182478855,-67.44553143655502,53.902578035247075,240.65190449021935,fused,0.81366074,0.0,12.576660792096554,-67.44552934303104,12.576660792096554,-67.44552934303104
18,4,0.18615410951181857,-55.6312635147702,22.76578932463588,71.91483092652075,fused,0.7536647,0.0,0.18615410327357085,-55.63126165049976,0.18615410327357085,-55.63126165049976
18,6,3.078548516849078,-34.26616697799944,29.912818502185317,17.280629936571284,fused,0.73448145,0.0,3.0785486227094156,-34.266168156291094,3.0785486227094156,-34.266168156291094
18,7,5.114164231503934,-28.280991488853232,52.975783565008925,22.33089463823648,fused,0.5962045,0.0,5.114164123181723,-28.280990889838534,5.114164123181723,-28.280990889838534
19,1,4.498051188774108,1.2126236499436318,22.628700253346036,6.031704207182951,fused,0.9154212,0.0,4.498051042336186,1.2126236104656267,4.498051042336186,1.2126236104656267
19,2,-2.4871990372257224,22.98391744806676,57.09625513964404,544.4061218438541,fused,0.899132,0.0,-2.4871989673614388,22.983916802459024,-2.4871989673614388,22.983916802459024
19,3,13.372265578123976,-72.21937153156661,53.537938274015275,270.96416455564656,fused,0.8346524,0.0,13.372265173485273,-72.21936934624111,13.372265173485273,-72.21936934624111
19,4,0.38274714262351706,-55.76377981456595,29.66479833325896,71.91605590550073,fused,0.6518233,0.0,0.38274714262351706,-55.76377981456595,0.38274714262351706,-55.76377981456595
19,6,3.0895838125315382,-34.552872706776164,33.71796538638895,19.330040742220095,fused,0.6877856,0.0,3.089583925984274,-34.552873975593634,3.089583925984274,-34.552873975593634
19,7,5.177305717403337,-28.623951050060512,49.66319756271578,24.141739443879047,fused,0.465184,0.0,5.177305717403336,-28.623951050060516,5.177305717403336,-28.623951050060516
20,1,4.537292256244758,1.2511275826278905,23.237566005989258,6.105155741265795,fused,0.9137564,0.0,4.537292256244758,1.2511275826278907,4.537292256244758,1.2511275826278907
20,2,-2.1567079205610455,21.37013009871502,53.598170203500686,422.952760205624,fused,0.8953422,0.0,-2.156707859723676,21.370129495896954,-2.156707859723676,21.370129495896954
20,3,13.95177356409101,-75.82512495855906,53.30831519419125,289.7783422048767,fused,0.83966565,0.0,13.951773144437215,-75.82512267782384,13.951773144437215,-75.82512267782384
20,4,0.4644743217878189,-54.841653896809255,32.44433312976472,68.9057343286553,fused,0.6988523,0.0,0.4644743385737101,-54.841655878761735,0.4644743385737101,-54.841655878761735
20,6,3.075099185274031,-34.111693265689034,21.983584276046535,23.1686045994976,fused,0.6873882,0.0,3.0750991852740306,-34.111693265689034,3.0750991852740306,-34.111693265689034
20,7,5.183386701470799,-28.801888685653644,52.06439584814605,22.788738905662285,fused,0.44808555,0.0,5.183386555390796,-28.801887873948818,5.183386555390796,-28.801887873948818
21,1,4.5370025083574355,1.2513807755620758,23.034313280413922,5.38071330729496,fused,0.911106,0.0,4.537002656762999,1.2513808164947993,4.537002656762999,1.2513808164947993
21,2,-1.9132871218816518,19.699170726115476,53.01356277776694,338.857928910504,fused,0.893862,0.0,-1.913287175941865,19.699171282718485,-1.913287175941865,19.699171282718485
21,3,14.643236006173526,-79.80143179999203,58.30496967588084,311.20225816967843,fused,0.79621416,0.0,14.643236006173524,-79.80143179999203,14.643236006173524,-79.80143179999203
21,4,0.6231221778764443,-53.40947836536678,35.6880273617973,77.37987136303454,fused,0.7140411,0.0,0.6231221999167718,-53.409480254502554,0.6231221999167718,-53.409480254502554
21,6,3.093738753699451,-33.890970151544,12.618466605139826,24.31496742305341,fused,0.68971425,0.0,3.093738753699451,-33.89097015154401,3.093738753699451,-33.89097015154401
21,7,5.203132190816291,-28.940539602818017,54.44381227824796,21.333845736754938,fused,0.5146566,0.0,5.203132446154277,-28.940541023043146,5.203132446154277,-28.940541023043146
22,1,4.532444182516554,1.2900565245796631,24.639448254056077,5.075872510077677,fused,0.9087145,0.0,4.532444033869898,1.290056482270794,4.532444033869898,1.290056482270794
22,2,-1.6889300067086817,17.61533808300752,57.13584949075068,277.5400301827255,fused,0.8955244,0.0,-1.688929911443898,17.615337089407216,-1.688929911443898,17.615337089407216
22,3,15.396954246102256,-83.94793757032004,62.2490852627112,336.13037693868205,fused,0.79300344,0.0,15.396953755727736,-83.94793489667894,15.396953755727736,-83.94793489667894
22,4,0.8470269106506856,-52.38933888500421,37.13806210510284,77.19246204514661,fused,0.7637841,0.0,0.8470269106506856,-52.3893388850042,0.8470269106506856,-52.3893388850042
22,6,3.120000262839105,-33.75063674129852,3.362362441611906,24.926347724898594,fused,0.61312693,0.0,3.120000198578865,-33.750636046162676,3.120000198578865,-33.750636046162676
22,7,5.227023440196791,-29.02576831077226,55.982924497064865,19.662897282018747,fused,0.53382015,0.0,5.227023440196792,-29.02576831077226,5.227023440196792,-29.02576831077226
23,1,4.51182427985065,1.1912334138339002,23.419563734436938,5.184518322102002,fused,0.9138802,0.0,4.511824132716668,1.1912333749868829,4.511824132716668,1.1912333749868829
23,2,-1.4616826848658198,15.94168039754438,57.761627388940965,247.66386403187485,fused,0.8967919,0.0,-1.4616827260309548,15.941680846507367,-1.4616827260309548,15.941680846507367
23,3,17.2711994722074,-93.89329796524005,64.75089033300289,405.4992646700649,fused,0.8186,0.0,17.271200005074466,-93.89330086212318,17.271200005074466,-93.89330086212318
23,4,1.0074237580085879,-51.298570919485826,31.91522482681981,85.30443729337146,fused,0.80274284,0.0,1.0074237263126289,-51.2985693055102,1.0074237263126289,-51.2985693055102
23,6,3.151924709758057,-33.808617403793285,3.356792927742639,24.69456573650929,fused,0.59190667,0.0,3.1519245752678398,-33.80861596120543,3.1519245752678398,-33.80861596120543
23,7,5.262406509206701,-29.17749716070734,56.421901337809935,19.036129809364425,fused,0.505558,0.0,5.262406246312215,-29.177495703084652,5.262406246312215,-29.177495703084652
24,1,4.486820035079823,1.1323283207902524,23.341914257479417,4.427271693095883,fused,0.91590947,0.0,4.486820181074222,1.132328357634519,4.486820181074222,1.132328357634519
24,2,-1.2587633953956894,14.469853766336772,57.97723475158775,209.08665319387072,fused,0.90134805,0.0,-1.2587633953956894,14.46985376633677,-1.2587633953956894,14.46985376633677
24,3,18.705720323007924,-101.912586671685,66.89249250846159,462.26143227859654,fused,0.8181345,0.0,18.70572090046255,-101.91258981777578,18.70572090046255,-101.91258981777578
24,4,1.1678992027727135,-50.626486839797664,29.279592783771157,85.63239601884733,fused,0.78649426,0.0,1.1678991652686848,-50.62648521406042,1.1678991652686848,-50.62648521406042
24,6,3.2123937904870346,-33.967791266458015,0,21.15963776126225,fused,0.3858183,0.0,3.2123936853431405,-33.967790154668464,3.2123936853431405,-33.967790154668464
24,7,5.3356059625104315,-29.52800778009694,50.73224415883589,20.38483945990118,fused,0.5862173,0.0,5.335606077448327,-29.52800841617972,5.335606077448327,-29.52800841617972
25,1,4.469694991295972,1.0879282262487044,23.241038266639436,3.9529347365681513,fused,0.91365695,0.0,4.469694991295972,1.0879282262487044,4.469694991295972,1.0879282262487044
25,2,-1.0436477021020516,13.109254744658491,57.72628462275678,187.53554743335687,fused,0.883767,0.0,-1.0436477021020516,13.109254744658491,-1.0436477021020516,13.109254744658491
25,3,20.237525364509338,-110.09360858295341,69.09982595701192,513.1256685708995,fused,0.8364048,0.0,20.237525364509338,-110.0936085829534,20.237525364509338,-110.0936085829534
25,4,1.2970074478538864,-49.9540833131393,26.668395686136023,90.78639594220517,fused,0.7566024,0.0,1.2970074478538864,-49.95408331313929,1.2970074478538864,-49.95408331313929
25,6,3.2395648422384746,-34.13497066019357,0,20.69680921572835,fused,0.23062342,0.0,3.2395649309318895,-34.134971594747206,3.2395649309318895,-34.134971594747206
25,7,5.373999696174602,-29.7158722894078,49.146107936129454,20.515298638723216,fused,0.6700246,0.0,5.373999493604643,-29.715871169284362,5.373999493604643,-29.715871169284362
26,1,4.48887686397971,1.0905385700725667,23.66413892368245,3.8474203190813236,fused,0.9118527,0.0,4.48887686397971,1.0905385700725667,4.48887686397971,1.0905385700725667
26,2,-0.8248294681054541,12.207712462630909,59.15534989841242,168.64321865567894,fused,0.88483834,0.0,-0.824829468105454,12.20771246263091,-0.824829468105454,12.20771246263091
26,3,21.635437600765663,-118.37808395099576,72.01574492040407,563.7771145947179,fused,0.78708345,0.0,21.635438295011053,-118.37808774955256,21.635438295011053,-118.37808774955256
26,4,1.3146636464759414,-49.376841224142765,26.520532122919175,70.38126108291277,fused,0.7609477,0.0,1.3146636028416465,-49.376839585302555,1.3146636028416465,-49.376839585302555
26,6,3.214649384921035,-33.98484427365233,0,20.681175009223665,fused,0.1903095,0.0,3.214649491576048,-33.98484540119489,3.214649491576048,-33.98484540119489
26,7,5.401368967073025,-29.880943540733114,48.201523530885446,20.17616316397385,fused,0.7161517,0.0,5.401369157560689,-29.880944594530988,5.401369157560689,-29.880944594530988
27,1,4.528855287863337,1.1278395677435316,25.883372233687297,3.9539535357988953,fused,0.91053957,0.0,4.528855436094568,1.1278396046581682,4.528855436094568,1.1278396046581682
27,2,-0.581495084582136,11.13550316617497,61.296892410811054,145.22398104440964,fused,0.90577435,0.0,-0.581495084582136,11.13550316617497,-0.581495084582136,11.13550316617497
27,3,22.69139101752847,-125.5741646500817,70.59425002029654,590.0707446092529,fused,0.7974229,0.0,22.691390298840254,-125.57416067286091,22.691390298840254,-125.57416067286091
27,4,1.3435692412938154,-48.874352095177,27.48965317840999,72.07177196736528,fused,0.6127905,0.0,1.3435692136061637,-48.87435108799702,1.3435692136061637,-48.87435108799702
27,6,3.1615246192176993,-33.52203442585731,0,21.164765924727917,fused,0.15379198,0.0,3.161524749016598,-33.522035802131,3.161524749016598,-33.522035802131
27,7,5.401402818807882,-29.915713691566943,47.040024231465786,16.630438032733903,fused,0.7175599,0.0,5.401402818807882,-29.915713691566946,5.401402818807882,-29.915713691566946
28,1,4.5577709761007155,1.1706693711603953,25.94755359043973,4.325499076145961,fused,0.91013265,0.0,4.557770976100716,1.1706693711603955,4.557770976100716,1.1706693711603955
28,2,-0.4409310861177648,10.495075580150896,57.082171279673965,126.66880472259737,fused,0.90304166,0.0,-0.4409310715660875,10.495075233790757,-0.4409310715660875,10.495075233790757
28,3,23.840109099702985,-132.87854030497743,71.18434207909598,615.6154122456246,fused,0.7594809,0.0,23.840108306910466,-132.878535886159,23.840108306910466,-132.878535886159
28,4,1.4903808055330878,-46.412880351290816,25.724194779353475,94.35938058195279,fused,0.24285612,0.0,1.490380844281711,-46.412881557985905,1.490380844281711,-46.412881557985905
28,7,5.313095428485085,-29.728735043024734,44.16862173509752,15.211032652124933,fused,0.63870835,0.0,5.313095428485085,-29.728735043024738,5.313095428485085,-29.728735043024738
29,1,4.620167973686627,1.2780872669439538,24.968983590353005,5.017989793738207,fused,0.9143584,0.0,4.62016812427498,1.2780873086015423,4.62016812427498,1.2780873086015423
29,2,-0.2922116385290614,9.734675426241424,59.286042092227845,117.94406674182687,fused,0.90536636,0.0,-0.29221162891020863,9.734675105801038,-0.29221162891020863,9.734675105801038
29,3,24.2672937773969,-137.35121994770702,66.08049846527665,624.0254962049615,fused,0.77769816,0.0,24.2672937773969,-137.35121994770702,24.2672937773969,-137.35121994770702
29,4,1.5256694081737807,-44.91487829354485,24.000039901415846,100.08615171069043,fused,0.58391154,0.0,1.5256694741642804,-44.914880236269305,1.5256694741642804,-44.914880236269305
29,7,5.217770604522267,-29.467222621187688,44.77219128578987,16.214060867387825,fused,0.53265035,0.0,5.217770604522267,-29.467222621187688,5.217770604522267,-29.467222621187688
30,1,4.6092708537492335,1.2855800062201324,25.405789880736673,5.146387295372193,fused,0.9146351,0.0,4.6092710039369615,1.2855800481092614,4.6092710039369615,1.2855800481092614
30,2,-0.1629976010521526,8.793887754548308,61.48061677329641,110.5542971773579,fused,0.8988073,0.0,-0.16299759564753813,8.793887462963813,-0.16299759564753813,8.793887462963813
30,3,25.38586011253615,-144.85461499725483,63.85171314980897,659.5288127020417,fused,0.751368,0.0,25.38586096584699,-144.85461986634388,25.38586096584699,-144.85461986634388
30,4,1.6087702050867634,-43.42798763853354,23.84643709552481,100.56890454112698,fused,0.6285183,0.0,1.6087702050867636,-43.42798763853353,1.6087702050867636,-43.42798763853353
30,7,5.170662459421881,-29.261689624825117,52.34453269435351,16.922187248256353,fused,0.43755037,0.0,5.170662608651918,-29.26169046934418,5.170662608651918,-29.26169046934418
30,8,3.18307333518279,-31.01885574542442,14.56696738815885,0,fused,0.43858254,0.0,3.18307342683298,-31.018856638549938,3.18307342683298,-31.018856638549938
31,1,4.610990828869703,1.2990603156382592,25.45100313447549,4.8928487837164925,fused,0.9154959,0.0,4.610990828869704,1.2990603156382592,4.610990828869704,1.2990603156382592
31,2,-0.014698086130686749,8.101724510595217,59.26269138836463,96.67426054686898,fused,0.9059738,0.0,-0.014698085647188117,8.101724244086185,-0.014698085647188117,8.101724244086185
31,3,25.552802875384007,-146.9818082978128,59.6971981345607,638.7216389226321,fused,0.74277115,0.0,25.552803744247537,-146.98181329558676,25.552803744247537,-146.98181329558676
31,4,1.713587460618714,-42.5963343358175,27.15456975787591,98.50700767828721,fused,0.7126798,0.0,1.7135873998919824,-42.59633282627322,1.7135873998919824,-42.59633282627322
31,7,5.101060670007578,-29.12286428334347,54.51781212577261,17.59000864790644,fused,0.49145406,0.0,5.101060670007578,-29.12286428334347,5.101060670007578,-29.12286428334347
31,8,3.2035834842566633,-30.32538403241755,19.23814673439985,62.43974561079918,fused,0.5851727,0.0,3.203583415122917,-30.32538337799184,3.203583415122917,-30.32538337799184
32,1,4.620060886963092,1.3005099137979395,25.0069205260056,3.9751863305207547,fused,0.91501296,0.0,4.620060886963092,1.3005099137979395,4.620060886963092,1.3005099137979395
32,2,0.15073151973567597,7.1570619367546575,54.73162818886663,89.3744936992724,fused,0.89093256,0.0,0.15073152477775106,7.157062176163402,0.15073152477775106,7.157062176163402
32,3,27.89978321016263,-162.4007345421774,59.45534710643859,693.4826492286809,fused,0.7098995,0.0,27.899783210162635,-162.4007345421774,27.899783210162635,-162.4007345421774
32,4,1.783410480544481,-41.52911951804835,31.780193393311592,98.17699219450287,fused,0.7512715,0.0,1.7834104805444808,-41.52911951804835,1.7834104805444808,-41.52911951804835
32,7,5.0563960390986695,-29.062310094322797,54.704663333081065,16.784455040426415,fused,0.56518793,0.0,5.0563960390986695,-29.062310094322793,5.0563960390986695,-29.062310094322793
32,8,3.197901021691876,-29.7853206878666,16.77510725099361,55.52406854768698,fused,0.3817727,0.0,3.197901021691876,-29.7853206878666,3.197901021691876,-29.7853206878666
32,11,3.889333280452569,-22.04733172996602,30.98593452742369,0,fused,0.4240294,0.0,3.889333164623579,-22.04733107337015,3.889333164623579,-22.04733107337015
33,1,4.594733325156957,1.2404934057802242,26.260339458559955,3.9866816828957363,fused,0.91856235,0.0,4.5947334742309085,1.2404934460274466,4.5947334742309085,1.2404934460274466
33,2,0.2740303133992125,6.195789665800548,55.61444255013417,84.20847993016801,fused,0.8932728,0.0,0.2740303133992125,6.195789665800548,0.2740303133992125,6.195789665800548
33,3,34.312361733732025,-200.75039245734132,58.94957911470768,1000.8377673999044,fused,0.7061518,0.0,34.312361733732025,-200.75039245734132,34.312361733732025,-200.75039245734132
33,4,1.8840882581215614,-41.20991308248023,34.778197181147625,94.6142908218001,fused,0.7687487,0.0,1.8840883200207443,-41.209914436376444,1.8840883200207443,-41.209914436376444
33,7,5.040474611014518,-29.16001495282969,57.70125902591481,14.193666811580322,fused,0.46529582,0.0,5.040474611014518,-29.160014952829695,5.040474611014518,-29.160014952829695
33,8,3.2378372372123443,-29.67965538948812,15.194006465596907,40.40485831239226,fused,0.39483714,0.0,3.237837133656379,-29.679654440241713,3.237837133656379,-29.679654440241713
33,11,3.90037128064837,-22.053158326107916,30.428386221815657,1.1233307769656546,fused,0.4346296,0.0,3.900371167323612,-22.053157685356396,3.900371167323612,-22.053157685356396
34,1,4.626899779628748,1.2686923333632045,25.546982506114844,3.938568480511355,fused,0.91608745,0.0,4.626899779628748,1.2686923333632045,4.626899779628748,1.2686923333632045
34,2,0.37075985369301234,5.601477389757716,56.66038884478089,76.45481257481427,fused,0.8860907,0.0,0.37075985369301234,5.601477389757716,0.37075985369301234,5.601477389757716
34,3,38.63221340233375,-228.29735701393938,58.807615257845775,1196.442054506662,fused,0.7656557,0.0,38.63221212799716,-228.29734948323767,38.63221212799716,-228.29734948323767
34,4,1.8730617153917148,-40.743902688841345,39.94195198067736,92.42883528345047,fused,0.6178764,0.0,1.8730616388287813,-40.74390102340091,1.8730616388287813,-40.74390102340091
34,7,4.995015339171199,-29.114620975573917,58.03846812529409,12.918620188020974,fused,0.42714986,0.0,4.995015486842013,-29.114621836307965,4.995015486842013,-29.114621836307965
34,8,3.2653937432249625,-29.57434769468758,11.219791886942376,32.75284615579025,fused,0.33865353,0.0,3.265393743224963,-29.57434769468758,3.265393743224963,-29.57434769468758
34,11,3.8984240903981964,-22.01270468277764,31.398702235039664,2.3841869486684457,fused,0.43161348,0.0,3.898424318517581,-22.012705970868552,3.898424318517581,-22.012705970868552
35,1,4.702024220589457,1.345022612270549,24.884338041351153,4.815962309734155,fused,0.91921836,0.0,4.702024068143385,1.3450225686630721,4.702024068143385,1.3450225686630721
35,2,0.5006779474484243,5.071490100434818,58.55976668320538,72.63442373562836,fused,0.9104179,0.0,0.5006779474484243,5.071490100434818,0.5006779474484243,5.071490100434818
35,3,41.282300699342535,-247.38290441431172,57.00140162704926,1305.1127230062375,fused,0.7937343,0.0,41.282300699342535,-247.3829044143117,41.282300699342535,-247.3829044143117
35,4,1.8149952553503104,-39.74445201594323,44.334393624534535,96.66507511333238,fused,0.35152957,0.0,1.8149952553503104,-39.74445201594323,1.8149952553503104,-39.74445201594323
35,7,4.923627167020424,-28.90099805031156,54.06804863152873,13.497726885414721,fused,0.5659387,0.0,4.923627167020424,-28.900998050311557,4.923627167020424,-28.900998050311557
36,1,4.734026572180148,1.3716133545534963,23.650910801919576,4.685265502760701,fused,0.9201006,0.0,4.734026572180148,1.3716133545534965,4.734026572180148,1.3716133545534965
36,2,0.6093527230777616,4.493215173678768,58.75165186857041,67.52365680539663,fused,0.9252793,0.0,0.6093527230777616,4.493215173678768,0.6093527230777616,4.493215173678768
36,3,44.62155846312564,-270.5250081601327,53.79317601660672,1466.1990829783988,fused,0.82685584,0.0,44.62155846312564,-270.5250081601327,44.62155846312564,-270.5250081601327
36,4,1.9117256101882008,-38.44684688888993,41.04226870584223,104.64393202972,fused,0.22610681,0.0,1.9117256635732978,-38.44684796252133,1.9117256635732978,-38.44684796252133
36,7,4.884872359515807,-28.68288941502987,56.35974506120419,15.365274902259484,fused,0.65892357,0.0,4.884872546750483,-28.682890514430447,4.884872546750483,-28.682890514430447
36,8,3.241453796873148,-28.972569651624138,17.497008020553228,31.622563325341325,fused,0.4997401,0.0,3.241453796873148,-28.972569651624138,3.241453796873148,-28.972569651624138
37,1,4.759289869699071,1.4023861268942972,23.39528140730231,4.566641231972146,fused,0.9232116,0.0,4.75929002333438,1.402386172164922,4.75929002333438,1.402386172164922
37,2,0.7416344930403934,3.944387766858417,57.15380443141986,66.6123776599734,fused,0.9141504,0.0,0.7416345333372446,3.944387981177476,0.7416345333372446,3.944387981177476
37,3,46.0058778108452,-283.0453700780869,53.01273682469635,1518.224165048108,fused,0.8287648,0.0,46.005876408838425,-283.0453614524168,46.005876408838425,-283.0453614524168
37,4,1.9048188302474163,-37.26985299180083,39.93500788708534,91.75561306989465,fused,0.5944597,0.0,1.9048187897833657,-37.26985220007766,1.9048187897833657,-37.26985220007766
37,7,4.825661945196407,-28.44309828316542,62.46726835552396,15.76737726493859,fused,0.62981224,0.0,4.825661751681722,-28.443097142563932,4.825661751681722,-28.443097142563932
37,8,3.241890045969781,-28.668643927639263,13.781306143140911,30.911026660598083,fused,0.6353899,0.0,3.2418900459697806,-28.668643927639263,3.2418900459697806,-28.668643927639263
38,1,4.786893113122598,1.4432560012033273,23.066793064472844,3.8175677199674363,fused,0.9250286,0.0,4.786893113122598,1.4432560012033273,4.786893113122598,1.4432560012033273
38,2,0.8457553156828036,3.4209346439838653,60.16047617832088,64.20138861032622,fused,0.92466205,0.0,0.8457553156828036,3.4209346439838653,0.8457553156828036,3.4209346439838653
38,3,49.530797423490135,-310.15466278334935,52.030827979706416,1746.6688124155598,fused,0.8415091,0.0,49.530797423490135,-310.15466278334935,49.530797423490135,-310.15466278334935
38,4,1.8744233203292637,-36.21765468581022,39.59794772556559,87.29780899586314,fused,0.5177741,0.0,1.8744233660449665,-36.21765556913019,1.8744233660449665,-36.21765556913019
38,7,4.774244915671277,-28.204969592105464,69.33291244804884,15.420098614226974,fused,0.6752827,0.0,4.7742447371100365,-28.204968537213126,4.7742447371100365,-28.204968537213126
38,8,3.2150824878428144,-28.284897747406383,5.450235034737345,31.441069365048552,fused,0.59169775,0.0,3.2150825564595817,-28.284898351066868,3.2150825564595817,-28.284898351066868
38,11,3.717671715294904,-21.34871257712538,23.5089189944386,6.750618468312536,fused,0.3463535,0.0,3.717671715294904,-21.34871257712538,3.717671715294904,-21.34871257712538
39,1,4.754133408177644,1.4120108474372368,23.098584404744038,4.138031743521922,fused,0.926935,0.0,4.754133561030011,1.412010892835458,4.754133561030011,1.412010892835458
39,2,0.9111640460799719,2.764815658040439,56.95123589975102,61.29890324530116,fused,0.8921163,0.0,0.9111640156413358,2.764815565678127,0.9111640156413358,2.764815565678127
39,3,74.67894117705092,-466.46131300608397,51.1483147551236,3253.973342306708,fused,0.8758592,0.0,74.67894333048683,-466.4613264569246,74.67894333048683,-466.4613264569246
39,4,1.9064627678140396,-35.25279604694561,41.61742485028847,82.05960294990847,fused,0.5599348,0.0,1.9064628108101298,-35.252796841995185,1.9064628108101298,-35.252796841995185
39,7,4.786005658190657,-28.194263755207178,67.04514531045388,13.470511442527673,fused,0.6980597,0.0,4.786005831351129,-28.194264775292055,4.786005831351129,-28.194264775292055
39,8,3.2167310149755535,-28.001812082736954,4.918525304747606,30.695703421874768,fused,0.6506325,0.0,3.216731139842375,-28.001813169709177,3.216731139842375,-28.001813169709177
39,11,3.708283473097398,-21.27845628843057,20.49740130622053,6.657781436044139,fused,0.3942792,0.0,3.708283591867492,-21.2784569699438,3.708283591867492,-21.2784569699438
40,1,4.7153249018103995,1.364379665889276,23.913095102730395,4.616532227768514,fused,0.92423093,0.0,4.7153250538585665,1.3643797098844261,4.7153250538585665,1.3643797098844261
40,2,0.9837385003151876,2.1437362887659863,59.527485199868195,60.473236040764455,fused,0.91023624,0.0,0.9837385003151876,2.1437362887659863,0.9837385003151876,2.1437362887659863
40,3,240.82563553624152,-1514.8313775405707,51.015038489143784,13847.17563452357,fused,0.8748346,0.0,240.82564248880325,-1514.8314212732848,240.82564248880325,-1514.8314212732848
40,4,2.0114932331344164,-35.19709845205746,52.780691187724166,74.86612611518373,fused,0.31241244,0.0,2.0114931924808777,-35.19709774070204,2.0114931924808777,-35.19709774070204
40,7,4.768929679884671,-28.260801413495876,65.23978682274354,12.604489043647721,fused,0.601007,0.0,4.768929579681943,-28.260800819691905,4.768929579681943,-28.260800819691905
40,8,3.169000677011439,-27.76607025659399,2.107926229119077,29.690322164009817,fused,0.6734441,0.0,3.169000677011439,-27.76607025659399,3.169000677011439,-27.76607025659399
40,11,3.710772499238943,-21.250386705876412,20.575641744167736,5.8334601396935115,fused,0.44398236,0.0,3.710772499238943,-21.250386705876412,3.710772499238943,-21.250386705876412
41,1,4.732691707941189,1.3729377836483159,23.241498323081437,4.718290305344451,fused,0.9241248,0.0,4.732691860566899,1.3729378279245155,4.732691860566899,1.3729378279245155
41,2,1.0807379967471515,1.5907263935565554,57.22548502612705,56.49737814460443,fused,0.9301101,0.0,1.0807379967471515,1.5907263935565554,1.0807379967471515,1.5907263935565554
41,3,-533.3082401673335,3434.6978864806506,49.033610320848005,63788.23942750607,fused,0.88344115,0.0,-533.3082554137834,3434.6979846733007,-533.3082554137834,3434.6979846733007
41,4,2.0470811100589543,-34.99717983604293,54.7424681764781,66.20177575152205,fused,0.25475582,0.0,2.0470811607952824,-34.99718070343817,2.0470811607952824,-34.99718070343817
41,7,4.751484355960055,-28.303251407719202,61.4695262775543,12.310992703593548,fused,0.61236453,0.0,4.751484257975556,-28.303250824053197,4.751484257975556,-28.303250824053197
41,8,3.1340270259596474,-27.640469857737944,0,24.05636007534924,fused,0.71020174,0.0,3.1340270259596474,-27.640469857737944,3.1340270259596474,-27.640469857737944
41,11,3.7171458064323737,-21.227768391274672,21.47391682652882,5.21370312324042,fused,0.46654338,0.0,3.717145605205636,-21.227767242114865,3.717145605205636,-21.227767242114865
42,1,4.7230069670990575,1.3568648398220835,23.48541131534393,4.254523610543604,fused,0.9236401,0.0,4.7230069670990575,1.3568648398220837,4.7230069670990575,1.3568648398220837
42,2,1.1367486604629162,0.9740885736294712,58.1496716132455,52.997666503552786,fused,0.93174213,0.0,1.1367486604629162,0.9740885736294712,1.1367486604629162,0.9740885736294712
42,3,-87.90064835057392,569.5014549446697,49.72204258130457,92395.51908713522,fused,0.8444195,0.0,-87.90064572150538,569.5014379111394,-87.90064572150538,569.5014379111394
42,4,2.1014475239445525,-34.883950622632845,48.67491543029542,64.11075377599083,fused,0.22847064,0.0,2.10144758202049,-34.88395158669123,2.10144758202049,-34.88395158669123
42,7,4.754278842743332,-28.400009345009543,54.201679497018,12.289039613701398,fused,0.63452417,0.0,4.754279031979666,-28.40001047542571,4.754279031979666,-28.40001047542571
42,8,3.123282463314115,-27.655293481667538,0.8197690542286395,18.838508395199828,fused,0.68720955,0.0,3.123282463314115,-27.655293481667538,3.123282463314115,-27.655293481667538
42,11,3.7328699055980623,-21.242376581285676,20.958338510355645,4.7448370974209,fused,0.4499927,0.0,3.7328698008428867,-21.24237598516287,3.7328698008428867,-21.24237598516287
43,1,4.752464614214486,1.3863376733370603,23.499834341504815,4.24345638380458,fused,0.9253531,0.0,4.752464767274412,1.3863377179860494,4.752464767274412,1.3863377179860494
43,2,1.2300121067311882,0.4584702111020769,57.067218859509396,52.216191179006586,fused,0.9292983,0.0,1.2300120409876423,0.4584701865970683,1.2300120409876423,0.4584701865970683
43,3,-52.13843587715844,343.5739545626144,50.75595529147552,94404.08688214977,fused,0.8835559,0.0,-52.13843289643228,343.57393492067735,-52.13843289643228,343.57393492067735
43,4,2.121788352410322,-34.640920353451556,45.73952702283735,61.888145631119414,fused,0.1065635,0.0,2.1217884152699313,-34.64092137971543,2.1217884152699313,-34.64092137971543
43,7,4.733352272366013,-28.373905485893122,54.02476548345229,11.981174277456834,fused,0.6918053,0.0,4.733352099562304,-28.373904450027666,4.733352099562304,-28.373904450027666
43,8,3.1198891469960444,-27.403839088888216,0,20.22367706784742,fused,0.5514317,0.0,3.119889075548794,-27.403838461324586,3.119889075548794,-27.403838461324586
43,11,3.7171884045818535,-21.210483162266833,21.43837719033458,4.551558734465646,fused,0.45168027,0.0,3.7171884045818535,-21.210483162266833,3.7171884045818535,-21.210483162266833
44,1,4.808513326144871,1.4698668764488436,23.014187498971868,4.178387666012713,fused,0.9195615,0.0,4.808513326144871,1.4698668764488436,4.808513326144871,1.4698668764488436
44,2,1.3407015024969933,0.04492943116521148,56.068997128913225,51.04038681715589,fused,0.8892988,0.0,1.3407014276139881,0.044929428655741024,1.3407014276139881,0.044929428655741024
44,3,-40.7268979175843,274.1458513490389,52.02403042831907,94914.99713809011,fused,0.8656614,0.0,-40.726899105816585,274.1458593474126,-40.726899105816585,274.1458593474126
44,7,4.6790874282390735,-28.277932816280288,39.805080528062966,10.831335904838557,fused,0.48227495,0.0,4.679087305719767,-28.277932075838315,4.679087305719767,-28.277932075838315
44,8,3.129314043346126,-27.129314597953723,0.10093231525662216,21.8820049554256,fused,0.5096969,0.0,3.129314043346126,-27.129314597953723,3.129314043346126,-27.129314597953723
44,11,3.687485810334287,-21.14558327886597,19.898192317179532,4.759569362328458,fused,0.34904173,0.0,3.687485810334287,-21.14558327886597,3.687485810334287,-21.14558327886597
45,1,4.7694732673965605,1.4275907469085365,22.42814261072257,4.33775599569881,fused,0.917035,0.0,4.769473112395521,1.4275907005138853,4.769473112395521,1.4275907005138853
45,2,1.4275388042500998,-0.38496950091032694,53.24331759853299,49.54222361391406,fused,0.922225,0.0,1.4275387273636329,-0.3849694801760781,1.4275387273636329,-0.3849694801760781
45,3,-31.207809951460217,212.6578292235486,55.00847990814028,95303.38428619948,fused,0.8609162,0.0,-31.20780995146022,212.65782922354856,-31.20780995146022,212.65782922354856
45,7,4.6631894762753685,-28.22874582807283,34.29411915470527,9.133010260116151,fused,0.5425377,0.0,4.663189367735012,-28.2287451710208,4.663189367735012,-28.2287451710208
45,8,3.156426119412023,-27.04607921399565,1.4945535771121454,19.74613143209785,fused,0.47792146,0.0,3.156426202814158,-27.04607992863324,3.156426202814158,-27.04607992863324
45,11,3.6617535830656385,-21.088229430391426,15.235628802603841,5.263373273460747,fused,0.3271675,0.0,3.661753724403002,-21.08823024436066,3.661753724403002,-21.08823024436066
45,18,3.2301736312206355,-24.53938642540702,54.07130202118812,0,fused,0.42825642,0.0,3.2301737264695602,-24.539387149005943,3.2301737264695602,-24.539387149005943
46,1,4.750474329818936,1.4184141379197217,22.38156233583278,4.150601049530785,fused,0.9181903,0.0,4.750474175629579,1.418414091881295,4.750474175629579,1.418414091881295
46,2,1.476198844615735,-0.8855198300214282,57.07677827574179,48.925882707967986,fused,0.91003644,0.0,1.4761987640435856,-0.8855197816890263,1.4761987640435856,-0.8855197816890263
46,3,-23.89917972555815,165.48766501590848,58.79617949525344,95654.74782570296,fused,0.8613614,0.0,-23.899179024803974,165.48766016360085,-23.899179024803974,165.48766016360085
46,7,4.6568838865215865,-28.21622737449247,35.84958488544787,6.803246391446388,fused,0.5452673,0.0,4.656883778670614,-28.216226721019538,4.656883778670614,-28.216226721019538
46,8,3.1649098862305465,-27.017551174496713,3.645186348282673,17.004498905642834,fused,0.34029478,0.0,3.1649100036781537,-27.01755217709927,3.1649100036781537,-27.01755217709927
46,11,3.665209493064877,-21.06285764463562,9.28866727542567,5.114429183385557,fused,0.23165205,0.0,3.665209692867282,-21.06285879284001,3.665209692867282,-21.06285879284001
46,18,3.235650014336645,-24.51060386779637,52.15848522996264,2.6369023107832903,fused,0.42913508,0.0,3.235650109551698,-24.510604589066727,3.235650109551698,-24.510604589066727
47,1,4.741618222904843,1.400392021048371,22.839258447519327,3.8582241768037573,fused,0.9205134,0.0,4.741618376418331,1.4003920663871252,4.741618376418331,1.4003920663871252
47,2,1.5284119601069028,-1.343137662195796,56.363608968748686,48.19467085152988,fused,0.91953415,0.0,1.5284119601069026,-1.343137662195796,1.5284119601069026,-1.343137662195796
47,3,-18.116424114471254,127.5812801118168,59.22873543101281,95764.82222458167,fused,0.8710856,0.0,-18.116425165004276,127.58128750998473,-18.116425165004276,127.58128750998473
47,7,4.664559910686122,-28.31316225252032,40.453779238523566,5.339464945872671,fused,0.60871124,0.0,4.664559910686122,-28.31316225252032,4.664559910686122,-28.31316225252032
47,8,3.1655738521458168,-27.05020083696064,5.244790367432484,13.484249080960694,fused,0.33359915,0.0,3.1655738521458168,-27.05020083696064,3.1655738521458168,-27.05020083696064
47,11,3.6808435588750217,-21.07591517218606,7.91148293921086,3.5977389469913765,fused,0.25950795,0.0,3.6808436484331044,-21.075915684981165,3.6808436484331044,-21.075915684981165
47,18,3.251743718133047,-24.40269730317096,46.564725901066666,6.227956103150285,fused,0.50323313,0.0,3.2517435549349205,-24.402696078451292,3.2517435549349205,-24.402696078451292
48,1,4.6877905272146405,1.3068847796994236,22.997312337834035,4.484450607236427,fused,0.9200936,0.0,4.6877903753745995,1.3068847373687271,4.6877903753745995,1.3068847373687271
48,2,1.564462267197344,-1.8325949688947358,57.73417553451988,46.50878979026321,fused,0.93032247,0.0,1.564462317313953,-1.8325950276008147,1.564462317313953,-1.8325950276008147
48,3,-13.637348878442161,96.00988812728588,60.088618512788244,94500.52992879754,fused,0.85458666,0.0,-13.637348878442161,96.00988812728588,-13.637348878442161,96.00988812728588
48,7,4.758298050830841,-28.62804348713084,52.55226603192864,8.465804371786696,fused,0.7039657,0.0,4.758298221544469,-28.628044514220175,4.758298221544469,-28.628044514220175
48,8,3.2269283859047877,-27.234981582299383,0.46370064548752365,12.600349895565264,fused,0.38926587,0.0,3.2269283859047873,-27.23498158229938,3.2269283859047873,-27.23498158229938
48,11,3.712472906638214,-21.152266531725953,15.305199390025578,3.7153659894199498,fused,0.3256307,0.0,3.7124730506095482,-21.152267352020164,3.7124730506095482,-21.152267352020164
48,18,3.309489900903163,-24.46787175455015,39.20645660513941,6.764268127268552,fused,0.42701927,0.0,3.3094899009031633,-24.467871754550146,3.3094899009031633,-24.467871754550146
49,1,4.674169626614543,1.2617540790569686,23.258919849033553,4.341467918861235,fused,0.91185737,0.0,4.674169473848211,1.2617540378189396,4.674169473848211,1.2617540378189396
49,2,1.608018958817045,-2.2741498309157664,59.82456284225826,44.69271708169323,fused,0.94420254,0.0,1.608018958817045,-2.2741498309157664,1.608018958817045,-2.2741498309157664
49,3,-10.841135097546543,76.90207354871738,60.23757154733309,84079.10357563832,fused,0.87725073,0.0,-10.841134785428308,76.9020713346928,-10.841134785428308,76.9020713346928
49,7,4.889954160217115,-29.210471192933582,49.75684538074697,13.750091282437722,fused,0.61830354,0.0,4.889954060345709,-29.210470596345004,4.889954060345709,-29.210470596345004
49,8,3.2393981147590103,-27.347754202792483,0,11.329696843668541,fused,0.37790158,0.0,3.2393980065100565,-27.347753288929574,3.2393980065100565,-27.347753288929574
49,11,3.7501148416649412,-21.22972233080804,19.719577266579883,4.294749129925307,fused,0.4180344,0.0,3.7501148416649417,-21.22972233080804,3.7501148416649417,-21.22972233080804
49,18,3.3630822790428905,-24.479219073255575,27.60062532623721,6.305762644508899,fused,0.28634247,0.0,3.3630823532012006,-24.479219613039433,3.3630823532012006,-24.479219613039433
50,1,4.695199565060171,1.285847262671831,24.46621202979719,4.467661207897784,fused,0.91386884,0.0,4.695199411944266,1.2858472207388598,4.695199411944266,1.2858472207388598
50,2,1.664152880090889,-2.6640427970508336,58.86056347424835,43.01732379482768,fused,0.93020076,0.0,1.664152933408002,-2.664042882403011,1.664152933408002,-2.664042882403011
50,3,-8.44410975278733,61.644868371483604,60.55318950398958,34136.518059320726,fused,0.8917237,0.0,-8.444109513625614,61.64486662552187,-8.444109513625614,61.64486662552187
50,7,4.973987134325392,-29.626507211926373,47.421660656617505,17.535521089163055,fused,0.5412445,0.0,4.973987250376481,-29.62650790316025,4.973987250376481,-29.62650790316025
50,8,3.268009182488884,-27.43295042876081,0,10.924630183987079,fused,0.47415394,0.0,3.268009095452268,-27.432949698141325,3.268009095452268,-27.432949698141325
50,11,3.7955517364546436,-21.293922660431566,10.553531869084395,4.846281836377486,fused,0.38642454,0.0,3.7955516124184845,-21.29392196456004,3.7955516124184845,-21.29392196456004
50,18,3.3804815597355287,-24.385213253309875,17.688609944340264,6.765454282096402,fused,0.20307595,0.0,3.380481559735529,-24.38521325330987,3.380481559735529,-24.38521325330987
50,22,8.994283930795856,-4.122373891311543,12.48609516324221,0,fused,0.9176327,0.0,8.994283930795858,-4.122373891311543,8.994283930795858,-4.122373891311543
51,1,4.682798313653711,1.2685111212809026,25.753263331167382,4.493159788911717,fused,0.9179604,0.0,4.682798465684507,1.2685111624641319,4.682798465684507,1.2685111624641319
51,2,1.7108639298055257,-3.0410644953103736,58.88002757844223,40.62460302598389,fused,0.9428449,0.0,1.710863983884108,-3.0410645914351755,1.710863983884108,-3.0410645914351755
51,3,-7.1080661460145755,52.71501236490866,61.34034138361829,5230.709926874124,fused,0.8690962,0.0,-7.108065939451957,52.715010832993954,-7.108065939451957,52.715010832993954
51,7,5.004951447241655,-29.862193534344215,43.28166477875976,18.944654816373454,fused,0.55291396,0.0,5.004951332932658,-29.862192852316138,5.004951332932658,-29.862192852316138
51,8,3.3072691985275604,-27.45846272842975,0,11.209761639741904,fused,0.4352096,0.0,3.3072693904559096,-27.458464321906757,3.3072693904559096,-27.458464321906757
51,22,8.740846839760016,-4.107105448811324,0,22.850694169710444,fused,0.8861548,0.0,8.740846839760016,-4.107105448811324,8.740846839760016,-4.107105448811324
52,1,4.692020315220311,1.278263884612119,25.43425887430675,4.210682679550796,fused,0.91847056,0.0,4.692020162974705,1.278263843135304,4.692020162974705,1.278263843135304
52,2,1.781165576245423,-3.3980426427047457,59.30812875298332,39.02309962192323,fused,0.93770254,0.0,1.7811655196359257,-3.3980425347072143,1.7811655196359257,-3.3980425347072143
52,3,-6.08425312145114,46.137404629938054,61.87151991725873,3009.874009993186,fused,0.87598616,0.0,-6.084252946031533,46.137403299716375,-6.084252946031533,46.137403299716375
52,7,5.014085427000166,-30.01135974875493,37.90649488226936,20.104546559900747,fused,0.59934914,0.0,5.014085638290622,-30.01136101341505,5.014085638290622,-30.01136101341505
52,8,3.316305982541866,-27.404767650340904,0,9.239490817201284,fused,0.27315992,0.0,3.316305982541866,-27.4047676503409,3.316305982541866,-27.4047676503409
52,22,8.68620216467678,-3.9535926034348874,0,18.75803242354985,fused,0.81596375,0.0,8.68620248193226,-3.9535927478361907,8.68620248193226,-3.9535927478361907
53,1,4.714696324769569,1.2921560183966194,25.1347063429206,3.4707018269140457,fused,0.9206261,0.0,4.714696324769569,1.2921560183966194,4.714696324769569,1.2921560183966194
53,2,1.8540077903625634,-3.763033127367265,55.87336296058346,38.46399884571853,fused,0.9391048,0.0,1.8540077315259602,-3.763033007948087,1.8540077315259602,-3.763033007948087
53,3,-5.221947379089569,41.54297942548243,61.78032439440183,2353.0236585604735,fused,0.90109324,0.0,-5.221947086363844,41.54297709671542,-5.221947086363844,41.54297709671542
53,7,5.017424361395604,-30.223127841959855,28.822936509228363,21.11997418616249,fused,0.6326888,0.0,5.017424161105819,-30.223126635487503,5.017424161105819,-30.223126635487503
53,22,8.607639721865999,-3.8383274787250956,0,16.69012444749848,fused,0.83880246,0.0,8.60764002769203,-3.8383276150993515,8.60764002769203,-3.8383276150993515
54,1,4.695551996648309,1.279233404979889,25.084407924009692,3.1262304323152086,fused,0.9213094,0.0,4.695551844757579,1.2792333635995154,4.695551844757579,1.2792333635995154
54,2,1.87607327615026,-4.12791827750691,56.8846660385797,37.73370015101335,fused,0.93679947,0.0,1.8760732164668974,-4.12791814618579,1.8760732164668974,-4.12791814618579
54,3,-4.512366103459082,36.853046933659186,63.78621290983755,1778.2517980574812,fused,0.8937349,0.0,-4.512365975943367,36.85304589222271,-4.512365975943367,36.85304589222271
54,7,5.068183286853579,-30.598992256252906,22.93685819651603,24.39581333475443,fused,0.60118115,0.0,5.068183073934269,-30.598990970759473,5.068183073934269,-30.598990970759473
54,22,8.451987691737383,-3.765926758044595,0,16.38009165754538,fused,0.8285801,0.0,8.451987387736747,-3.7659266225919454,8.451987387736747,-3.7659266225919454
55,1,4.665949875100141,1.2404954286679823,24.022196467589037,3.4027762599510183,fused,0.9231225,0.0,4.665949875100141,1.2404954286679823,4.665949875100141,1.2404954286679823
55,2,1.8894959901354083,-4.494671405090654,60.85798714713591,36.37458724296428,fused,0.9375598,0.0,1.8894960501970361,-4.494671547963295,1.8894960501970361,-4.494671547963295
55,3,-3.8957877383389796,32.67002836730704,63.78916691870967,1343.2038377969884,fused,0.8907464,0.0,-3.8957875174168084,32.67002651465641,-3.8957875174168084,32.67002651465641
55,7,5.2051841759905955,-31.39074482730367,19.159045323691704,32.29082606513017,fused,0.37348735,0.0,5.205183999996421,-31.39074376594099,5.205183999996421,-31.39074376594099
55,22,8.496133008359877,-3.568331778755681,0,16.748465934090937,fused,0.8731768,0.0,8.496132718379105,-3.5683316569652614,8.496132718379105,-3.5683316569652614
56,1,4.623486395954676,1.1540780796858228,23.698577117856306,4.1648368377912925,fused,0.9188196,0.0,4.623486395954677,1.1540780796858225,4.623486395954677,1.1540780796858225
56,2,1.9265094930857403,-4.8250483625956955,60.56237577423169,35.093157073783175,fused,0.9169104,0.0,1.9265094304684391,-4.825048205767241,1.9265094304684391,-4.825048205767241
56,3,-3.3161790774463245,28.661145503878032,63.90393220075466,1000.2601204754238,fused,0.89053255,0.0,-3.3161789833968776,28.661144691025402,-3.3161789833968776,28.661144691025402
56,7,5.306156900946345,-31.922659536237653,21.885049835810886,36.73257938839541,fused,0.45952457,0.0,5.30615719258119,-31.922661290757926,5.30615719258119,-31.922661290757926
56,22,8.92927234771734,-3.1319808501246102,0,23.17945482518557,fused,0.8324902,0.0,8.92927234771734,-3.1319808501246107,8.92927234771734,-3.1319808501246107
57,1,4.55549570318457,1.0452036239032618,23.809734603619898,4.369504595986338,fused,0.9173098,0.0,4.555495555181842,1.0452035899458183,4.555495555181842,1.0452035899458183
57,2,1.936267639703743,-5.171166199938458,63.78176922450065,33.647879447544966,fused,0.921383,0.0,1.936267639703743,-5.171166199938458,1.936267639703743,-5.171166199938458
57,3,-2.8478284155792495,25.222908001568598,55.38154679654412,716.0846659489011,fused,0.896908,0.0,-2.847828335386699,25.222907291311856,-2.847828335386699,25.222907291311856
57,7,5.415450621303814,-32.476855400184796,25.583925822613367,39.09590272441655,fused,0.40495402,0.0,5.415450621303814,-32.476855400184796,5.415450621303814,-32.476855400184796
57,22,9.269696327785555,-2.595575311989413,0,28.036381549179335,fused,0.84285694,0.0,9.269696655549916,-2.5955754037655683,9.269696655549916,-2.5955754037655683
58,1,4.53117986658313,0.9732201815224979,23.377099928396966,4.657885301726505,fused,0.9216306,0.0,4.53117972006057,0.97322015005195,4.53117972006057,0.97322015005195
58,2,1.9625328242197735,-5.5352876508228395,63.370670373412516,32.86157498221184,fused,0.91526043,0.0,1.9625328242197735,-5.5352876508228395,1.9625328242197735,-5.5352876508228395
58,3,-2.4142016815213814,22.744473334503006,51.53070736854639,548.1322096581919,fused,0.88718563,0.0,-2.414201750248337,22.74447398198761,-2.414201750248337,22.74447398198761
58,7,5.595908277139896,-33.288645163896994,30.272327561369735,41.44073129304154,fused,0.36401153,0.0,5.595908277139896,-33.288645163896994,5.595908277139896,-33.288645163896994
58,22,9.331712050666496,-2.061130056664198,0,30.58468599145079,fused,0.8488229,0.0,9.331711723028418,-2.0611299842975535,9.331711723028418,-2.0611299842975535
59,1,4.550750971349919,0.9713120959363685,23.453993771879926,4.534721259552168,fused,0.92111325,0.0,4.550750824111842,0.9713120645098798,4.550750824111842,0.9713120645098798
59,2,2.0219141094152353,-5.867483105409233,63.95517310020609,32.29705428510477,fused,0.9204659,0.0,2.021914043950845,-5.867482915435186,2.021914043950845,-5.867482915435186
59,3,-2.08012411465743,20.884975451922802,51.31486094562226,412.58137694071104,fused,0.87467724,0.0,-2.080124054594086,20.884974848871543,-2.080124054594086,20.884974848871543
59,7,5.565167032826286,-33.538130815432694,23.099246423777522,39.71007715730486,fused,0.27457398,0.0,5.5651669048507575,-33.53813004419617,5.5651669048507575,-33.53813004419617
59,22,9.408240658451334,-1.4814999583729382,0,33.03299065279091,fused,0.88884926,0.0,9.408240658451334,-1.4814999583729382,9.408240658451334,-1.4814999583729382
60,1,4.554695140880316,0.9773934833109946,23.948380532742668,4.394054718455845,fused,0.91860306,0.0,4.554695140880315,0.9773934833109946,4.554695140880315,0.9773934833109946
60,2,2.0998880578501495,-6.102493412777931,62.2357357037542,30.974092408896656,fused,0.8019102,0.0,2.0998881358907293,-6.102493639571983,2.0998881358907293,-6.102493639571983
60,3,-1.8077135299016054,18.725561218755665,53.68629737185174,344.0541725083209,fused,0.8928683,0.0,-1.8077134787675426,18.725560689073273,-1.8077134787675426,18.725560689073273
60,7,5.545817784302697,-33.67391641309241,24.138687274191877,38.70453349132934,fused,0.33790672,0.0,5.545817991558565,-33.67391767153923,5.545817991558565,-33.67391767153923
60,22,9.253189973805192,-0.970197041507949,0,35.83697688530125,fused,0.8983196,0.0,9.253190280785605,-0.9701970736948478,9.253190280785605,-0.9701970736948478
60,32,4.038280682606392,-22.211124246446975,44.65862056167284,0,fused,0.43346488,0.0,4.038280682606392,-22.211124246446975,4.038280682606392,-22.211124246446975
61,1,4.562603118729602,0.9954595026616516,24.215259951813007,4.457040218840287,fused,0.9173982,0.0,4.5626032669489405,0.9954595349998463,4.5626032669489405,0.9954595349998463
61,2,2.0439159317399516,-6.306748805270121,70.35266056866493,29.453601084683914,fused,0.22279699,0.0,2.043916000090784,-6.306749016174848,2.043916000090784,-6.306749016174848
61,3,-1.5442532216919564,17.2291945010853,53.008833048683954,292.6799045325754,fused,0.88455284,0.0,-1.544253309876569,17.22919548495881,-1.544253309876569,17.22919548495881
61,7,5.548511827281054,-33.87743199053195,29.91616640872531,39.2454115117498,fused,0.37472463,0.0,5.548511827281054,-33.87743199053195,5.548511827281054,-33.87743199053195
61,22,9.224843067070314,-0.44904275907593205,0,39.42673768685594,fused,0.87310386,0.0,9.224843067070314,-0.44904275907593205,9.224843067070314,-0.44904275907593205
61,32,4.054005472988788,-22.23761776640106,44.55462449718794,2.7727824689712777,fused,0.4342644,0.0,4.054005708763996,-22.23761905970937,4.054005708763996,-22.23761905970937
62,1,4.575413233905161,1.0152976898882504,24.208236464042066,4.427255969997336,fused,0.9208263,0.0,4.575413233905161,1.0152976898882504,4.575413233905161,1.0152976898882504
62,2,2.273705575822179,-6.219407729779172,42.97195013177494,28.190006158094434,fused,0.8950865,0.0,2.273705651526256,-6.219407936857225,2.273705651526256,-6.219407936857225
62,3,-1.3111127870231811,15.973730030362287,55.59724063690524,258.7027271770159,fused,0.8860984,0.0,-1.3111127870231811,15.973730030362285,-1.3111127870231811,15.973730030362285
62,7,5.507195390189584,-33.81651224875389,30.96515463713971,37.863555879937685,fused,0.5227474,0.0,5.507195124112975,-33.81651061493081,5.507195124112975,-33.81651061493081
62,22,9.297847467573064,0.14063352883830027,0,43.973596803998305,fused,0.8579545,0.0,9.297847790547555,0.14063353372341403,9.297847790547555,0.14063353372341403
62,32,4.0375380256527285,-22.214360304796525,46.89109428049099,2.6687620243337875,fused,0.47279838,0.0,4.03753813349245,-22.214360898126024,4.03753813349245,-22.214360898126024
63,1,4.541463324018192,0.9908449432639029,26.01220335970868,4.614673683835161,fused,0.92693514,0.0,4.541463324018192,0.9908449432639029,4.541463324018192,0.9908449432639029
63,2,2.3595560413892134,-6.328362391834541,32.429810625110974,25.921623465121506,fused,0.58888847,0.0,2.3595559816832994,-6.328362231702443,2.3595559816832994,-6.328362231702443
63,3,-1.102323790829661,14.556125722163165,56.07252247156642,225.5986190233735,fused,0.8927753,0.0,-1.102323754032263,14.556125236255525,-1.102323754032263,14.556125236255525
63,7,5.544994588685621,-33.95999783908509,31.731243626774624,35.5546017721874,fused,0.5948067,0.0,5.544994824132759,-33.95999928106743,5.544994824132759,-33.95999928106743
63,22,9.144486654224568,0.6180400245726605,0,47.27127531926228,fused,0.8578891,0.0,9.144486654224568,0.6180400245726605,9.144486654224568,0.6180400245726605
63,32,4.036849800805377,-22.238227952541898,48.76293915026178,2.495501728381645,fused,0.5184064,0.0,4.036849997476374,-22.238229035964533,4.036849997476374,-22.238229035964533
64,1,4.5146069055892175,0.972385979754932,28.110993249268276,4.453020885140613,fused,0.9242362,0.0,4.5146069055892175,0.972385979754932,4.5146069055892175,0.972385979754932
64,2,2.4649836369734572,-6.445463834069272,19.53549208678274,23.827318357292818,fused,0.52474374,0.0,2.4649835669752567,-6.445463651037277,2.4649835669752567,-6.445463651037277
64,3,-0.8830579963133487,13.015134794358076,57.61726862652345,198.8815788349632,fused,0.89519083,0.0,-0.8830579963133488,13.015134794358076,-0.8830579963133488,13.015134794358076
64,7,5.604131060351351,-34.24747223972269,32.802234303990446,30.45435924786747,fused,0.68301326,0.0,5.604130853123925,-34.247470973332696,5.604130853123925,-34.247470973332696
64,22,9.21620037301483,1.3143001272138042,0,52.24604836499746,fused,0.84829557,0.0,9.21620037301483,1.3143001272138042,9.21620037301483,1.3143001272138042
64,32,4.049155780530047,-22.28063889896122,49.38547375345246,2.8652313692607305,fused,0.5038174,0.0,4.049155882021492,-22.28063945742189,4.049155882021492,-22.28063945742189
65,1,4.507673031935016,0.969058844884815,29.355832707372443,3.567063113341066,fused,0.92191213,0.0,4.507673031935016,0.9690588448848149,4.507673031935016,0.9690588448848149
65,3,-0.6523739390385145,11.853550058631534,53.33819057340625,170.21860995018855,fused,0.9048818,0.0,-0.6523739390385145,11.853550058631534,-0.6523739390385145,11.853550058631534
65,7,5.622588565977372,-34.52893891822899,36.26617522980597,27.860934825842648,fused,0.7778101,0.0,5.622588383406785,-34.5289377970428,5.622588383406785,-34.5289377970428
65,22,9.25824681391055,1.9043373377749724,0,52.013116198548666,fused,0.8613176,0.0,9.25824681391055,1.9043373377749724,9.25824681391055,1.9043373377749724
65,32,4.068479921956579,-22.31419678751823,45.752140682618304,2.9892185248177015,fused,0.49720615,0.0,4.068480025288325,-22.314197354256905,4.068480025288325,-22.314197354256905
65,8,3.708518916020812,-27.481983805774906,24.52842621439728,6.800122032627187,fused,0.41102582,0.0,3.7085190299590445,-27.481984650114317,3.7085190299590445,-27.481984650114317
66,1,4.489294946661454,0.9478708196445563,27.486457947472076,2.56393884621667,fused,0.915055,0.0,4.489294946661454,0.9478708196445563,4.489294946661454,0.9478708196445563
66,3,-0.467737324967379,10.64283207145983,47.8068298939858,147.76586931238356,fused,0.91892654,0.0,-0.467737324967379,10.64283207145983,-0.467737324967379,10.64283207145983
66,7,5.634610665556003,-34.707990016612776,38.63906089665594,24.006776798376297,fused,0.80324715,0.0,5.634610665556003,-34.707990016612776,5.634610665556003,-34.707990016612776
66,22,9.267503671977707,2.498496032613517,0,51.602319547161855,fused,0.9037811,0.0,9.267503671977707,2.498496032613517,9.267503671977707,2.498496032613517
66,32,4.092944978004824,-22.33567342751242,41.22440804031219,2.979330532751488,fused,0.45670006,0.0,4.092945091177851,-22.3356740451107,4.092945091177851,-22.3356740451107
66,8,3.7236628762769897,-27.36543729348404,19.442577331716876,7.099988242623567,fused,0.5086724,0.0,3.7236627838347895,-27.36543661412038,3.7236627838347895,-27.36543661412038
67,1,4.506641601867973,0.9501874269181249,25.75351800793593,1.9791510122711828,fused,0.9092583,0.0,4.506641749579994,0.9501874580619605,4.506641749579994,0.9501874580619605
67,3,-0.32046738198423164,9.719108336717541,50.313779602693906,131.95894295710178,fused,0.9013844,0.0,-0.32046739257979084,9.719108658058786,-0.32046739257979084,9.719108658058786
67,7,5.648010230602359,-34.847661921735025,42.4457527901169,17.09385436314213,fused,0.80569005,0.0,5.648010053552505,-34.847660829355014,5.648010053552505,-34.847660829355014
67,22,9.072197545490862,2.8413591161836287,0,50.167885110328164,fused,0.88520753,0.0,9.072197240056784,2.841359020523465,9.072197240056784,2.841359020523465
67,32,4.09420409874521,-22.324363383275667,38.47251574597826,2.700025089522714,fused,0.4598949,0.0,4.094203873902412,-22.32436215728102,4.094203873902412,-22.32436215728102
67,8,3.720165592294104,-27.357342059192835,20.366042681463984,6.890544191318338,fused,0.5530841,0.0,3.720165762172909,-27.35734330844706,3.720165762172909,-27.35734330844706
68,1,4.551394362089233,0.9774401735649362,25.268456561710735,2.306489285568826,fused,0.91273504,0.0,4.551394510699851,0.9774402054799879,4.551394510699851,0.9774402054799879
68,3,-0.12528935108028585,8.751422741286484,56.3156170453982,122.93797211108505,fused,0.89937043,0.0,-0.12528935108028585,8.751422741286484,-0.12528935108028585,8.751422741286484
68,7,5.5796171756502595,-34.65139647745341,38.995580204561094,16.65853621862017,fused,0.84970254,0.0,5.5796171756502595,-34.65139647745342,5.5796171756502595,-34.65139647745342
68,22,9.287792276495084,3.582457710426709,0,52.0394956228136,fused,0.89975804,0.0,9.287792276495084,3.582457710426709,9.287792276495084,3.582457710426709
68,32,4.058122030482231,-22.238684121600482,41.93893064092745,3.408400004031934,fused,0.4565015,0.0,4.058121918223282,-22.238683506416592,4.058121918223282,-22.238683506416592
68,8,3.6673852689106705,-27.02077729261514,21.177308686354525,9.970761601729969,fused,0.58178717,0.0,3.667385189307474,-27.020776706110013,3.667385189307474,-27.020776706110013
69,1,4.550499600168449,0.9871441819942345,24.515168882069123,2.331456700504758,fused,0.90788907,0.0,4.550499749542923,0.9871442143981802,4.550499749542923,0.9871442143981802
69,3,0.012737032621047853,8.079049067643112,54.849617571826435,108.03663138392956,fused,0.89590716,0.0,0.012737033044744783,8.079049336392387,0.012737033044744783,8.079049336392387
69,7,5.536596900343811,-34.50686175081196,36.48068181907221,16.794976301572696,fused,0.84765255,0.0,5.536596735378305,-34.506860722663795,5.536596735378305,-34.506860722663795
69,22,9.437262688161512,4.375902959531199,0,54.77055580201796,fused,0.906525,0.0,9.437262688161512,4.375902959531199,9.437262688161512,4.375902959531199
69,32,4.02240749315312,-22.14488899184417,42.21769717374088,4.0333349726542815,fused,0.45532733,0.0,4.022407381595187,-22.144888377675155,4.022407381595187,-22.144888377675155
69,8,3.645581356955666,-26.897282696436555,19.495310514272635,9.277802625354951,fused,0.56820375,0.0,3.645581437977265,-26.897283294217992,3.645581437977265,-26.897283294217992
70,1,4.56424706680441,1.0208190405420947,23.920936407054846,2.4979760197567664,fused,0.9041954,0.0,4.564247066804411,1.0208190405420947,4.564247066804411,1.0208190405420947
70,3,0.16075675293340283,7.255543214148315,51.713197785244155,101.2098303396876,fused,0.87872577,0.0,0.16075675293340283,7.255543214148315,0.16075675293340283,7.255543214148315
70,7,5.535742756242353,-34.47704656342095,38.94919112068334,15.057916418872972,fused,0.82299143,0.0,5.535742926124854,-34.47704762146268,5.535742926124854,-34.47704762146268
70,22,9.585497584875068,5.275052369525008,0,58.6641752530836,fused,0.90880084,0.0,9.585497270537681,5.275052196540126,9.585497270537681,5.275052196540126
70,8,3.626972093114393,-26.836009780096102,20.16298512020957,8.783568350042973,fused,0.5681038,0.0,3.626972254358767,-26.836010973145147,3.626972254358767,-26.836010973145147
71,1,4.582529919214079,1.0625321496807096,24.951994121930486,2.7172682293991435,fused,0.90879977,0.0,4.582530069489229,1.0625321845243834,4.582530069489229,1.0625321845243834
71,3,0.3263620654327226,6.4790612366714715,51.69158404492625,96.38000336334744,fused,0.90643096,0.0,0.3263620654327226,6.4790612366714715,0.3263620654327226,6.4790612366714715
71,7,5.462542355336083,-34.130459239614986,38.24815911714849,17.86415866525461,fused,0.76767325,0.0,5.462542355336083,-34.130459239614986,5.462542355336083,-34.130459239614986
71,22,9.555639102174602,6.021534070082898,0,60.19317912826354,fused,0.9226869,0.0,9.555639410816893,6.021534264575391,9.555639410816893,6.021534264575391
71,8,3.623849368397943,-26.642670439732157,38.12413000479086,9.81849315706212,fused,0.4257376,0.0,3.6238494758874835,-26.642671229999113,3.6238494758874835,-26.642671229999113
72,1,4.564153151738994,1.0693684703074846,25.777328701246145,2.4949461270563447,fused,0.910387,0.0,4.5641530023274015,1.0693684353007615,4.5641530023274015,1.0693684353007615
72,3,0.4179526007118603,5.895312468036681,54.612585085478216,87.95993373309503,fused,0.9061508,0.0,0.4179526007118603,5.895312468036681,0.4179526007118603,5.895312468036681
72,7,5.426660007494258,-33.96611095517763,35.279954626144956,18.062547590224487,fused,0.77049136,0.0,5.426660185376623,-33.966112068564534,5.426660185376623,-33.966112068564534
72,22,9.767942591366426,7.074791903435641,0,65.92325107946944,fused,0.91435075,0.0,9.76794290974244,7.074792134031185,9.76794290974244,7.074792134031185
72,8,3.6080212397511975,-26.55489844304168,46.53630169918986,10.242158399505747,fused,0.36577713,0.0,3.6080211151877326,-26.55489752625934,3.6080211151877326,-26.55489752625934
73,1,4.5661415525169815,1.0746815138556687,25.686962923113942,2.225791959261959,fused,0.90922606,0.0,4.5661415525169815,1.0746815138556687,4.5661415525169815,1.0746815138556687
73,3,0.5050645073734233,5.2901071289887485,53.66088431393148,78.50923622811122,fused,0.9176343,0.0,0.5050645073734233,5.2901071289887485,0.5050645073734233,5.2901071289887485
73,7,5.4022325018233905,-33.993162040171676,32.85832957306091,15.492089896177589,fused,0.78747344,0.0,5.4022326750862275,-33.9931631304157,5.4022326750862275,-33.9931631304157
73,22,9.863969070978081,7.955114516587692,0,67.77926005889249,fused,0.8879744,0.0,9.863968739922159,7.955114249597017,9.863968739922159,7.955114249597017
73,8,3.634098715704009,-26.53640014618813,47.70679721483884,10.01737837066896,fused,0.51669854,0.0,3.6340986268867033,-26.536399497638996,3.6340986268867033,-26.536399497638996
74,1,4.613173155750629,1.1177102938204675,23.551191294706605,2.786335713933127,fused,0.90772843,0.0,4.613173004292039,1.117710257124072,4.613173004292039,1.117710257124072
74,3,0.6356448018049855,4.685191200448299,50.12102780856165,72.85503460127342,fused,0.92910236,0.0,0.6356448018049855,4.685191200448299,0.6356448018049855,4.685191200448299
74,7,5.354746900374718,-34.00816339786136,26.613930543528348,13.169366001658842,fused,0.800196,0.0,5.354746731365395,-34.008162324477915,5.354746731365395,-34.008162324477915
74,22,9.97392251000678,8.83849823043062,0,70.76592847300428,fused,0.93004066,0.0,9.97392282961221,8.838498513652395,9.97392282961221,8.838498513652395
74,8,3.657577580305763,-26.497459258378875,41.44622816160341,10.1645990349695,fused,0.6288606,0.0,3.657577727200847,-26.497460322565875,3.657577727200847,-26.497460322565875
75,1,4.634387517318169,1.143353241591951,20.78634629091015,2.838664142557314,fused,0.9126712,0.0,4.634387668649224,1.1433532789269498,4.634387668649224,1.1433532789269498
75,3,0.7667194971484312,3.978369671975715,51.17569672037284,67.79659893719497,fused,0.9077506,0.0,0.7667194971484312,3.978369671975715,0.7667194971484312,3.978369671975715
75,7,5.30927522378127,-33.96396048333559,19.177048124273217,12.008982111546068,fused,0.7877523,0.0,5.30927522378127,-33.96396048333559,5.30927522378127,-33.96396048333559
75,22,10.004013462519474,9.768511464989734,0,74.12861956620267,fused,0.9086463,0.0,10.004013462519476,9.768511464989734,10.004013462519476,9.768511464989734
75,8,3.666317366138763,-26.427318764327925,36.37369491676453,9.696165154666808,fused,0.6745991,0.0,3.666317503401403,-26.427319753735873,3.666317503401403,-26.427319753735873
76,1,4.673713724022277,1.1973004119280433,21.779390747733054,3.3312538023729346,fused,0.9197783,0.0,4.673713875458248,1.1973004507225355,4.673713875458248,1.1973004507225355
76,3,0.8542474103418299,3.4591643196279014,49.58610088682329,63.708015665431944,fused,0.91080105,0.0,0.8542474103418299,3.4591643196279014,0.8542474103418299,3.4591643196279014
76,7,5.273111238853623,-33.929723340524724,12.461963971692398,11.103847843597716,fused,0.803235,0.0,5.273111238853623,-33.92972334052473,5.273111238853623,-33.92972334052473
76,22,10.285797663158005,11.194389549717721,0,84.71728827983763,fused,0.93266666,0.0,10.285797663158004,11.194389549717721,10.285797663158004,11.194389549717721
76,8,3.617655237386747,-26.29672400367284,35.617286892450345,11.001645391665223,fused,0.7104958,0.0,3.6176551087888766,-26.296723068895343,3.6176551087888766,-26.296723068895343
77,1,4.727556048042445,1.281281067571003,22.988653513624996,3.8048609382575895,fused,0.9165162,0.0,4.727556048042445,1.281281067571003,4.727556048042445,1.281281067571003
77,3,0.9653758249588389,2.994005374056798,45.748814139540755,58.61878174245818,fused,0.8812806,0.0,0.9653758249588389,2.994005374056798,0.9653758249588389,2.994005374056798
77,7,5.183401782241466,-33.52098028300167,5.254457917803383,13.21015968669468,fused,0.789931,0.0,5.183401616514254,-33.52097921124632,5.183401616514254,-33.52097921124632
77,22,10.795752364133897,13.015477256783484,0,95.91048453559006,fused,0.92701685,0.0,10.795752364133897,13.015477256783484,10.795752364133897,13.015477256783484
77,8,3.487076506019613,-25.875809802655578,31.64874921039759,12.001898792200263,fused,0.7145179,0.0,3.4870766292779907,-25.875810717292904,3.4870766292779907,-25.875810717292904
78,1,4.733297886763062,1.316134004092009,23.590224946339653,4.0606366084398156,fused,0.91735125,0.0,4.733298040535411,1.3161340468497273,4.733298040535411,1.3161340468497273
78,3,1.0526732071581726,2.436979399883671,47.66464790771472,57.39308629292265,fused,0.9172517,0.0,1.0526732071581726,2.436979399883671,1.0526732071581726,2.436979399883671
78,7,5.125501552722096,-33.2069209322172,4.823864719755131,14.89566690839785,fused,0.7650989,0.0,5.125501552722096,-33.2069209322172,5.125501552722096,-33.2069209322172
78,22,11.073161673751086,14.229408953852753,0,100.28872527547642,fused,0.9037489,0.0,11.073162292653109,14.229409749163995,11.073162292653109,14.229409749163995
78,8,3.4864646090346683,-25.510601169837987,26.781925602473315,14.39994376159688,fused,0.75542325,0.0,3.486464492471048,-25.510600316937314,3.486464492471048,-25.510600316937314
79,1,4.7331946807410095,1.3491060147466547,22.928088418027965,4.02662918137795,fused,0.91938394,0.0,4.7331948341700425,1.3491060584786465,4.7331948341700425,1.3491060584786465
79,3,1.1417207510282552,1.9248286864841384,45.9168655569929,54.2244015228706,fused,0.92920005,0.0,1.1417207510282552,1.9248286864841382,1.1417207510282552,1.9248286864841382
79,7,5.088628623239548,-32.983802008587546,13.879738866083942,16.858845055480273,fused,0.7878445,0.0,5.088628786367472,-32.98380306596067,5.088628786367472,-32.98380306596067
79,22,11.24463382646587,15.545014014393043,0,104.4431853263591,fused,0.9070514,0.0,11.244633200268108,15.54501314871319,11.244633200268108,15.54501314871319
79,8,3.465148447790751,-25.34356360158806,25.1625316469827,15.443500482177292,fused,0.7113272,0.0,3.465148447790751,-25.34356360158806,3.465148447790751,-25.34356360158806
80,1,4.748221225910083,1.384531791714508,23.22385566624426,3.955999652669626,fused,0.9194436,0.0,4.748221225910083,1.3845317917145077,4.748221225910083,1.3845317917145077
80,3,1.2279732991241326,1.4195568959543796,48.626522787669494,51.410755078470565,fused,0.93414515,0.0,1.2279732338301077,1.4195568204734361,1.2279732338301077,1.4195568204734361
80,7,5.045111004632673,-32.778350901773045,19.133565537595057,15.4166081188011,fused,0.81669384,0.0,5.0451108486129215,-32.77834988810453,5.0451108486129215,-32.77834988810453
80,22,11.776255520388846,17.630223060737972,0,118.49150322081164,fused,0.90252084,0.0,11.776254861293761,17.63022207400723,11.776254861293761,17.63022207400723
80,8,3.436419252496822,-25.16816696534114,25.326397790459648,15.287194121046717,fused,0.5584701,0.0,3.436419174792642,-25.16816639623952,3.436419174792642,-25.16816639623952
81,1,4.726673283950591,1.3808848689089852,25.25704844226982,3.9784717996394527,fused,0.92384964,0.0,4.726673131473565,1.3808848243632326,4.726673131473565,1.3808848243632326
81,3,1.2937541506563577,0.8287247808509729,50.50929456848117,51.44667843110608,fused,0.9130066,0.0,1.2937542210408026,0.8287248259363036,1.2937542210408026,0.8287248259363036
81,7,5.040417546643475,-32.774953749734486,22.555279558285292,13.792349032368195,fused,0.8402736,0.0,5.040417546643474,-32.77495374973448,5.040417546643474,-32.77495374973448
81,22,12.007475819556264,19.37472502175099,0,125.3446716641551,fused,0.8912688,0.0,12.007476500076603,19.37472611980812,12.007476500076603,19.37472611980812
81,8,3.358814832706744,-24.853332723688286,39.10164556825561,17.637893556671386,fused,0.4366607,0.0,3.3588149298427017,-24.85333344243951,3.3588149298427017,-24.85333344243951
82,1,4.726739368670562,1.3792833235255473,25.72925078448784,3.93777155146776,fused,0.92454976,0.0,4.726739368670562,1.3792833235255473,4.726739368670562,1.3792833235255473
82,3,1.3589766787749504,0.26439824483939267,54.5717113624621,51.01308405255692,fused,0.89735913,0.0,1.3589767539968924,0.264398259474338,1.3589767539968924,0.264398259474338
82,7,5.031303337207935,-32.93559518080543,19.640670812543853,15.03686576806868,fused,0.8120188,0.0,5.031303337207935,-32.93559518080543,5.031303337207935,-32.93559518080543
82,22,12.23324400867256,20.958706124589778,0,132.48912523291494,fused,0.9187581,0.0,12.233244344958386,20.95870670073424,12.233244344958386,20.95870670073424
82,8,3.3260902840279845,-24.762449057061158,45.59665647764288,18.284128928668977,fused,0.4419417,0.0,3.3260903790681424,-24.762449764626762,3.3260903790681424,-24.762449764626762
83,1,4.744228721498565,1.3915079506182746,24.900175675993268,3.513701824792094,fused,0.92193806,0.0,4.744228721498565,1.3915079506182746,4.744228721498565,1.3915079506182746
83,3,1.4648092751262851,-0.23666832284603803,49.286898595806505,49.94580392094811,fused,0.89013547,0.0,1.4648092751262851,-0.236668322846038,1.4648092751262851,-0.236668322846038
83,7,5.007866085996771,-33.03962862029805,16.98737019365702,15.605285556757662,fused,0.78997463,0.0,5.007865925890729,-33.039627563991026,5.007865925890729,-33.039627563991026
83,22,12.724139685393126,23.214818843387054,0,146.67613096393518,fused,0.8988897,0.0,12.724139685393126,23.214818843387054,12.724139685393126,23.214818843387054
83,8,3.305375482061034,-24.72453772918089,45.17439653772936,18.26143000642259,fused,0.47155884,0.0,3.3053754820610344,-24.724537729180895,3.3053754820610344,-24.724537729180895
84,1,4.743610837401713,1.3803320094518639,24.951061541534777,3.292824172517148,fused,0.9220636,0.0,4.743610837401713,1.3803320094518636,4.743610837401713,1.3803320094518636
84,3,1.5198431851535308,-0.6737038703292998,53.19981555921116,47.1619519024529,fused,0.90142727,0.0,1.5198431851535308,-0.6737038703292998,1.5198431851535308,-0.6737038703292998
84,7,5.008738756888933,-33.48285566236259,14.975647657736594,19.4034059900772,fused,0.70559055,0.0,5.008738756888933,-33.48285566236259,5.008738756888933,-33.48285566236259
84,22,12.954432304251522,25.04189789628823,0,155.78648566749067,fused,0.88565886,0.0,12.954432304251522,25.04189789628823,12.954432304251522,25.04189789628823
84,8,3.381913865232585,-24.98613462651489,24.3901530795323,20.280239632752092,fused,0.44100055,0.0,3.3819136715495803,-24.986133195553062,3.3819136715495803,-24.986133195553062
85,1,4.7443622071432126,1.3573921074888669,23.25531849966488,2.854749946066149,fused,0.923745,0.0,4.7443622071432126,1.3573921074888666,4.7443622071432126,1.3573921074888666
85,3,1.6026602177325506,-1.0828170787604146,50.8229806783138,46.070751744739525,fused,0.90940017,0.0,1.6026602177325506,-1.0828170787604146,1.6026602177325506,-1.0828170787604146
85,7,4.954644445039345,-33.62377293509929,12.930221739348058,20.41484117651459,fused,0.7276513,0.0,4.954644445039345,-33.62377293509929,4.954644445039345,-33.62377293509929
85,22,13.086776464503583,26.97338080871207,0,160.61205516197995,fused,0.9041209,0.0,13.086776098930427,26.973380055222933,13.086776098930427,26.973380055222933
85,8,3.3894802393563093,-24.998615355638155,13.101134434038487,19.03252717582352,fused,0.37254065,0.0,3.3894802393563093,-24.998615355638155,3.3894802393563093,-24.998615355638155
85,43,3.4297227588807524,-24.759611814234923,30.41286928343709,0,fused,0.36726078,0.0,3.429722640951212,-24.759610962886335,3.429722640951212,-24.759610962886335
86,1,4.746575361159172,1.3518748490799253,24.486718089937455,1.9166114790200435,fused,0.9281401,0.0,4.746575361159172,1.351874849079925,4.746575361159172,1.351874849079925
86,3,1.6693890445486639,-1.5158601499180444,51.571946374363826,45.669800249546036,fused,0.9190783,0.0,1.6693889904165338,-1.51586010076429,1.6693889904165338,-1.51586010076429
86,7,4.9287116650044895,-33.676806641489925,14.960613128571138,16.82046878596508,fused,0.7546981,0.0,4.928711829945344,-33.67680776849464,4.928711829945344,-33.67680776849464
86,22,13.86815189690974,30.510672944258367,0,177.92630362463072,fused,0.8968599,0.0,13.868152287446625,30.51067380346032,13.868152287446625,30.51067380346032
86,43,3.408316979578298,-24.628497069932646,26.903028828071406,11.956554555726925,fused,0.5053332,0.0,3.408316894405629,-24.62849645447497,3.408316894405629,-24.62849645447497
87,1,4.717399694062955,1.3285657658338512,24.928989848963603,1.9368185419558113,fused,0.92810833,0.0,4.717399542583374,1.3285657231725125,4.717399542583374,1.3285657231725125
87,3,1.705895126653612,-1.9323561812241694,54.75419986824138,44.21247760639131,fused,0.93241304,0.0,1.705895126653612,-1.9323561812241696,1.705895126653612,-1.9323561812241696
87,7,4.937621197994214,-33.73526286809885,19.76956969712146,14.218261553870514,fused,0.7730997,0.0,4.937621036688283,-33.73526176600985,4.937621036688283,-33.73526176600985
87,22,14.08300372693522,32.60437221204954,0,186.52099306542792,fused,0.8978401,0.0,14.083003726935221,32.60437221204954,14.083003726935221,32.60437221204954
87,43,3.3970838901144487,-24.473768088760263,25.084386770647512,12.959406185492341,fused,0.53770036,0.0,3.397084049678134,-24.473769238312276,3.397084049678134,-24.473769238312276
88,1,4.722561138589028,1.3512467682093772,24.930308750217563,1.8397055857854534,fused,0.9258452,0.0,4.722560986573018,1.3512467247136688,4.722560986573018,1.3512467247136688
88,3,1.7666347126445958,-2.3256352869323136,57.54708126596926,42.99355241949522,fused,0.92961097,0.0,1.7666347126445958,-2.325635286932314,1.7666347126445958,-2.325635286932314
88,7,4.897080401059336,-33.54540351824824,18.679446920347228,13.898203785140955,fused,0.7871368,0.0,4.897080243930769,-33.545402441904635,4.897080243930769,-33.545402441904635
88,22,15.091617981902061,37.13258820249228,0,219.6455228510723,fused,0.8821912,0.0,15.091617117787811,37.132586076358514,15.091617117787811,37.132586076358514
88,43,3.3581999691672517,-24.310399621002166,26.73282382512547,13.677569388455543,fused,0.5515529,0.0,3.3581998922794436,-24.31039906440239,3.3581998922794436,-24.31039906440239
89,1,4.715171914450061,1.3179624012117666,24.742404529605665,1.79584335595717,fused,0.9278095,0.0,4.715172065906867,1.3179624435462518,4.715172065906867,1.3179624435462518
89,3,1.8413365579136391,-2.7112296153450255,57.10035176168189,41.795381696425025,fused,0.9317677,0.0,1.8413366168082546,-2.711229702062918,1.8413366168082546,-2.711229702062918
89,7,4.978925184115206,-33.94506524401194,24.026029871515725,15.877669546305533,fused,0.8028981,0.0,4.978925340733767,-33.94506631179807,4.978925340733767,-33.94506631179807
89,22,15.252986990197192,39.35756528421784,0,220.43463022587036,fused,0.8824251,0.0,15.252986553635964,39.35756415775081,15.252986553635964,39.35756415775081
89,43,3.3654919316886747,-24.315370848731174,25.808029258159475,10.45674616699988,fused,0.5352341,0.0,3.3654920110927686,-24.315371422418476,3.3654920110927686,-24.315371422418476
90,1,4.695775300132901,1.2820011831562033,23.8094888798476,1.9858871223510732,fused,0.92376775,0.0,4.695775300132901,1.2820011831562033,4.695775300132901,1.2820011831562033
90,3,1.8927510891954926,-3.0981279565844546,55.98235717311353,39.753550495218825,fused,0.936411,0.0,1.8927510891954926,-3.0981279565844546,1.8927510891954926,-3.0981279565844546
90,7,5.071053416567596,-34.59320037823994,39.421213527417606,22.3662316980974,fused,0.79985005,0.0,5.071053256443116,-34.59319928591892,5.071053256443116,-34.59319928591892
90,22,15.256173172333025,41.458377541427346,0,223.8451921287878,fused,0.8888283,0.0,15.256172738826267,41.45837636338049,15.256172738826267,41.45837636338049
90,43,3.4039082189684207,-24.380180850289804,21.42466721455804,9.721520736003738,fused,0.4632338,0.0,3.403908218968421,-24.380180850289804,3.403908218968421,-24.380180850289804
91,1,4.726979279755369,1.3237740153029323,24.03048571715399,2.4912655437811315,fused,0.9227341,0.0,4.726979432426609,1.3237740580579789,4.726979432426609,1.3237740580579789
91,3,1.9570665322232619,-3.4790041158536926,52.93581515802848,37.93540145015009,fused,0.9209371,0.0,1.9570665955556268,-3.4790042284372733,1.9570665955556268,-3.4790042284372733
91,7,5.148812211287364,-35.34821632657806,43.877443109471486,28.347329531118106,fused,0.77855927,0.0,5.148812211287364,-35.34821632657806,5.148812211287364,-35.34821632657806
91,22,16.408549898697288,47.78719977524214,0,272.1741078817461,fused,0.88192874,0.0,16.408549428797976,47.787198406737765,16.408549428797976,47.787198406737765
91,43,3.4397243374868443,-24.408709666936883,10.557526801193424,8.788111322072993,fused,0.44229177,0.0,3.439724533905555,-24.408711060748367,3.439724533905555,-24.408711060748367
92,1,4.730035963290159,1.3122917902611733,24.401738095345795,2.3967047119178457,fused,0.9241465,0.0,4.730035963290159,1.312291790261173,4.730035963290159,1.312291790261173
92,3,2.00075033283079,-3.846711589086492,53.08189739177645,36.51712036208714,fused,0.9312924,0.0,2.000750268804708,-3.8467114659877386,2.000750268804708,-3.8467114659877386
92,7,5.238476028812669,-36.12197884779204,44.95144362001961,35.07032479274111,fused,0.78092843,0.0,5.23847619823154,-36.12198001602204,5.23847619823154,-36.12198001602204
92,22,16.643752711964225,51.03125955777836,0,281.6108494783681,fused,0.8817403,0.0,16.643752711964225,51.03125955777836,16.643752711964225,51.03125955777836
92,43,3.49059213742331,-24.413296620845518,15.544577289402993,8.189335046469791,fused,0.32282534,0.0,3.49059227396635,-24.413297575831265,3.49059227396635,-24.413297575831265
92,45,12.582921270342105,-73.60566572282026,90.0,0,fused,0.35098773,0.0,12.582920817624212,-73.60566307457975,12.582920817624212,-73.60566307457975
93,1,4.707180567971117,1.288579338999914,24.529499891195,2.614114790404462,fused,0.9240865,0.0,4.707180719780397,1.2885793805573387,4.707180719780397,1.2885793805573387
93,3,2.031538727261723,-4.200757980327839,53.75662749949704,35.66607603702119,fused,0.92429507,0.0,2.031538661758206,-4.2007578448815295,2.031538661758206,-4.2007578448815295
93,7,5.423387838294245,-37.20297694282019,48.04150217924629,41.605038343952984,fused,0.79280114,0.0,5.423388011066694,-37.202978127992566,5.423388011066694,-37.202978127992566
93,22,16.545759809086874,52.79367774572945,0,280.8468992434628,fused,0.88120925,0.0,16.54575933487134,52.793676232617784,16.54575933487134,52.793676232617784
93,43,3.5681108434477538,-24.569539279186486,18.31929762710321,9.127847424324159,fused,0.3357557,0.0,3.5681109776479065,-24.569540203270986,3.5681109776479065,-24.569540203270986
93,45,12.918140531047353,-75.6477071121594,90.0,186.24357816318692,fused,0.24032144,0.0,12.918140531047351,-75.6477071121594,12.918140531047351,-75.6477071121594
94,1,4.721057268953993,1.320914707187046,24.24717928535083,2.7364647272850693,fused,0.9220869,0.0,4.721057421540986,1.320914749879687,4.721057421540986,1.320914749879687
94,3,2.053313505098469,-4.534837097489908,54.66579610342513,34.83984190930492,fused,0.9213464,0.0,2.053313505098469,-4.534837097489908,2.053313505098469,-4.534837097489908
94,7,5.495093651507739,-37.63479643105396,51.6755281901305,44.4729311916941,fused,0.8169793,0.0,5.495093821383781,-37.63479759450097,5.495093821383781,-37.63479759450097
94,22,18.27453967118001,61.499121086008024,0,350.2411759099909,fused,0.88228965,0.0,18.274540194302467,61.49912284646667,18.274540194302467,61.49912284646667
94,43,3.56152169610276,-24.41450315765813,21.84966460185512,9.665402956150944,fused,0.30694076,0.0,3.5615216228390123,-24.414502655429548,3.5615216228390123,-24.414502655429548
94,45,12.640548625906007,-74.03811317650901,90.0,166.6227826432592,fused,0.1925271,0.0,12.640549040460986,-74.03811560463689,12.640549040460986,-74.03811560463689
95,1,4.7029968370945765,1.2976718776003062,23.786124594601418,2.9713669416356026,fused,0.9211767,0.0,4.702996837094577,1.2976718776003062,4.702996837094577,1.2976718776003062
95,3,2.1216746054534883,-4.923095639687347,51.527879131321114,34.40060880473104,fused,0.88134766,0.0,2.1216746054534883,-4.923095639687347,2.1216746054534883,-4.923095639687347
95,7,5.60194224714628,-38.327655511223846,52.18543842108082,50.89307973980293,fused,0.8275911,0.0,5.60194241810485,-38.32765668089696,5.60194241810485,-38.32765668089696
95,22,19.35560979437801,69.05185905945055,0,390.3126757826518,fused,0.8665041,0.0,19.35560923021533,69.05185704677916,19.35560923021533,69.05185704677916
95,43,3.5856247419991427,-24.430916194692845,24.36336234242297,8.628503582630305,fused,0.3354223,0.0,3.5856247419991427,-24.430916194692845,3.5856247419991427,-24.430916194692845
95,45,12.657127336441409,-74.54900182619447,90.0,126.4165823320239,fused,0.11767251,0.0,12.657126996864406,-74.54899982612558,12.657126996864406,-74.54899982612558
96,1,4.6650132983268815,1.2513162235880535,23.99073734201779,3.197231735051147,fused,0.9235613,0.0,4.6650132983268815,1.2513162235880535,4.6650132983268815,1.2513162235880535
96,3,2.1341653648917855,-5.257962372095138,53.26641392539363,33.57067630609937,fused,0.9040932,0.0,2.1341653648917855,-5.257962372095138,2.1341653648917855,-5.257962372095138
96,7,5.653174511704816,-38.956380052483034,51.26608976751441,56.60985122183461,fused,0.8178568,0.0,5.65317433712936,-38.95637884947262,5.65317433712936,-38.95637884947262
96,22,19.292535256546653,72.1628075273244,0,400.381611380262,fused,0.8587974,0.0,19.292534689176236,72.16280540510242,19.292534689176236,72.16280540510242
96,43,3.6232567815349856,-24.551947252546572,25.51703447803253,8.344607080589233,fused,0.39724052,0.0,3.6232568967167293,-24.5519480330422,3.6232568967167293,-24.5519480330422
97,1,4.670984752313171,1.238158843319266,23.32889429499047,3.1091134252738977,fused,0.9232239,0.0,4.670984752313171,1.238158843319266,4.670984752313171,1.238158843319266
97,3,2.164691819766272,-5.609261277754642,57.29668114065608,33.11748459104296,fused,0.89990497,0.0,2.164691819766272,-5.609261277754642,2.164691819766272,-5.609261277754642
97,7,5.709541727982531,-39.58778470680683,48.846394097611,61.00761353578129,fused,0.7504833,0.0,5.70954172798253,-39.587784706806836,5.70954172798253,-39.587784706806836
97,22,19.590152424283886,75.68347399801128,0,389.32199076699294,fused,0.85595626,0.0,19.590153002319123,75.68347623115956,19.590153002319123,75.68347623115956
97,43,3.6410863509329197,-24.694202613724947,23.205432128602563,8.09896874011542,fused,0.4362305,0.0,3.6410863509329197,-24.694202613724947,3.6410863509329197,-24.694202613724947
98,1,4.6298078207739595,1.144500810305479,23.29976612116259,3.791267758620948,fused,0.92179245,0.0,4.629807970459521,1.1445008473081484,4.629807970459521,1.1445008473081484
98,3,2.183641401315079,-5.961599442642334,60.62461688589125,32.71832097403538,fused,0.8242316,0.0,2.183641480270528,-5.961599658200054,2.183641480270528,-5.961599658200054
98,7,5.797716421617958,-40.51226341110714,41.54759987501941,66.21479531947598,fused,0.5943135,0.0,5.797716421617958,-40.51226341110714,5.797716421617958,-40.51226341110714
98,22,20.566604213276424,83.54270311135765,0,446.2103325169745,fused,0.8676677,0.0,20.56660361462058,83.54270067958394,20.56660361462058,83.54270067958394
98,43,3.6919947650601688,-25.005554228707776,23.236171837046278,11.165577040843395,fused,0.42658356,0.0,3.691994874353853,-25.005554968944242,3.691994874353853,-25.005554968944242
99,1,4.598819657667164,1.0867991139194355,24.373329205336912,4.037642194786128,fused,0.92212844,0.0,4.59881950903765,1.0867990787951132,4.59881950903765,1.0867990787951132
99,3,2.2646036330771975,-6.176365394761084,50.5656286858758,31.11052203663159,fused,0.7715982,0.0,2.264603720545569,-6.176365633317896,2.264603720545569,-6.176365633317896
99,7,5.800842947180722,-41.21103231088728,28.601571022543737,66.65605318610909,fused,0.5537216,0.0,5.800842814887454,-41.21103137103386,5.800842814887454,-41.21103137103386
99,22,20.71631161883771,88.01336967996062,0,469.9339104035115,fused,0.8655865,0.0,20.71631101437421,88.01336711189393,20.71631101437421,88.01336711189393
100,1,4.592016383150741,1.0475937924026946,24.850613369863456,3.9141469651930083,fused,0.9225804,0.0,4.592016383150741,1.0475937924026946,4.592016383150741,1.0475937924026946
100,3,2.3742537954343326,-6.264201858328984,41.20737764298122,28.65277425212187,fused,0.44036487,0.0,2.374253875774841,-6.264202070298388,2.374253875774841,-6.264202070298388
100,7,5.760768630408384,-41.401241574370744,14.960921359246353,61.009807238753055,fused,0.5817362,0.0,5.7607688805134005,-41.4012433718146,5.7607688805134005,-41.4012433718146
100,22,21.49073636717974,96.41069094237301,0,489.93465126538547,fused,0.87866646,0.0,21.490735749454554,96.41068817116448,21.490735749454554,96.41068817116448
100,43,3.760658992372573,-25.45985861451614,28.1042117282289,12.709495384260151,fused,0.30874765,0.0,3.7606589154651235,-25.45985809384867,3.7606589154651235,-25.45985809384867
101,1,4.562593430659419,0.9989834967274538,25.31475225769123,4.363539706709784,fused,0.9222628,0.0,4.562593430659419,0.9989834967274538,4.562593430659419,0.9989834967274538
101,3,2.5715924117534663,-6.3013391007844985,17.609116640391058,26.957868667028002,fused,0.19690178,0.0,2.571592509060131,-6.301339339221308,2.571592509060131,-6.301339339221308
101,7,5.824875693050252,-42.04517787200093,20.3695103888748,59.691599110181464,fused,0.7517483,0.0,5.824875497354078,-42.04517645942478,5.824875497354078,-42.04517645942478
101,22,21.543152785993023,101.98199887552548,0,513.1244461217362,fused,0.8803701,0.0,21.54315340402663,101.98200180120229,21.54315340402663,101.98200180120229
101,43,3.784633189345277,-25.584857915444054,29.221361367112447,13.524375351939181,fused,0.2850621,0.0,3.7846332731739065,-25.58485848214193,3.7846332731739065,-25.58485848214193
102,1,4.56264840099968,1.0087865540583894,25.955454580239685,4.132231656656797,fused,0.92241234,0.0,4.562648548414788,1.008786586651385,4.562648548414788,1.008786586651385
102,3,2.5226441658104957,-6.403864472254014,29.685686358285356,24.540149570871122,fused,0.19942346,0.0,2.52264426005799,-6.403864711506219,2.52264426005799,-6.403864711506219
102,7,5.803292059676541,-42.20773463036811,24.49006321242383,50.36444046940508,fused,0.77998203,0.0,5.803291871763046,-42.207733263660586,5.803291871763046,-42.207733263660586
102,22,22.78733806173973,114.09658126970658,0,617.2560888255686,fused,0.88693506,0.0,22.787338061739728,114.09658126970658,22.787338061739728,114.09658126970658
102,43,3.7782329054518793,-25.52615367754894,31.15494492275976,13.60415447582093,fused,0.31725937,0.0,3.7782327550641606,-25.52615266151311,3.7782327550641606,-25.52615266151311
103,1,4.549317366063596,1.0044235672410646,25.41947263769767,3.920628048442752,fused,0.92127657,0.0,4.549317366063596,1.0044235672410646,4.549317366063596,1.0044235672410646
103,3,2.6088057910712084,-6.459721253640364,21.70028737041137,22.219100033296776,fused,0.40906727,0.0,2.608805791071208,-6.459721253640364,2.608805791071208,-6.459721253640364
103,7,5.838920245373948,-42.49210221610608,28.249809236386344,48.85302295316691,fused,0.79760796,0.0,5.838920060484909,-42.492100870596374,5.838920060484909,-42.492100870596374
103,22,25.306116009426407,133.17079854737256,0.2498678640777752,720.899722162459,fused,0.8867791,0.0,25.306116009426407,133.17079854737256,25.306116009426407,133.17079854737256
103,43,3.7961391436034124,-25.50992253227546,34.64590882766422,12.101673317838051,fused,0.3395588,0.0,3.7961392847808275,-25.50992348098276,3.7961392847808275,-25.50992348098276
104,1,4.543672612066274,0.9991708333806796,25.147450620119436,3.7033866184985076,fused,0.9216653,0.0,4.543672612066274,0.9991708333806796,4.543672612066274,0.9991708333806796
104,3,2.752927619660427,-6.569450842408617,3.2215887079736283,20.08819145448219,fused,0.7241416,0.0,2.7529277329581943,-6.569451112776827,2.7529277329581943,-6.569451112776827
104,7,5.884436821034981,-42.869788562974335,31.554970900046364,45.6467200549547,fused,0.7836717,0.0,5.88443701067888,-42.86978994458384,5.88443701067888,-42.86978994458384
104,22,28.521038414138346,158.971223108883,3.3242565428024253,904.6021088810825,fused,0.8633885,0.0,28.521038414138346,158.971223108883,28.521038414138346,158.971223108883
104,43,3.7999698485336544,-25.48166477403603,37.523746131720316,10.835074786407864,fused,0.30816466,0.0,3.799970004250423,-25.481665818234443,3.799970004250423,-25.481665818234443
105,1,4.558550012461583,1.0288858236462346,23.194437238499937,3.4364001290141784,fused,0.9174512,0.0,4.558549864382448,1.0288857902240887,4.558549864382448,1.0288857902240887
105,3,2.8572022361944,-6.604828480926655,0,17.83832083844979,fused,0.10959775,0.0,2.8572023333123373,-6.6048287054285515,2.8572023333123373,-6.6048287054285515
105,7,5.869815963141383,-43.0826010107567,32.79561458442951,41.471776660051574,fused,0.7461454,0.0,5.869816161828214,-43.08260246905548,5.869816161828214,-43.08260246905548
105,22,34.05774214330738,202.3091669067072,4.514144083521999,1310.3881030426571,fused,0.85263413,0.0,34.057741134469744,202.3091609140286,34.057741134469744,202.3091609140286
105,43,3.775596256054537,-25.333011434777035,36.735395790827624,12.049850761490362,fused,0.3161143,0.0,3.7755962560545364,-25.333011434777035,3.7755962560545364,-25.333011434777035
106,1,4.570496141737151,1.0362555047538466,22.12746963883073,3.432274271394663,fused,0.91664284,0.0,4.570495993139031,1.0362554710626202,4.570495993139031,1.0362554710626202
106,7,5.9282959179777714,-43.834724416272955,39.00702028899743,42.67655456872531,fused,0.7893362,0.0,5.928295728291466,-43.83472301370346,5.928295728291466,-43.83472301370346
106,22,38.45974049410815,235.93738875564938,5.433257961560623,1614.2069985845415,fused,0.86047083,0.0,38.4597393652527,235.93738183050627,38.4597393652527,235.93738183050627
106,43,3.771500903778727,-25.235312246531866,37.62736576525627,11.76023513419016,fused,0.30871618,0.0,3.7715009809157523,-25.235312762659785,3.7715009809157523,-25.235312762659785
107,1,4.57537233271127,1.0239599800768475,22.283273699218107,2.5414441437905952,fused,0.917497,0.0,4.57537233271127,1.0239599800768475,4.57537233271127,1.0239599800768475
107,7,6.023475158468628,-44.99361255633126,51.398041305240476,45.01771417344541,fused,0.81608206,0.0,6.023475158468629,-44.99361255633126,6.023475158468629,-44.99361255633126
107,22,49.2753329082534,316.26970419020705,0,2345.5817218746192,fused,0.8648486,0.0,49.275332908253404,316.26970419020705,49.275332908253404,316.26970419020705
107,43,3.7789738366705814,-25.27595290880766,38.632387054413755,10.73977177687186,fused,0.25286055,0.0,3.7789739310334025,-25.27595353996054,3.7789739310334025,-25.27595353996054
108,1,4.579782534988511,1.0160793811284503,23.10790237107705,1.9767892591912164,fused,0.91934377,0.0,4.579782534988512,1.0160793811284503,4.579782534988512,1.0160793811284503
108,7,6.142875077654082,-46.08066745917656,55.55514348699979,48.965880899953746,fused,0.82699066,0.0,6.142875077654083,-46.08066745917655,6.142875077654083,-46.08066745917655
108,22,59.1361113915567,397.7734899247998,0,3121.83124194692,fused,0.88253456,0.0,59.1361130839025,397.7735013082046,59.1361130839025,397.7735013082046
108,43,3.7735272463329084,-25.254652055801316,38.41745215962719,7.804772234553293,fused,0.16267042,0.0,3.7735272463329084,-25.25465205580132,3.7735272463329084,-25.25465205580132
109,1,4.573848452510855,1.0172248165787638,23.484278788234757,1.6393131970290784,fused,0.9192525,0.0,4.573848600795784,1.0172248495573617,4.573848600795784,1.0172248495573617
109,7,6.214887700472288,-46.76819352537007,57.06803791547946,53.93490264298465,fused,0.8256713,0.0,6.214887700472288,-46.76819352537007,6.214887700472288,-46.76819352537007
109,22,95.82840324882017,688.8090221478661,0,5970.895716252687,fused,0.90124094,0.0,95.82840861977404,688.8090607539721,95.82840861977404,688.8090607539721
109,43,3.777366987889728,-25.17819920556669,39.00008863251806,6.27294390302708,fused,0.1632397,0.0,3.7773668417825688,-25.178198231683247,3.7773668417825688,-25.178198231683247
110,1,4.566492417017353,1.023658006304272,23.8765602368613,1.1688219054893372,fused,0.91751105,0.0,4.566492565344805,1.0236580395544275,4.566492565344805,1.0236580395544275
110,7,6.256868815642995,-47.28301415231584,57.68359356739977,52.62900214685915,fused,0.81962895,0.0,6.256868815642995,-47.283014152315836,6.256868815642995,-47.283014152315836
110,22,501.6671702899996,3874.208908418652,4.925351056332205,38026.66961082185,fused,0.89353937,0.0,501.6671419303997,3874.2086894068825,501.6671419303997,3874.2086894068825
110,43,3.8025897577739975,-25.07066928955893,39.42974394237934,6.1046528984747574,fused,0.17537445,0.0,3.8025897577739975,-25.070669289558932,3.8025897577739975,-25.070669289558932
111,1,4.574041976922742,1.0708599804734478,23.672585057198294,1.548808851283467,fused,0.9144918,0.0,4.574041976922742,1.0708599804734478,4.574041976922742,1.0708599804734478
111,7,6.1700413708410435,-47.0400536100895,54.46781369590243,53.56926183255975,fused,0.8293164,0.0,6.170041558744983,-47.04005504265872,6.170041558744983,-47.04005504265872
111,22,-68.38341071559071,-566.8445948663333,0,82679.7834197602,fused,0.89154977,0.0,-68.38341265278535,-566.8446109241505,-68.38341265278535,-566.8446109241505
111,43,3.7969398243968886,-24.965137315025384,38.39797150984464,6.570962925818838,fused,0.2809264,0.0,3.7969398243968886,-24.96513731502538,3.7969398243968886,-24.96513731502538
112,1,4.5854872818421395,1.1094655019948663,23.24118868916464,1.8112042771157435,fused,0.9159345,0.0,4.5854872818421395,1.1094655019948665,4.5854872818421395,1.1094655019948665
112,7,6.069097561317421,-46.58226290730929,52.262077737392296,55.391231522923725,fused,0.8445046,0.0,6.0690973798117485,-46.58226151419526,6.0690973798117485,-46.58226151419526
112,22,-41.11316550824341,-358.117553671561,3.2194192977635248,84592.39475161514,fused,0.8914804,0.0,-41.11316550824341,-358.1175536715609,-41.11316550824341,-358.1175536715609
112,43,3.767126847512484,-24.75022934174162,30.580698410654804,8.498944867571868,fused,0.2397523,0.0,3.7671270459325426,-24.750230645372255,3.7671270459325426,-24.750230645372255
113,1,4.607845226192714,1.1403768823629319,23.166591278587607,2.1155934446040066,fused,0.9172077,0.0,4.607845375912862,1.1403769194165627,4.607845375912862,1.1403769194165627
113,7,5.975865268018511,-46.174085308893325,47.679460420901194,55.77393871069711,fused,0.8518181,0.0,5.975865090835515,-46.17408393984258,5.975865090835515,-46.17408393984258
113,22,-27.061657941653056,-251.63084008569498,3.8001362604125575,85406.49320199453,fused,0.85835856,0.0,-27.061657145395124,-251.63083268174904,-27.061657145395124,-251.63083268174904
113,43,3.709170271933438,-24.49290478658115,23.501610452169096,10.851487875910033,fused,0.27609113,0.0,3.7091702719334383,-24.49290478658115,3.7091702719334383,-24.49290478658115
114,1,4.64673883118733,1.193714973087901,22.47492693426695,2.443406768213711,fused,0.9191691,0.0,4.646738680525598,1.193714934383947,4.646738680525598,1.193714934383947
114,7,5.913880647158688,-46.19644781643721,44.04085078816963,54.29974947677714,fused,0.85525244,0.0,5.9138808217997525,-46.19644918065087,5.9138808217997525,-46.19644918065087
114,22,-17.707441200487253,-176.08121265649976,0,85730.85656431767,fused,0.8443224,0.0,-17.707441200487253,-176.08121265649976,-17.707441200487253,-176.08121265649976
114,43,3.7135255321391947,-24.250343302326517,17.98366571175075,11.771111023295974,fused,0.3637196,0.0,3.713525532139195,-24.250343302326517,3.713525532139195,-24.250343302326517
115,1,4.668016933234658,1.2234873915519302,22.143556434035798,2.668986773456206,fused,0.9193769,0.0,4.668016933234658,1.2234873915519302,4.668016933234658,1.2234873915519302
115,7,5.895161838695318,-46.33248231016445,43.36738975957207,48.12897808114667,fused,0.8499773,0.0,5.895161663526622,-46.33248093344219,5.895161663526622,-46.33248093344219
115,22,-14.973357328663576,-156.58388751016093,3.224571636650153,85588.58633738509,fused,0.8464772,0.0,-14.973357328663576,-156.58388751016093,-14.973357328663576,-156.58388751016093
115,43,3.716354872703808,-24.16403805532743,15.403102947485465,11.656777289261814,fused,0.4518512,0.0,3.7163547688410414,-24.164037380003375,3.7163547688410414,-24.164037380003375
116,1,4.6950560018490375,1.2545005073338518,23.0585675544205,2.94816704628083,fused,0.92013985,0.0,4.695055849781308,1.2545004667019524,4.695055849781308,1.2545004667019524
116,7,5.83863992587314,-46.3889932648912,42.2385292156019,37.30034018929086,fused,0.84940594,0.0,5.83863992587314,-46.3889932648912,5.83863992587314,-46.3889932648912
116,22,-11.707217032296494,-131.7746545498096,5.0118980365602,85028.24809481102,fused,0.84146947,0.0,-11.707217032296494,-131.7746545498096,-11.707217032296494,-131.7746545498096
116,43,3.6971059647248037,-24.086666589994053,11.60322549414657,12.040856680649833,fused,0.408126,0.0,3.697105850330146,-24.0866658447122,3.697105850330146,-24.0866658447122
117,1,4.69463850618404,1.2465826572724108,23.32170726491286,2.9371484394666147,fused,0.9200298,0.0,4.694638354111649,1.2465826168921335,4.694638354111649,1.2465826168921335
117,7,5.934766085243203,-47.410889167056204,43.61723592088586,36.6284852198809,fused,0.84775716,0.0,5.934766262050507,-47.410890579511445,5.934766262050507,-47.410890579511445
117,22,-10.14784675044551,-122.67833664248964,6.2295806900541715,84299.55695530162,fused,0.8802273,0.0,-10.147847041615863,-122.67834016247724,-10.147847041615863,-122.67834016247724
117,43,3.7150513467081208,-24.11585077134554,12.939193953527363,12.16359579123329,fused,0.45303014,0.0,3.7150514502642547,-24.115851443568893,3.7150514502642547,-24.115851443568893
118,1,4.676038082196207,1.237811328686213,24.28005120881275,3.082360465399428,fused,0.9240304,0.0,4.676037931382136,1.2378112887636625,4.676037931382136,1.2378112887636625
118,7,5.984931362882622,-48.04369830360824,48.29300217762945,36.06355804412627,fused,0.84526706,0.0,5.984931541709716,-48.04369973913263,5.984931541709716,-48.04369973913263
118,22,-8.844915385478165,-116.37007178827751,2.0766494724629316,81430.57708275551,fused,0.88035727,0.0,-8.84491589297437,-116.37007846526281,-8.84491589297437,-116.37007846526281
118,43,3.710304381891319,-24.020376548182487,10.764875636309295,12.354025262193623,fused,0.46225226,0.0,3.710304584612243,-24.02037786059043,3.710304584612243,-24.02037786059043
119,1,4.683307589104449,1.267894337712083,24.715714977765035,3.294126600911521,fused,0.9228211,0.0,4.683307740350923,1.267894378658475,4.683307740350923,1.267894378658475
119,7,5.837216328610744,-47.27592299084866,47.914484990619385,38.71682244654664,fused,0.8426182,0.0,5.8372165035724475,-47.27592440787272,5.8372165035724475,-47.27592440787272
119,22,-7.12712881751627,-102.81260363308992,4.620315492153153,49455.74624460672,fused,0.8800757,0.0,-7.127128612983588,-102.81260068259779,-7.127128612983588,-102.81260068259779
119,43,3.666173455419851,-23.735253397549652,11.613785851475923,14.134722235784842,fused,0.538242,0.0,3.6661733694049787,-23.735252840678893,3.6661733694049787,-23.735252840678893
120,1,4.696820222177601,1.3011391611453482,24.777749810326107,3.1749681733897352,fused,0.9226385,0.0,4.696820070464706,1.3011391191170012,4.696820070464706,1.3011391191170012
120,7,5.760325306928999,-46.90054931244621,48.28835895688675,39.9684076829763,fused,0.8392138,0.0,5.760325480286448,-46.90055072392198,5.760325480286448,-46.90055072392198
120,22,-5.883089354558858,-91.92018830761127,7.960666853834512,4790.481659196151,fused,0.869031,0.0,-5.883089012604367,-91.92018296475155,-5.883089012604367,-91.92018296475155
120,43,3.6430012480083453,-23.571650374380393,8.622254492648395,14.730250083561353,fused,0.55344427,0.0,3.64300133113179,-23.571650912221763,3.64300133113179,-23.571650912221763
121,1,4.705505216509862,1.3284703824956192,24.452984321929453,3.059083875964028,fused,0.92276615,0.0,4.705505216509862,1.3284703824956192,4.705505216509862,1.3284703824956192
121,7,5.642655477290253,-46.353261848620015,49.620817339235764,40.878473789333384,fused,0.83511764,0.0,5.642655306641169,-46.35326044677266,5.642655306641169,-46.35326044677266
121,22,-5.072051098439626,-83.88023666323805,9.886806262141668,2766.279853110215,fused,0.86130184,0.0,-5.072050949710382,-83.88023420359323,-5.072050949710382,-83.88023420359323
121,43,3.625329746897142,-23.36519127875337,2.4894660661172483,14.632729918283506,fused,0.5741202,0.0,3.6253296671559423,-23.365190764822636,3.6253296671559423,-23.365190764822636
122,1,4.709707058056971,1.3274092015445393,23.099391550242107,2.7209257070569928,fused,0.9230838,0.0,4.709706906001214,1.3274091586883259,4.709706906001214,1.3274091586883259
122,7,5.46568484509858,-45.98196769487052,52.15487099960387,40.8046997924677,fused,0.83818805,0.0,5.46568484509858,-45.98196769487052,5.46568484509858,-45.98196769487052
122,22,-4.4989675760605214,-77.32622363740862,9.512745374174578,1757.9720633562893,fused,0.854339,0.0,-4.498967842059971,-77.32622820928707,-4.498967842059971,-77.32622820928707
122,43,3.5959715523807625,-23.258133462027434,0.7638975833935235,13.105127324951665,fused,0.24245805,0.0,3.5959716460264426,-23.258134067711797,3.5959716460264426,-23.258134067711797
123,1,4.734855377615008,1.3502022569991152,22.62969051334193,2.400205187553854,fused,0.9241234,0.0,4.7348555303107105,1.3502023005421733,4.7348555303107105,1.3502023005421733
123,7,5.43932053852492,-46.77397908526906,59.70144008114638,48.070248712019726,fused,0.83070534,0.0,5.439320703898352,-46.77398050735356,5.439320703898352,-46.77398050735356
123,22,-4.110039248022668,-74.83769422516147,8.473416680831303,1021.8942141561719,fused,0.86548805,0.0,-4.110039248022668,-74.83769422516147,-4.110039248022668,-74.83769422516147
123,43,3.606804902643464,-23.274391614434794,0.3348858976828917,10.874490139581818,fused,0.24679193,0.0,3.606805087200137,-23.27439280536261,3.606805087200137,-23.27439280536261
124,1,4.740117665835998,1.35404058858348,22.67003940030739,2.099394650976512,fused,0.9246146,0.0,4.740117513051779,1.3540405449398312,4.740117513051779,1.3540405449398312
124,7,5.523963382924993,-47.9195626557659,66.13818452089039,58.18414815567727,fused,0.8177635,0.0,5.523963382924993,-47.9195626557659,5.523963382924993,-47.9195626557659
124,22,-3.731527275162132,-73.03860178446052,7.663612949644683,843.3981001419667,fused,0.85390234,0.0,-3.7315274958998286,-73.03860610504337,-3.7315274958998286,-73.03860610504337
124,43,3.6098573726782575,-23.30865623353024,0,10.354977176822807,fused,0.33413976,0.0,3.609857372678257,-23.30865623353024,3.609857372678257,-23.30865623353024
125,1,4.7429530345955895,1.353584138528172,23.013091433872788,1.7166617476597323,fused,0.9245275,0.0,4.742952881705592,1.3535840948951288,4.742952881705592,1.3535840948951288
125,7,5.664163611528535,-49.08607130191844,69.89976564936345,69.13392132034632,fused,0.8062322,0.0,5.664163788965335,-49.0860728395992,5.664163788965335,-49.0860728395992
125,22,-3.3112549090029186,-71.20212604716814,10.317479012050727,612.004577907051,fused,0.84590155,0.0,-3.311254810138302,-71.20212392127596,-3.311254810138302,-71.20212392127596
125,43,3.618998502546444,-23.348142708803888,0,9.96298526397724,fused,0.4611923,0.0,3.618998304359757,-23.348141430192957,3.618998304359757,-23.348141430192957
126,1,4.728608285436219,1.3249973079417656,23.90059465113657,1.957213637878078,fused,0.92523634,0.0,4.7286084377470265,1.3249973506205832,4.7286084377470265,1.3249973506205832
126,7,5.88992547074988,-50.88631460406437,71.29478602857364,77.01329120901572,fused,0.84070927,0.0,5.88992547074988,-50.88631460406436,5.88992547074988,-50.88631460406436
126,22,-2.7953676111423684,-67.69322167141252,3.3817997971239566,555.1807237555155,fused,0.86014414,0.0,-2.7953675290626623,-67.69321968375274,-2.7953675290626623,-67.69321968375274
126,43,3.6362269118343677,-23.405818995099523,0,10.22232897322673,fused,0.52231354,0.0,3.636226823920418,-23.405818429211294,3.636226823920418,-23.405818429211294
127,1,4.712037679236619,1.3199235139358243,24.595329060573967,1.9248652485887672,fused,0.92434704,0.0,4.712037527313507,1.3199234713795245,4.712037527313507,1.3199234713795245
127,7,6.014682306460158,-51.74123729968995,72.82200692598231,79.30512177372144,fused,0.84471875,0.0,6.014682306460158,-51.74123729968994,6.014682306460158,-51.74123729968994
127,22,-2.3212315433617916,-64.59340136546574,3.5705579383879873,522.1252836228887,fused,0.8663979,0.0,-2.321231475695998,-64.59339948251538,-2.321231475695998,-64.59339948251538
127,43,3.6294942458368804,-23.37936842089379,0,9.539347237100982,fused,0.46682176,0.0,3.6294941476546,-23.37936778845314,3.6294941476546,-23.37936778845314
128,1,4.712757258277729,1.3320400782413315,25.08419783537109,1.7367555772269876,fused,0.92396075,0.0,4.712757410287549,1.3320401212062376,4.712757410287549,1.3320401212062376
128,7,6.034240653328177,-52.08395824410944,73.00975743181982,74.91934835670041,fused,0.82667226,0.0,6.034240837684216,-52.083959835360574,6.034240837684216,-52.083959835360574
128,22,-2.013312678520307,-62.65570329597956,7.217783136919601,405.0867938958729,fused,0.8897074,0.0,-2.0133127356723985,-62.65570507459276,-2.0133127356723985,-62.65570507459276
128,43,3.618343386879339,-23.293340332211837,0,7.521642862696067,fused,0.26049247,0.0,3.618343474584008,-23.293340896816822,3.618343474584008,-23.293340896816822
129,1,4.716979372598142,1.3370024879418125,25.221934691951088,1.4430499591077555,fused,0.9226059,0.0,4.7169795249675674,1.3370025311301084,4.7169795249675674,1.3370025311301084
129,7,6.00313587311029,-52.3842076641381,72.5250708836352,74.10623244175284,fused,0.79701465,0.0,6.00313587311029,-52.38420766413811,6.00313587311029,-52.38420766413811
129,22,-1.7390466961723958,-61.27003933728923,13.99676383300364,309.5799849250755,fused,0.8850442,0.0,-1.739046745798975,-61.27004108573133,-1.739046745798975,-61.27004108573133
129,43,3.5981307915130545,-23.27709644438086,0,6.128593187315549,fused,0.16354935,0.0,3.598130930423921,-23.277097343025687,3.598130930423921,-23.277097343025687
130,1,4.720147692585663,1.3436480255352314,25.304926824623813,1.2298920788489287,fused,0.92345583,0.0,4.720147844917096,1.343648068898245,4.720147844917096,1.343648068898245
130,7,6.0512197925561235,-52.83190510916182,68.90203430500416,73.01101068913448,fused,0.7513697,0.0,6.051219995959106,-52.831906885029724,6.051219995959106,-52.831906885029724
130,22,-1.3893890392955173,-59.605712116638834,19.975372368876698,245.77903571979107,fused,0.8672487,0.0,-1.3893891202196933,-59.605715588339706,-1.3893891202196933,-59.605715588339706
131,1,4.738061331568088,1.3545847490560445,24.314858376544546,1.396437753700577,fused,0.92289555,0.0,4.73806148457047,1.3545847927985541,4.73806148457047,1.3545847927985541
131,7,5.807311749418806,-52.17774375080785,58.951036935170016,75.8794202567043,fused,0.6648239,0.0,5.807311528802992,-52.17774176861095,5.807311528802992,-52.17774176861095
131,22,-1.1926966115837363,-58.30431032073113,18.63858377329782,193.15064822376976,fused,0.87525904,0.0,-1.192696680415896,-58.30431368555297,-1.192696680415896,-58.30431368555297
132,1,4.740509484881496,1.328419858469817,24.144761831858787,1.3198239258337228,fused,0.9231287,0.0,4.7405096379242675,1.3284199013565696,4.7405096379242675,1.3284199013565696
132,7,5.896959802414941,-53.98965740540676,56.79315811727523,86.09622009439883,fused,0.8109049,0.0,5.896959618749955,-53.98965572386068,5.896959618749955,-53.98965572386068
132,22,-0.9391244063157347,-57.10973709772605,16.652411811171373,180.175158768196,fused,0.85432684,0.0,-0.9391243785526844,-57.10973540940819,-0.9391243785526844,-57.10973540940819
132,43,3.587633530491145,-23.366522284895556,0,4.3565860398858165,fused,0.26946765,0.0,3.587633446427244,-23.366521737381156,3.587633446427244,-23.366521737381156
133,1,4.7236699322150715,1.296313177543425,24.16226629798022,1.617237717060152,fused,0.9216233,0.0,4.723670084963305,1.2963132194620073,4.723670084963305,1.2963132194620073
133,7,6.029814308364372,-56.11958707545791,56.464260929469326,95.94984777014159,fused,0.86416805,0.0,6.0298141321368135,-56.11958543530494,6.0298141321368135,-56.11958543530494
133,22,-0.7543394035388901,-57.079122641513365,17.600825463639975,163.663407832179,fused,0.84700507,0.0,-0.7543394035388901,-57.07912264151337,-0.7543394035388901,-57.07912264151337
133,43,3.61680506133819,-23.56403582804729,0,5.243044847788206,fused,0.44901338,0.0,3.6168051630576183,-23.56403649076486,3.6168051630576183,-23.56403649076486
134,1,4.693669710580051,1.2582771117270009,24.967290016733493,2.0729522088608,fused,0.9211078,0.0,4.69366971058005,1.2582771117270009,4.69366971058005,1.2582771117270009
134,7,6.1639391884016,-58.222302687451275,54.71126201953276,105.27070101356317,fused,0.874142,0.0,6.1639391884016,-58.22230268745127,6.1639391884016,-58.22230268745127
134,22,-0.6462271018790029,-56.93363819184295,24.209141099418936,146.6364632718913,fused,0.82855684,0.0,-0.6462270821806043,-56.93363645638263,-0.6462270821806043,-56.93363645638263
134,43,3.668497821124415,-23.685314710639908,0,6.3660353835881125,fused,0.52126324,0.0,3.6684979099972854,-23.685315284439326,3.6684979099972854,-23.685315284439326
135,1,4.672877192859954,1.2318361225490113,24.566107921312522,2.089482855547418,fused,0.9231258,0.0,4.6728771928599535,1.2318361225490113,4.6728771928599535,1.2318361225490113
135,7,6.359418565516173,-60.56163061855744,57.213401015331975,110.6020710866646,fused,0.855806,0.0,6.359418565516173,-60.56163061855744,6.359418565516173,-60.56163061855744
135,22,-0.5129239714678353,-56.465201450130856,24.775588938019276,116.04055828111233,fused,0.8407702,0.0,-0.5129239560599236,-56.46519975395192,-0.5129239560599236,-56.46519975395192
135,43,3.7092537832334744,-23.748259529611776,0.4906165652654259,6.7719054650589525,fused,0.5619888,0.0,3.709253699885123,-23.7482589959793,3.709253699885123,-23.7482589959793
136,1,4.654457510140275,1.2265856954445478,24.75277344200127,2.107716736630716,fused,0.92180175,0.0,4.654457510140275,1.2265856954445478,4.654457510140275,1.2265856954445478
136,7,6.4547698183958335,-62.115769722084885,58.20596104659915,117.53291033639009,fused,0.8532499,0.0,6.454769627334587,-62.11576788345751,6.454769627334587,-62.11576788345751
136,22,-0.36301000420936497,-55.67413092435572,20.900945327542843,92.73334344916488,fused,0.87278974,0.0,-0.3630099937048255,-55.67412931329515,-0.3630099937048255,-55.67412931329515
136,43,3.716516939799038,-23.732346475589743,2.419124081363384,6.541520406950638,fused,0.5230992,0.0,3.716517029519226,-23.73234704851074,3.716517029519226,-23.73234704851074
137,1,4.655693391957482,1.2328517913319021,24.294597539960083,2.050205725003673,fused,0.9216636,0.0,4.655693542500992,1.2328518311966057,4.655693542500992,1.2328518311966057
137,7,6.529182025108771,-63.325032808299426,60.92167734953509,126.2156287326069,fused,0.83806026,0.0,6.52918222187548,-63.32503471669443,6.52918222187548,-63.32503471669443
137,22,-0.18659096652560614,-54.23264416851203,16.643230786518355,87.6356548965501,fused,0.8893469,0.0,-0.18659096652560614,-54.23264416851203,-0.18659096652560614,-54.23264416851203
137,43,3.7146634325185555,-23.697049593697585,3.422551281605691,6.293031024059506,fused,0.5060948,0.0,3.714663339830091,-23.697049002407642,3.714663339830091,-23.697049002407642
138,1,4.661820476980821,1.2283390819611057,23.906854443633016,2.0611465162261844,fused,0.9215245,0.0,4.661820326216441,1.228339042236329,4.661820326216441,1.228339042236329
138,7,6.751885702066451,-65.8789626891481,62.861427922460244,148.83327996225566,fused,0.8082492,0.0,6.751885491083243,-65.87896063055949,6.751885491083243,-65.87896063055949
138,22,-0.03343270226228238,-53.15224945472103,13.721568059945614,84.42216085699955,fused,0.89621085,0.0,-0.03343270320445261,-53.15225095260973,-0.03343270320445261,-53.15225095260973
138,43,3.713103919209322,-23.715025159342773,3.460912882798529,6.200522049723557,fused,0.50705695,0.0,3.7131040116830714,-23.71502574995843,3.7131040116830714,-23.71502574995843
139,1,4.666497826852744,1.2228398306922998,23.44483498118939,2.0597186453009284,fused,0.9218656,0.0,4.666497675992932,1.2228397911600009,4.666497675992932,1.2228397911600009
139,7,7.044244231294865,-69.3734093247031,62.824033908891444,179.39710998667883,fused,0.7813199,0.0,7.0442440035893235,-69.37340708220422,7.0442440035893235,-69.37340708220422
139,22,0.08514906529911577,-52.47491230396399,14.775922377744054,74.29194646959554,fused,0.88722265,0.0,0.08514907014692259,-52.474915291527466,0.08514907014692259,-52.474915291527466
139,43,3.7102802701442803,-23.772951649802597,4.956415170354279,5.91299715493788,fused,0.51123554,0.0,3.7102804534406006,-23.77295282424071,3.7102804534406006,-23.77295282424071
140,1,4.668237882513985,1.1997575317262008,22.621783733196196,2.0813131828352365,fused,0.92121184,0.0,4.668238033537138,1.199757570539811,4.668238033537138,1.199757570539811
140,7,7.058881211016559,-71.23265623413974,59.57361957842004,191.00862089066402,fused,0.8362638,0.0,7.058880997829579,-71.23265408282505,7.058880997829579,-71.23265408282505
140,22,0.2323917381871465,-52.41608854714221,14.00634214057599,62.71570840437394,fused,0.8815727,0.0,0.23239173152934808,-52.416087045472004,0.23239173152934808,-52.416087045472004
140,43,3.7202717582214833,-23.830545640900365,9.681760813001672,6.238230253492885,fused,0.49702483,0.0,3.7202718527438607,-23.83054624637222,3.7202718527438607,-23.83054624637222
141,1,4.636273602342453,1.1251721718305001,23.684765394806817,2.6299825458300368,fused,0.9205468,0.0,4.6362737524398865,1.1251722082574822,4.6362737524398865,1.1251722082574822
141,7,7.400217189234546,-75.68253482471869,56.54892612711607,217.49682817973923,fused,0.8169906,0.0,7.400217418002658,-75.68253716434604,7.400217418002658,-75.68253716434604
141,22,0.36233548043439806,-53.02756446110506,12.6720356507819,56.75511758623154,fused,0.86879486,0.0,0.36233546990116366,-53.02756291957297,0.36233546990116366,-53.02756291957297
141,43,3.7778066692695726,-23.909795633805278,15.45969001297868,6.917425137560527,fused,0.45801777,0.0,3.777806565110881,-23.909794974583342,3.777806565110881,-23.909794974583342
142,1,4.597882936980434,1.0685557296774073,24.97458949425747,2.9514861996091115,fused,0.9206491,0.0,4.59788278814241,1.0685556950872002,4.59788278814241,1.0685556950872002
142,7,7.899510061812342,-80.85061483216157,53.75918647162584,248.07756323236546,fused,0.8093397,0.0,7.8995098153007035,-80.85061230914212,7.8995098153007035,-80.85061230914212
142,22,0.5343767068412936,-53.699260172492735,6.916831337969319,61.815860705417464,fused,0.87468153,0.0,0.534376675981309,-53.69925707138763,0.534376675981309,-53.69925707138763
142,43,3.829836379691919,-23.991795341813823,18.780759176599943,5.891999211123659,fused,0.3735398,0.0,3.8298363796919195,-23.991795341813823,3.8298363796919195,-23.991795341813823
143,1,4.5706427136269445,1.0212600586043834,25.602407784248626,3.0128469055989546,fused,0.9204416,0.0,4.570642861616507,1.0212600916710306,4.570642861616507,1.0212600916710306
143,7,8.24177654097945,-85.12127751246842,52.390190788006315,269.85123344217,fused,0.80272776,0.0,8.2417762816686,-85.12127483429938,8.2417762816686,-85.12127483429938
143,22,0.6759460269853085,-53.33310748173935,4.515648972518957,63.928973998276405,fused,0.8576168,0.0,0.6759460070791762,-53.33310591111706,0.6759460070791762,-53.33310591111706
143,43,3.867874458957735,-23.99961490511524,20.891846449308385,4.961975091484111,fused,0.34508148,0.0,3.867874600500873,-23.99961578337043,3.867874600500873,-23.99961578337043
144,1,4.553590366991589,0.9944137104395129,24.42099997974298,2.994518157715731,fused,0.9224911,0.0,4.553590366991589,0.9944137104395129,4.553590366991589,0.9944137104395129
144,7,8.359752827077193,-86.4270675968414,51.729860491039105,259.4875102581362,fused,0.81326824,0.0,8.359752827077193,-86.4270675968414,8.359752827077193,-86.4270675968414
144,22,0.8305694436639881,-52.650872678929424,2.958307681280248,66.05400305222378,fused,0.8545689,0.0,0.8305694682109047,-52.650874234990255,0.8305694682109047,-52.650874234990255
144,43,3.8874438168657646,-23.96377083303725,21.14170357805217,4.620483696631415,fused,0.37427622,0.0,3.887443685703169,-23.963770024498135,3.887443685703169,-23.963770024498135
145,1,4.545781538599528,1.0036498518883163,23.600516178544158,2.9239323960132872,fused,0.92104286,0.0,4.545781391510987,1.003649819413066,4.545781391510987,1.003649819413066
145,7,8.225958868584193,-85.63439903171714,50.549985897948844,251.9557038295308,fused,0.8189734,0.0,8.225958868584193,-85.63439903171712,8.225958868584193,-85.63439903171712
145,22,0.9496802666564372,-51.06563608989691,10.094398626097512,73.89955288590149,fused,0.849961,0.0,0.9496802384371171,-51.065634572504614,0.9496802384371171,-51.065634572504614
145,43,3.84185257572254,-23.841295845245345,19.513182274576366,5.752415606647074,fused,0.4143114,0.0,3.84185245862388,-23.841295118568897,3.84185245862388,-23.841295118568897
146,1,4.567045160352005,1.0415651459173407,23.18709363305819,3.2947723587647153,fused,0.91838986,0.0,4.567045160352006,1.0415651459173407,4.567045160352006,1.0415651459173407
146,7,8.031104874413343,-85.55045988726603,50.61906435219937,241.96184674018826,fused,0.8264041,0.0,8.031104874413343,-85.55045988726604,8.031104874413343,-85.55045988726604
146,22,1.0530965546051732,-49.43703514829241,16.15807032331788,75.69594082196551,fused,0.8303636,0.0,1.053096522574356,-49.43703364462341,1.053096522574356,-49.43703364462341
146,43,3.80001944264891,-23.725371606557687,18.17593904420402,6.631374363675784,fused,0.44227883,0.0,3.800019334149394,-23.72537092914238,3.800019334149394,-23.72537092914238
147,1,4.591322649565419,1.0744830778316903,23.35599059568427,3.627698156702942,fused,0.91918886,0.0,4.591322798427171,1.074483112669023,4.591322798427171,1.074483112669023
147,7,8.061687881056201,-87.70599347386604,51.811749130434116,237.8831379175874,fused,0.8181735,0.0,8.06168763219988,-87.70599076646887,8.06168763219988,-87.70599076646887
147,22,1.165201878171136,-48.23445464962857,14.20851315389493,76.86191864262112,fused,0.8237994,0.0,1.165201878171136,-48.23445464962857,1.165201878171136,-48.23445464962857
147,43,3.796627353016503,-23.69804487078606,20.488917597420375,6.726308102567666,fused,0.4482667,0.0,3.7966272460618686,-23.698044203189408,3.7966272460618686,-23.698044203189408
148,1,4.600246543684354,1.0839084545077038,23.923560588255498,3.6853017980478864,fused,0.9196815,0.0,4.600246543684354,1.0839084545077038,4.600246543684354,1.0839084545077038
148,7,8.178783108149188,-91.13636292359146,55.693368587328344,237.1402595983138,fused,0.8164013,0.0,8.178782855130208,-91.13636010419532,8.178782855130208,-91.13636010419532
148,22,1.292409291027204,-47.69463633972889,14.848758651263502,75.53156911185867,fused,0.80412996,0.0,1.2924092504350693,-47.69463484173044,1.2924092504350693,-47.69463484173044
148,43,3.8105994699297026,-23.720847432927723,22.256538459547727,6.413783320880931,fused,0.44761187,0.0,3.8105994699297026,-23.720847432927723,3.8105994699297026,-23.720847432927723
149,1,4.602029186573742,1.080839770364168,24.340722163712474,3.489312793468088,fused,0.9204983,0.0,4.602029037577095,1.0808397353705825,4.602029037577095,1.0808397353705825
149,7,8.629296784848247,-97.92070384360574,61.49736065233993,286.5400406692646,fused,0.8199899,0.0,8.629296784848247,-97.92070384360575,8.629296784848247,-97.92070384360575
149,22,1.3932404166791452,-47.30661969531775,13.668036428717457,77.95502681364732,fused,0.7690712,0.0,1.393240370925297,-47.306618141774024,1.393240370925297,-47.306618141774024
149,43,3.845764687965771,-23.725404100003573,23.516682306197442,6.18383309444275,fused,0.43154886,0.0,3.8457646879657714,-23.725404100003573,3.8457646879657714,-23.725404100003573
150,1,4.590772007963685,1.052904592175312,24.735508620244953,2.979032414869164,fused,0.92096215,0.0,4.590772156520998,1.0529046262472885,4.590772156520998,1.0529046262472885
150,7,9.227545653839424,-104.83750209111165,64.63224428697069,311.3367524253511,fused,0.8308975,0.0,9.227545934322585,-104.83750527778284,9.227545934322585,-104.83750527778284
150,22,1.4728054610342078,-47.33152653997526,10.73166435623729,72.53744500090099,fused,0.7184854,0.0,1.4728054610342078,-47.33152653997526,1.4728054610342078,-47.33152653997526
150,43,3.8813082512862516,-23.721267093637664,23.723582982813483,5.562340516061796,fused,0.42731827,0.0,3.881308480686954,-23.721268495658578,3.881308480686954,-23.721268495658578
151,1,4.564489528429118,1.027054384456223,25.30858300692281,2.6636273419556313,fused,0.91997164,0.0,4.564489528429117,1.027054384456223,4.564489528429117,1.027054384456223
151,7,9.686947373594794,-110.00247478204395,67.94603986297719,311.26896012677025,fused,0.84298146,0.0,9.686947373594794,-110.00247478204395,9.686947373594794,-110.00247478204395
151,22,1.4750164572657738,-46.38051906100698,13.293665193713096,75.11376360731552,fused,0.7084818,0.0,1.4750164572657738,-46.38051906100698,1.4750164572657738,-46.38051906100698
151,43,3.8924907531156907,-23.687144376772274,23.96613570487424,4.950288248438822,fused,0.39605215,0.0,3.8924907531156907,-23.687144376772274,3.8924907531156907,-23.687144376772274
152,1,4.559670375871736,1.037763583383381,25.020958993738002,2.2352689879054464,fused,0.9177079,0.0,4.559670375871736,1.037763583383381,4.559670375871736,1.037763583383381
152,7,9.533344080349973,-109.3211024757043,69.59295405519411,275.4101136815279,fused,0.8533555,0.0,9.53334351604566,-109.32109600469379,9.53334351604566,-109.32109600469379
152,22,1.542307219151617,-45.70644044540146,14.503119654661727,77.96237304331211,fused,0.84042287,0.0,1.5423071728025366,-45.70643907184148,1.5423071728025366,-45.70643907184148
153,1,4.576924632684132,1.0863160308272883,25.22267579971864,2.4324984326860934,fused,0.9182931,0.0,4.576924781223815,1.0863160660826299,4.576924781223815,1.0863160660826299
153,7,8.888657452650927,-104.58983645280536,64.06031105817401,310.0488942949471,fused,0.88457507,0.0,8.888657706438028,-104.58983943903263,8.888657706438028,-104.58983943903263
153,22,1.5958286066108716,-44.64961503893773,20.242094867676492,81.54879589919862,fused,0.85131663,0.0,1.5958285119232452,-44.649612389677,1.5958285119232452,-44.649612389677
154,1,4.6072276368724046,1.1434057241130833,24.70561998105741,2.9578866884769948,fused,0.91977286,0.0,4.607227487589811,1.1434056870646485,4.607227487589811,1.1434056870646485
154,7,8.335420313872577,-101.39554082233154,60.59804587504915,334.42859360362615,fused,0.89549637,0.0,8.335420078783866,-101.39553796261407,8.335420078783866,-101.39553796261407
154,22,1.5797741286975666,-43.228981950853566,18.242538099660372,79.85898250635063,fused,0.82168114,0.0,1.579774177255449,-43.22898327959276,1.579774177255449,-43.22898327959276
155,1,4.660064390929024,1.2289894365160647,23.41079909623276,3.5289765229142427,fused,0.9228152,0.0,4.660064390929024,1.2289894365160647,4.660064390929024,1.2289894365160647
155,7,7.954353344112503,-99.98439476813155,59.856511239086025,346.92387250478487,fused,0.8887207,0.0,7.954353118060835,-99.984391926714,7.954353118060835,-99.984391926714
155,22,1.6461953780574765,-41.812465701796135,16.011250958150296,77.72089800117526,fused,0.7478941,0.0,1.6461954336491016,-41.812467113793126,1.6461954336491016,-41.812467113793126
156,1,4.695914494322505,1.264665574180797,23.673132673801614,3.6257233158787567,fused,0.92541814,0.0,4.695914645550515,1.2646656149082973,4.695914645550515,1.2646656149082973
156,7,7.7129487287627665,-100.3451945151215,59.05810260034269,329.7074804558589,fused,0.88017565,0.0,7.712948950082006,-100.34519739447711,7.712948950082006,-100.34519739447711
156,22,1.741877988654011,-41.42393210647494,21.7816258489127,69.64437210071252,fused,0.7176424,0.0,1.7418779273515714,-41.423930648629955,1.7418779273515714,-41.423930648629955
157,1,4.697821585969035,1.2613201869065453,23.898794195929796,3.534433870972937,fused,0.9217507,0.0,4.697821585969035,1.2613201869065453,4.697821585969035,1.2613201869065453
157,7,7.722810424836815,-103.49444507815933,59.69107899472812,326.8764666596953,fused,0.8584712,0.0,7.722810424836815,-103.49444507815933,7.722810424836815,-103.49444507815933
157,22,1.8365676938118671,-41.17201202932537,25.707092146301424,66.78961239484414,fused,0.76200014,0.0,1.836567632939529,-41.17201066469468,1.836567632939529,-41.17201066469468
158,1,4.694074495864933,1.2557973469073658,24.20151346407442,3.5656850731665535,fused,0.92186904,0.0,4.694074344114184,1.2557973063097596,4.694074344114184,1.2557973063097596
158,7,7.943505657904334,-107.648791829961,60.69282177232445,300.48568756225745,fused,0.86377513,0.0,7.9435054256415425,-107.64878868238233,7.9435054256415425,-107.64878868238233
158,22,1.9117642489874875,-40.81352218422224,23.04153965548091,66.44349008376462,fused,0.74684495,0.0,1.9117641843369693,-40.81352080402311,1.9117641843369693,-40.81352080402311
159,1,4.686561271690741,1.252079075095503,24.387072852109807,3.3483339932851393,fused,0.92335343,0.0,4.686561271690741,1.252079075095503,4.686561271690741,1.252079075095503
159,7,8.255327385298656,-113.43876242751206,61.181500058261705,289.04307968838987,fused,0.8689862,0.0,8.255327625231404,-113.43876572449503,8.255327625231404,-113.43876572449503
159,22,1.892941726193061,-40.030142602161206,20.460571056696246,73.44582344629106,fused,0.7417818,0.0,1.8929417906439885,-40.03014396510851,1.8929417906439885,-40.03014396510851
160,1,4.675980781673222,1.256824496711835,24.389877325649696,3.095646941749946,fused,0.9236112,0.0,4.67598063079254,1.2568244561576611,4.67598063079254,1.2568244561576611
160,7,8.356170210727065,-116.80070164012398,54.87656037809781,270.8239592606608,fused,0.86483294,0.0,8.356170454757024,-116.80070505112083,8.356170454757024,-116.80070505112083
160,22,1.9186728156867399,-39.197954276169625,18.355839402262163,72.26158326413005,fused,0.7271698,0.0,1.9186727490470086,-39.19795291473837,1.9186727490470086,-39.19795291473837
161,1,4.686463680714903,1.2904495713385948,24.12917376468604,3.3304239055907225,fused,0.92222875,0.0,4.686463680714903,1.2904495713385948,4.686463680714903,1.2904495713385948
161,7,8.0952095016877,-116.50946563231537,51.024078893625166,267.7497306874927,fused,0.85256976,0.0,8.095209261878251,-116.50946218088265,8.095209261878251,-116.50946218088265
161,22,1.9489725050431652,-38.24234604731829,13.766045069083662,75.04817811457018,fused,0.7080411,0.0,1.948972435522269,-38.24234468319327,1.948972435522269,-38.24234468319327
162,1,4.711179223690324,1.3287223390653935,24.196367289336905,3.270746604596246,fused,0.922063,0.0,4.711179375961989,1.3287223820114915,4.711179375961989,1.3287223820114915
162,7,7.620340739040124,-112.81261819920842,47.79518096807361,257.27207917289076,fused,0.84728956,0.0,7.620340739040124,-112.81261819920842,7.620340739040124,-112.81261819920842
162,22,1.9525233259815789,-37.493347243836396,20.95666319366784,71.95645236625256,fused,0.78831315,0.0,1.9525233885370816,-37.49334844505902,1.9525233885370816,-37.49334844505902
163,1,4.724966647650968,1.3370690196300903,23.86274308452813,2.7855811398795245,fused,0.9198214,0.0,4.724966647650967,1.3370690196300903,4.724966647650967,1.3370690196300903
163,7,7.320062656863603,-113.1989213692763,45.45989541131167,229.74639420180245,fused,0.84398454,0.0,7.320062875916192,-113.19892475674963,7.320062875916192,-113.19892475674963
163,22,1.97796428007055,-36.802885854589235,29.979752076392437,64.65851369062138,fused,0.7607837,0.0,1.9779642144068426,-36.802884632821005,1.9779642144068426,-36.802884632821005
164,1,4.74413079126941,1.3487006953917289,22.97183315333422,2.0039617905043703,fused,0.9207318,0.0,4.744130637710997,1.348700651736875,4.744130637710997,1.348700651736875
164,7,7.320619055419699,-117.33718089976894,45.30180008151883,256.5120640010745,fused,0.84464806,0.0,7.320618836522541,-117.33717739121653,7.320618836522541,-117.33717739121653
164,22,1.9809086947961232,-36.4433860329434,30.72286332703198,54.072905893369466,fused,0.7489329,0.0,1.9809086279940942,-36.44338480396594,1.9809086279940942,-36.44338480396594
165,1,4.75168080934969,1.3440137210125325,22.40539388735643,1.587058742320882,fused,0.92266506,0.0,4.751680962830216,1.3440137644245251,4.751680962830216,1.3440137644245251
165,7,7.360433111272025,-121.53686311817742,44.89676482215782,294.16966009225206,fused,0.8467897,0.0,7.360433111272025,-121.53686311817742,7.360433111272025,-121.53686311817742
165,22,2.038058581736513,-36.219596738767166,28.61023989862966,52.3812005404195,fused,0.7369867,0.0,2.038058581736513,-36.219596738767166,2.038058581736513,-36.219596738767166
166,1,4.732263445381041,1.3123078338047756,23.220804141906193,1.9203433931349225,fused,0.9232691,0.0,4.732263292627693,1.31230779144462,4.732263292627693,1.31230779144462
166,7,7.6987350304961515,-129.67485624941213,44.55733027416208,344.12721822140264,fused,0.85478514,0.0,7.698734803022794,-129.67485241792878,7.698734803022794,-129.67485241792878
166,22,2.1068297444305477,-36.15606916467273,28.47886433260832,50.62614864588189,fused,0.7350492,0.0,2.1068296720401167,-36.1560679223543,2.1068296720401167,-36.1560679223543
167,1,4.714633880755026,1.2850175090961617,23.615445450802934,2.1784976135357375,fused,0.9240787,0.0,4.714634032805955,1.2850175505390629,4.714634032805955,1.2850175505390629
167,7,8.19802277085303,-141.03579523863507,44.028625348861446,416.2442208517689,fused,0.86868376,0.0,8.19802277085303,-141.03579523863507,8.19802277085303,-141.03579523863507
167,22,2.1691658928523747,-35.98737068184181,31.14605907474902,48.76170410078109,fused,0.72199607,0.0,2.1691658169725963,-35.987369422964505,2.1691658169725963,-35.987369422964505
168,1,4.705593619197583,1.2751970944849955,24.40112313751397,2.2281471391041365,fused,0.9229665,0.0,4.705593467255323,1.2751970533092492,4.705593467255323,1.2751970533092492
168,7,8.497955988193448,-150.24896812636734,46.61198070705996,450.4411464200978,fused,0.8726652,0.0,8.497956234136701,-150.24897247479186,8.497956234136701,-150.24897247479186
168,22,2.213693907901126,-35.624418447673904,34.56719272651995,44.5823817816994,fused,0.55742335,0.0,2.213693857751175,-35.62441764062338,2.213693857751175,-35.62441764062338
169,1,4.699838276960119,1.2808183508950075,25.39727292835726,2.1926380393679104,fused,0.9240424,0.0,4.699838125380386,1.2808183095859047,4.699838125380386,1.2808183095859047
169,7,8.743766294482503,-159.39703505656047,51.48367509482125,508.32032176533477,fused,0.8793295,0.0,8.743766545621984,-159.39703963478075,8.743766545621984,-159.39703963478075
169,22,2.2058099076903246,-35.07264972173258,27.19199202224999,41.77477195962101,fused,0.5854231,0.0,2.2058098125277192,-35.072648208635414,2.2058098125277192,-35.072648208635414
170,1,4.710030390892038,1.2899986132910597,25.168207246275554,1.9775956024796804,fused,0.9261337,0.0,4.710030390892038,1.2899986132910597,4.710030390892038,1.2899986132910597
170,7,8.71619519082442,-163.49967046918752,53.63965807432957,545.4371176424098,fused,0.87992287,0.0,8.716194940645662,-163.49966577629758,8.716194940645662,-163.49966577629758
170,22,2.1869644149493705,-34.78818905711772,22.5650971858673,35.06472965398596,fused,0.5835655,0.0,2.186964462274328,-34.78818980991898,2.186964462274328,-34.78818980991898
171,1,4.726701834459259,1.3049054829971767,24.681800492951435,1.7456419136181824,fused,0.92593694,0.0,4.7267016823250465,1.3049054409973264,4.7267016823250465,1.3049054409973264
171,7,8.904107392717604,-170.9473332748898,53.07134133163265,582.665231442866,fused,0.88098955,0.0,8.904107392717604,-170.94733327488976,8.904107392717604,-170.94733327488976
171,22,2.2195460479434552,-34.372159475652325,21.593283233176656,31.747692024612686,fused,0.5419164,0.0,2.2195460996648166,-34.37216027661561,2.2195460996648166,-34.37216027661561
172,1,4.731153789747335,1.293258262020056,24.58245825354457,1.709161836749446,fused,0.92626756,0.0,4.731153941970465,1.293258303630164,4.731153941970465,1.293258303630164
172,7,9.777571751055687,-192.80717621038667,54.35002194053702,796.545276451365,fused,0.88641614,0.0,9.777571751055687,-192.80717621038667,9.777571751055687,-192.80717621038667
172,22,2.249110987303213,-34.21550275298417,24.45014712168677,26.4326139598801,fused,0.6951569,0.0,2.2491110690171614,-34.21550399609038,2.2491110690171614,-34.21550399609038
173,1,4.72553817496769,1.250539957347053,24.184304265453534,1.9158415662776842,fused,0.92541486,0.0,4.7255381749676895,1.2505399573470533,4.7255381749676895,1.2505399573470533
173,7,11.211574384085042,-232.25229071334576,54.03219841852713,1149.8744011080187,fused,0.8779015,0.0,11.211574384085042,-232.2522907133458,11.211574384085042,-232.2522907133458
173,22,2.3039797839631477,-34.380775774786606,32.842627855639776,24.578924367006813,fused,0.7330964,0.0,2.3039797839631477,-34.380775774786606,2.3039797839631477,-34.380775774786606
174,1,4.713437962439305,1.2143875546106357,24.301973103664494,2.2082125442177363,fused,0.924188,0.0,4.713437962439305,1.2143875546106357,4.713437962439305,1.2143875546106357
174,7,13.985285961033115,-299.15799402292066,49.029718189919016,1777.5074271826672,fused,0.8666522,0.0,13.98528677615876,-299.15801145920005,13.98528677615876,-299.15801145920005
174,22,2.384562213620004,-34.6051224143069,39.36613247660148,24.653009298203642,fused,0.72156596,0.0,2.384562213620004,-34.6051224143069,2.384562213620004,-34.6051224143069
175,1,4.671814339882233,1.1406648192680269,24.70240498200255,2.683034839775041,fused,0.9248995,0.0,4.671814339882233,1.1406648192680269,4.671814339882233,1.1406648192680269
175,7,17.73631707689211,-384.08836494591253,48.88215984495382,2546.188854090089,fused,0.87105554,0.0,17.736317591155583,-384.088376082532,17.736317591155583,-384.088376082532
175,22,2.47045467485666,-34.77036679253953,39.53083009699438,25.579124601216318,fused,0.73826444,0.0,2.47045467485666,-34.77036679253953,2.47045467485666,-34.77036679253953
176,1,4.636670744193126,1.0873519494476875,24.51355353414427,2.9966805774711567,fused,0.923196,0.0,4.63667059451358,1.087351914346134,4.63667059451358,1.087351914346134
176,7,23.876256012342658,-531.3041012186911,49.020439342613024,3905.9070053711703,fused,0.8695187,0.0,23.87625462531407,-531.3040703539702,23.87625462531407,-531.3040703539702
176,22,2.559291245917537,-35.0096488019947,40.9460247285447,26.33306079318123,fused,0.76717967,0.0,2.5592913301715785,-35.00964995454208,2.5592913301715785,-35.00964995454208
177,1,4.609278200270322,1.035152409033682,23.46625722895539,3.4527048894793655,fused,0.92247754,0.0,4.609278051359164,1.0351523755911913,4.609278051359164,1.0351523755911913
177,7,30.831753481809244,-713.5182422782452,50.65296170440501,5637.194925342242,fused,0.86977756,0.0,30.831751691252226,-713.5182008406053,30.831751691252226,-713.5182008406053
177,22,2.6148937872256677,-34.97040152971773,38.034761165699585,23.356913661228802,fused,0.7807904,0.0,2.6148937026417665,-34.97040039853107,2.6148937026417665,-34.97040039853107
178,1,4.599382775387838,1.0064093620235246,22.816532036239376,3.6762418030035167,fused,0.92498666,0.0,4.599382923576227,1.0064093944492196,4.599382923576227,1.0064093944492196
178,7,43.6030398754827,-1047.3705300853005,51.550101850081646,8886.646005448758,fused,0.8727129,0.0,43.60304113734924,-1047.3705603960732,43.60304113734924,-1047.3705603960732
178,22,2.646165978564329,-34.73801927935175,35.00827188029553,20.1834331038926,fused,0.76975137,0.0,2.6461660653873067,-34.738020419135985,2.6461660653873067,-34.738020419135985
179,1,4.611346357485015,1.0040970156577373,22.892046908389155,3.6609216952636072,fused,0.9255803,0.0,4.611346357485015,1.0040970156577373,4.611346357485015,1.0040970156577373
179,7,69.94838373767932,-1803.0357615961416,50.05523822141512,16406.862136251744,fused,0.8756867,0.0,69.94838575510248,-1803.0358135985737,69.94838575510248,-1803.0358135985737
179,22,2.669358963794832,-34.475601135558314,31.913548139834102,19.967001420201658,fused,0.76792985,0.0,2.669358963794832,-34.475601135558314,2.669358963794832,-34.475601135558314
180,1,4.63231301020694,0.9974842357904117,22.244581116153007,3.65712849211111,fused,0.9247386,0.0,4.632313159496335,0.9974842679371637,4.632313159496335,0.9974842679371637
180,7,278.8153034801749,-7704.15128643049,47.03613278693007,75380.46916555519,fused,0.8817156,0.0,278.8152875071864,-7704.1508450690635,278.8152875071864,-7704.1508450690635
180,22,2.7091947028807457,-34.359009688580706,26.428295666028276,17.02605660124995,fused,0.7701819,0.0,2.7091947917220676,-34.35901081529922,2.7091947917220676,-34.35901081529922
181,1,4.6393386581674205,0.9568542094595027,22.329673498626207,3.944767625541511,fused,0.92534155,0.0,4.6393386581674205,0.9568542094595027,4.6393386581674205,0.9568542094595027
181,7,-44.61189582136105,1303.6585132914536,47.806527949155694,165297.8391832487,fused,0.88866156,0.0,-44.61189455346865,1303.6584762408263,-44.61189455346865,1303.6584762408263
181,22,2.7824872731383348,-34.61701695992433,26.79960590484857,18.113990308599547,fused,0.7720922,0.0,2.7824873641573387,-34.61701809229479,2.7824873641573387,-34.61701809229479
182,1,4.639383195526326,0.9053009587032811,22.01886131420401,4.029442032830804,fused,0.9240921,0.0,4.639383195526326,0.9053009587032811,4.639383195526326,0.9053009587032811
182,7,-17.494668214878374,570.4596736321188,48.68384637989685,172240.128774831,fused,0.88847,0.0,-17.49466871219276,570.4596898483624,-17.49466871219276,570.4596898483624
182,22,2.8573865936098057,-34.93696832345368,30.823790753177317,19.658573635021185,fused,0.789766,0.0,2.8573866849871714,-34.93696944071522,2.8573866849871714,-34.93696944071522
183,1,4.62939730523413,0.8575335374049275,21.531781433416203,4.136206171688123,fused,0.9277204,0.0,4.62939730523413,0.8575335374049277,4.62939730523413,0.8575335374049277
183,7,-10.90559938061869,377.11849639221407,45.9541199534143,173505.0312635417,fused,0.89776844,0.0,-10.90559938061869,377.11849639221407,-10.90559938061869,377.11849639221407
183,22,2.9163554105113647,-35.17962161596036,37.16529870860121,19.771932568408694,fused,0.75703394,0.0,2.9163555078069536,-35.17962278962459,2.9163555078069536,-35.17962278962459
184,1,4.611715528795328,0.8237135875327667,20.467144680773924,3.6712238607179852,fused,0.92361015,0.0,4.611715528795328,0.8237135875327667,4.611715528795328,0.8237135875327667
184,7,-8.026644618912288,284.61393775358135,45.73986920583779,173580.39309491485,fused,0.9034057,0.0,-8.026644843310443,284.6139457104358,-8.026644843310443,284.6139457104358
184,22,2.9583249517718317,-35.22476798777423,37.824547428877615,18.52600141507126,fused,0.72721463,0.0,2.958324849029031,-35.224766764415946,2.958324849029031,-35.224766764415946
185,1,4.593439654365955,0.7766132781087992,20.259824419707357,3.537901226930582,fused,0.92012155,0.0,4.593439654365955,0.7766132781087992,4.593439654365955,0.7766132781087992
185,7,-6.730555473464102,248.92275115552695,48.635289226182735,172464.103013039,fused,0.9040283,0.0,-6.730555285429848,248.9227442012712,-6.730555285429848,248.9227442012712
185,22,2.974489576646803,-35.14853288614186,35.18875364809846,16.752894445184438,fused,0.74183846,0.0,2.974489475379037,-35.14853168949507,2.974489475379037,-35.14853168949507
186,1,4.60228814776791,0.7630468749172072,19.19427853203345,3.1103678503583816,fused,0.9210348,0.0,4.60228814776791,0.7630468749172072,4.60228814776791,0.7630468749172072
186,7,-5.908869813062848,235.9122261093309,51.41109779008325,170770.9990176688,fused,0.90137535,0.0,-5.908869978627203,235.91223271950454,-5.908869978627203,235.91223271950454
186,22,2.968419183323685,-34.591901611813704,30.556011840828283,21.63895086627001,fused,0.7798645,0.0,2.968419183323685,-34.591901611813704,2.968419183323685,-34.591901611813704
187,1,4.6168484960500065,0.7434918946788269,18.26841691747324,3.0501840523626997,fused,0.9224008,0.0,4.6168484960500065,0.7434918946788269,4.6168484960500065,0.7434918946788269
187,7,-5.105113111915339,222.6801397302121,53.530387020315956,167562.59900138897,fused,0.89273065,0.0,-5.105112967486791,222.68013343037734,-5.105112967486791,222.68013343037734
187,22,2.9261489187560734,-33.86498903751113,25.88361141314687,26.57558647350655,fused,0.75540894,0.0,2.9261488209237347,-33.86498790527515,2.9261488209237347,-33.86498790527515
188,1,4.638504228295816,0.7065617910055748,16.47756141137268,3.356446565097058,fused,0.9212231,0.0,4.638504078236398,0.7065617681477211,4.638504078236398,0.7065617681477211
188,7,-3.824549426327827,194.6347330688272,54.414965820630094,160282.10185949397,fused,0.87109613,0.0,-3.824549315440405,194.63472742566734,-3.824549315440405,194.63472742566734
188,22,2.917763818841494,-33.56003709426788,23.406633128877445,26.991847802603647,fused,0.7436635,0.0,2.91776391793422,-33.56003823402962,2.91776391793422,-33.56003823402962
189,1,4.647659767573329,0.6530565766656892,15.650963939471254,3.679427904351365,fused,0.92129296,0.0,4.647659917917527,0.653056597791002,4.647659917917527,0.653056597791002
189,7,-3.224044068565346,175.1745994570585,52.744563323955525,101428.68846655925,fused,0.8706987,0.0,-3.224044068565346,175.17459945705846,-3.224044068565346,175.17459945705846
189,22,2.9265149351814435,-33.352315440236254,19.465601108435937,27.838817152973927,fused,0.6929363,0.0,2.926514935181444,-33.352315440236254,2.926514935181444,-33.352315440236254
190,1,4.639896042659415,0.5876808908230838,15.659206330313303,3.9254487341517983,fused,0.9229296,0.0,4.639895892832511,0.5876808718462775,4.639895892832511,0.5876808718462775
190,7,-2.5930940587187705,156.05671909161535,50.01361574182812,11483.828473876725,fused,0.8796709,0.0,-2.593093984268526,156.05671461107562,-2.593093984268526,156.05671461107562
190,22,2.9698444233606303,-33.28878376407091,14.819572559011451,25.92566923082139,fused,0.65456074,0.0,2.9698444233606307,-33.28878376407091,2.9698444233606307,-33.28878376407091
191,1,4.626557482211035,0.5262125576314387,16.075774258765694,4.038905158136078,fused,0.92161876,0.0,4.626557631819681,0.5262125746475352,4.626557631819681,0.5262125746475352
191,7,-2.1662193136829777,140.64977988196787,48.893583279833535,4300.955679066329,fused,0.8788522,0.0,-2.166219375935169,140.64978392392104,-2.166219375935169,140.64978392392104
191,22,3.0066679507413103,-33.2795406125095,13.399341142426646,23.0193155012566,fused,0.65925,0.0,3.006667835554307,-33.279539337553096,3.006667835554307,-33.279539337553096
192,1,4.617074229206059,0.4641564012516158,15.004667921084984,4.1786704637083565,fused,0.9190347,0.0,4.617074079484262,0.4641563862000209,4.617074079484262,0.4641563862000209
192,7,-1.9521136444838174,135.26292327512772,48.743114255597945,2420.3325533332923,fused,0.8815155,0.0,-1.9521137004136149,135.26292715053114,-1.9521137004136149,135.26292715053114
192,22,3.0416071856409794,-33.14877283290778,9.815597663066018,21.87570777655632,fused,0.5853371,0.0,3.041607251260822,-33.14877354806168,3.041607251260822,-33.14877354806168
193,1,4.610319552108297,0.4444792279603127,18.204560579114514,4.00508038654125,fused,0.91823024,0.0,4.610319552108297,0.4444792279603127,4.610319552108297,0.4444792279603127
193,7,-1.7457602144356876,135.74843885171555,49.006825410915525,1500.114558980535,fused,0.88388485,0.0,-1.7457603142027012,135.74844660949134,-1.7457603142027012,135.74844660949134
193,22,3.0425793280793054,-32.77568707952876,9.679226540807633,24.99016599654495,fused,0.50897485,0.0,3.0425793280793054,-32.775687079528765,3.0425793280793054,-32.775687079528765
194,1,4.6337332118724675,0.4391915224529802,14.939894139995792,3.739896118708462,fused,0.9172193,0.0,4.6337332118724675,0.43919152245298015,4.6337332118724675,0.43919152245298015
194,7,-1.3890847137562141,137.61914125015696,48.245102722170515,1162.0114542186107,fused,0.8930139,0.0,-1.3890847923283582,137.61914903444173,-1.3890847923283582,137.61914903444173
194,22,3.0321252076642926,-32.28169305459443,0,29.15191223679058,fused,0.30348608,0.0,3.032125270747891,-32.28169372621753,3.032125270747891,-32.28169372621753
195,1,4.661505870700845,0.44220375875437645,15.82136783583658,3.857281374699335,fused,0.9175852,0.0,4.661505870700845,0.44220375875437645,4.661505870700845,0.44220375875437645
195,7,-0.9647462222276423,142.05839656837918,47.02180512019894,1076.2418921648377,fused,0.8951033,0.0,-0.9647461950063938,142.05839256006402,-0.9647461950063938,142.05839256006402
195,22,2.9973579689795757,-31.77117926301575,0,28.70223138819061,fused,0.3700995,0.0,2.9973579689795757,-31.77117926301575,2.9973579689795757,-31.77117926301575
196,1,4.684364206168993,0.3973800197244822,14.463698811975002,4.116635112041662,fused,0.9202319,0.0,4.684364054462733,0.39738000685506514,4.684364054462733,0.39738000685506514
196,7,-0.4559934181218422,144.1368300074118,47.233762429751955,965.0750722330556,fused,0.88892454,0.0,-0.4559934051661149,144.13682591218281,-0.4559934051661149,144.13682591218281
196,22,2.9599089075947584,-31.329601631966703,0,25.852453502962614,fused,0.28250363,0.0,2.9599089737497195,-31.32960233219385,2.9599089737497195,-31.32960233219385
196,76,3.846342691331979,-22.090040400737216,26.456692554302485,0,fused,0.38248116,0.0,3.8463428183238775,-22.09004113006801,3.8463428183238775,-22.09004113006801
197,1,4.6955336134969325,0.3329729995770269,14.010965242948366,4.34220599449668,fused,0.9190264,0.0,4.695533461229483,0.3329729887793299,4.695533461229483,0.3329729887793299
197,7,-0.06758697206470864,141.58927060284677,45.89062799891284,710.098782375859,fused,0.8829963,0.0,-0.06758697593106791,141.5892787025585,-0.06758697593106791,141.5892787025585
197,22,2.9154786160917494,-31.01243016296538,0,26.00446460351254,fused,0.15328331,0.0,2.9154785560445022,-31.01242952423284,2.9154785560445022,-31.01242952423284
197,76,3.8367398494765723,-22.071359000494784,23.712171428505517,1.8904484183428367,fused,0.332646,0.0,3.8367399951291277,-22.071359838380584,3.8367399951291277,-22.071359838380584
198,1,4.696505350723431,0.24162710612116128,13.804541457966199,4.712887740594423,fused,0.9193129,0.0,4.696505502974926,0.24162711395423828,4.696505502974926,0.24162711395423828
198,7,0.13110423354528353,137.18837594124818,44.219713062197236,559.458591878609,fused,0.88594776,0.0,0.13110423354528353,137.18837594124818,0.13110423354528353,137.18837594124818
198,76,3.8395627114777406,-22.07345755096196,22.903760008611346,1.1035095195460312,fused,0.3236658,0.0,3.8395627114777406,-22.07345755096196,3.8395627114777406,-22.07345755096196
199,1,4.682755031553451,0.15812407310558713,14.41515623549934,4.900812924865987,fused,0.9230001,0.0,4.682755031553451,0.15812407310558713,4.682755031553451,0.15812407310558713
199,7,0.2796797956423139,125.12005754138325,44.78225222418578,488.86802928868644,fused,0.883931,0.0,0.2796797956423139,125.12005754138326,0.2796797956423139,125.12005754138326
199,76,3.847315170570157,-22.072248087543596,23.182314508883046,0.9710601013893346,fused,0.31972626,0.0,3.847315170570157,-22.072248087543596,3.847315170570157,-22.072248087543596
200,1,4.671749288256114,0.0791676065067647,14.092945559734794,5.069022019908749,fused,0.9300139,0.0,4.671749138549776,0.07916760396983652,4.671749138549776,0.07916760396983652
200,7,0.556590729004781,116.08434438680874,45.298614105090465,425.1390652092168,fused,0.8861733,0.0,0.5565907131417778,116.08434107837,0.5565907131417778,116.08434107837
200,76,3.848100507705621,-22.068107655766863,22.843928825544566,0.8231157721888503,fused,0.2871906,0.0,3.8481004231029043,-22.068107170586742,3.8481004231029043,-22.068107170586742
201,1,4.694476765421976,0.07074861179331904,11.913725122184005,4.68362326200801,fused,0.9317717,0.0,4.694476765421976,0.07074861179331902,4.694476765421976,0.07074861179331902
201,7,0.7628724830007577,114.09281779930227,44.518421329380494,391.2497806591437,fused,0.8901151,0.0,0.7628725046465691,114.09282103658197,0.7628725046465691,114.09282103658197
201,76,3.8385865422912384,-22.080515773726894,21.865741813275903,0.9399362623160752,fused,0.22706154,0.0,3.8385864355491015,-22.08051515971926,3.8385864355491015,-22.08051515971926
202,1,4.699288194385262,0.041730359483851336,15.048831165568352,4.769725084601651,fused,0.9343288,0.0,4.699288194385262,0.04173035948385134,4.699288194385262,0.04173035948385134
202,7,0.9884462460806727,110.89176352883774,43.38157751448941,418.064222163194,fused,0.8893351,0.0,0.9884462180098114,110.8917603796252,0.9884462180098114,110.8917603796252
202,22,2.9837172613187763,-30.048325978137854,14.483491722752735,25.85843772028414,fused,0.2739263,0.0,2.9837171237683138,-30.04832459289898,2.9837171237683138,-30.04832459289898
203,1,4.7165193401068635,-0.005991459999428403,18.34210511015581,5.037065967741118,fused,0.93547505,0.0,4.716519340106864,-0.005991459999428403,4.716519340106864,-0.005991459999428403
203,7,1.298662909754639,111.71776844260997,44.23664033125442,407.8435771951918,fused,0.88830984,0.0,1.298662909754639,111.71776844260997,1.298662909754639,111.71776844260997
203,22,3.0161758555356406,-29.365124810692162,27.53584755855499,31.929148468572016,fused,0.43979976,0.0,3.0161757689312756,-29.365123967522496,3.0161757689312756,-29.365123967522496
204,1,4.723744298073979,-0.07197859726276591,20.902878600661328,5.421525518905789,fused,0.93181777,0.0,4.723744449153451,-0.07197859956485675,4.723744449153451,-0.07197859956485675
204,7,1.6356534406634362,109.78896898158129,43.64687321982213,382.8288458190358,fused,0.8903441,0.0,1.6356534406634362,109.78896898158129,1.6356534406634362,109.78896898158129
204,22,3.0274532233229996,-28.95296255668665,24.64453465802289,35.67265475038258,fused,0.49312347,0.0,3.0274531457947704,-28.952961815247644,3.0274531457947704,-28.952961815247644
205,1,4.73472581916084,-0.14787281897181342,21.00521091131587,5.685214301211559,fused,0.9324757,0.0,4.734725667836959,-0.14787281424573434,4.734725667836959,-0.14787281424573434
205,7,1.917198627741141,103.47870953657548,42.843822516772214,424.5962855390099,fused,0.88588077,0.0,1.917198682399921,103.47871248672365,1.917198682399921,103.47871248672365
205,22,3.0516881321380187,-28.885514557047934,20.945676270563563,35.03580348197639,fused,0.54852206,0.0,3.0516880618819,-28.885513892044152,3.0516880618819,-28.885513892044152
206,1,4.721643387306824,-0.23229001640661415,22.112783147690166,5.8857798817077045,fused,0.9258189,0.0,4.7216432353160505,-0.2322900089291457,4.7216432353160505,-0.2322900089291457
206,7,2.1745541476644306,99.10606665378737,39.68902293553532,442.62840365344937,fused,0.8831709,0.0,2.1745540854782965,99.10606381963252,2.1745540854782965,99.10606381963252
206,22,3.076501729216771,-28.9130010714969,17.052680922439833,31.675233576631122,fused,0.5610905,0.0,3.076501798457611,-28.913001722223164,3.076501798457611,-28.913001722223164
207,1,4.673973529350629,-0.34745114468296795,26.56219984752794,6.2186440379671915,fused,0.9229537,0.0,4.673973378427287,-0.3474511334637157,4.673973378427287,-0.3474511334637157
207,7,2.3078618442412893,93.55726034787978,38.39732850515791,454.07870145565687,fused,0.87748927,0.0,2.307861777815591,93.55725765508153,2.307861777815591,93.55725765508153
207,22,3.0910121090390454,-28.957757894614684,15.888066289808952,27.204689598207054,fused,0.56414926,0.0,3.091012178229277,-28.957758542814666,3.091012178229277,-28.957758542814666
208,1,4.643958890057757,-0.4233948229197096,29.588822936576108,6.188966079639662,fused,0.9172019,0.0,4.643958890057757,-0.4233948229197096,4.643958890057757,-0.4233948229197096
208,7,2.2909112972199854,88.99965523890896,38.13393227570871,378.9627383804334,fused,0.8761264,0.0,2.2909112972199854,88.99965523890896,2.2909112972199854,88.99965523890896
208,22,3.1121016319985464,-28.937188065517496,13.764202278939331,22.382325730932422,fused,0.61241865,0.0,3.112101631998547,-28.937188065517496,3.112101631998547,-28.937188065517496
209,1,4.615009194560192,-0.5102235344926457,34.94197207358078,6.3070443228824855,fused,0.9132074,0.0,4.615009043950391,-0.5102235178416137,4.615009043950391,-0.5102235178416137
209,7,2.3225847615745585,84.61063146777465,36.02258349346038,332.45456590927614,fused,0.8699467,0.0,2.3225847615745585,84.61063146777465,2.3225847615745585,84.61063146777465
209,22,3.149040734603411,-28.85557904519968,6.809133778096583,18.84649546127785,fused,0.6447169,0.0,3.149040734603411,-28.85557904519968,3.149040734603411,-28.85557904519968
210,1,4.588430672053528,-0.5985758654051895,39.8762538849661,6.987312244988319,fused,0.9128783,0.0,4.588430522257121,-0.5985758458637557,4.588430522257121,-0.5985758458637557
210,7,2.3488824226340252,80.08270661494115,38.56643722119279,357.7127642191526,fused,0.8686893,0.0,2.348882286051567,80.08270195830409,2.348882286051567,80.08270195830409
210,22,3.1865735692898864,-28.813103419844946,3.3378545900096066,16.210636163120746,fused,0.61230874,0.0,3.186573569289887,-28.813103419844946,3.186573569289887,-28.813103419844946
211,1,4.59301468759763,-0.639190571931792,42.91871988415437,7.101893698163593,fused,0.91346437,0.0,4.593014837447481,-0.6391905927857667,4.593014837447481,-0.6391905927857667
211,7,2.425955323148796,77.66096445619205,38.338694002802306,349.8525234824938,fused,0.8700113,0.0,2.425955323148796,77.66096445619205,2.425955323148796,77.66096445619205
211,22,3.2350860880311036,-28.752635566642866,0,15.052834601003005,fused,0.54924566,0.0,3.235086013650907,-28.752634905570293,3.235086013650907,-28.752634905570293
212,1,4.596055665643467,-0.7084842585421153,43.81809015505997,7.288123448399877,fused,0.9080987,0.0,4.5960555148084,-0.708484235290815,4.5960555148084,-0.708484235290815
212,7,2.506933859082668,73.82521302120915,38.07559947471011,379.3952152641555,fused,0.8792792,0.0,2.5069339310912278,73.82521514174665,2.5069339310912278,73.82521514174665
212,22,3.2276316245342382,-28.593632635282287,0,9.804892579082093,fused,0.58587986,0.0,3.227631694102877,-28.593633251591804,3.227631694102877,-28.593633251591804
212,86,3.666867363939796,-21.39664112148868,20.85489754982445,0,fused,0.32394117,0.0,3.666867363939796,-21.396641121488678,3.666867363939796,-21.396641121488678
213,1,4.566679459050252,-0.8043645520542858,47.45867272225044,7.627104243745261,fused,0.8853801,0.0,4.566679612766888,-0.8043645791295851,4.566679612766888,-0.8043645791295851
213,7,2.5096853299578026,69.92712388863036,36.57205771085987,398.79594781615714,fused,0.8845087,0.0,2.509685401619194,69.92712588532491,2.509685401619194,69.92712588532491
213,22,3.2442883300429957,-28.58164363350266,0,5.886954692202439,fused,0.5967755,0.0,3.244288330042995,-28.58164363350266,3.244288330042995,-28.58164363350266
213,86,3.688943595717989,-21.40763712884999,22.859941189735114,2.2196857250649904,fused,0.30625463,0.0,3.688943747827889,-21.4076380115725,3.688943747827889,-21.4076380115725
214,1,4.559408004372069,-1.0075183845838134,45.463828132849315,8.893097560082971,fused,0.8728853,0.0,4.55940784870333,-1.0075183501848046,4.55940784870333,-1.0075183501848046
214,7,2.5053112738721803,65.12754031204516,35.36764552444521,383.6264317058979,fused,0.88067794,0.0,2.505311202024513,65.12753844430844,2.505311202024513,65.12753844430844
214,22,3.2940008076355682,-28.736628124497408,0,6.797878132998061,fused,0.55867726,0.0,3.2940008820917597,-28.73662877404791,3.2940008820917597,-28.73662877404791
214,86,3.7276704666846077,-21.48685336824418,37.47320673926875,5.077756774805627,fused,0.19931175,0.0,3.72767058477449,-21.48685404893203,3.72767058477449,-21.48685404893203
214,87,4.943914728150655,-1.5736629867020322,0,0,fused,0.77828985,0.0,4.943914538837965,-1.5736629264432311,4.943914538837965,-1.5736629264432311
215,1,4.6086707127933595,-1.3092184813346073,31.621033548627967,11.095803971480104,fused,0.8380222,0.0,4.608670548896628,-1.309218434775275,4.608670548896628,-1.309218434775275
215,7,2.557601414875115,60.30822747895598,34.984446557343134,388.0202990089016,fused,0.8805903,0.0,2.557601488229666,60.30822920865589,2.557601488229666,60.30822920865589
215,22,3.315255755514492,-28.91698741581245,1.1570704070621063,8.243651812630358,fused,0.5092742,0.0,3.3152556733084886,-28.91698669877879,3.3152556733084886,-28.91698669877879
215,87,4.967228714251151,-1.677403107979899,0,9.569482387056745,fused,0.8727738,0.0,4.967228714251151,-1.677403107979899,4.967228714251151,-1.677403107979899
216,1,4.6387520260757995,-1.379585010212568,25.39417770766065,10.614696063607958,fused,0.8715342,0.0,4.6387520260758,-1.3795850102125682,4.6387520260758,-1.3795850102125682
216,7,2.4987090784803394,54.72359752579262,37.38868628200827,388.3656296290337,fused,0.87941355,0.0,2.498708934957608,54.72359438253747,2.498708934957608,54.72359438253747
216,22,3.364066618850968,-29.06243355146319,6.73240268071542,9.30732936255405,fused,0.33842668,0.0,3.364066618850968,-29.062433551463187,3.364066618850968,-29.062433551463187
216,87,5.024069115885625,-1.5708557941035708,0,10.21897543013099,fused,0.855019,0.0,5.024069291003275,-1.5708558488569124,5.024069291003275,-1.5708558488569124
217,1,4.646724170638449,-1.4870877072277289,22.193602144508482,10.87607708597732,fused,0.87424314,0.0,4.646724012234956,-1.4870876565339761,4.646724012234956,-1.4870876565339761
217,7,2.4781695250705815,51.59223315209752,35.85240444329843,374.1035806848711,fused,0.8808531,0.0,2.478169596125736,51.59223463137247,2.478169596125736,51.59223463137247
217,22,3.4130926127895997,-29.102623830809467,7.352929107396681,9.646670922457439,fused,0.2677198,0.0,3.4130926127895993,-29.10262383080947,3.4130926127895993,-29.10262383080947
217,87,4.926063593426197,-1.753490791385818,0,13.030733769495981,fused,0.7802144,0.0,4.926063781590006,-1.7534908583649587,4.926063781590006,-1.7534908583649587
218,1,4.647921560795295,-1.5300221763007233,25.60266168473575,10.390312250820516,fused,0.87314636,0.0,4.647921560795295,-1.5300221763007233,4.647921560795295,-1.5300221763007233
218,7,2.5519667380834767,49.20311100256836,39.1302215092069,354.1148164575873,fused,0.8738204,0.0,2.551966811843478,49.203112424695654,2.551966811843478,49.203112424695654
218,22,3.4234147746800456,-29.073721809170294,9.28994189790948,9.057773178786519,fused,0.3075494,0.0,3.423414774680046,-29.073721809170294,3.423414774680046,-29.073721809170294
218,87,4.923872148228186,-1.7804727848986288,0,10.382144238623331,fused,0.7717036,0.0,4.923871958073807,-1.7804727161387812,4.923871958073807,-1.7804727161387812
219,1,4.795700465039111,-1.5304858222347062,10.712559794324298,10.945473631334313,fused,0.8474539,0.0,4.795700296389208,-1.5304857684122695,4.795700296389208,-1.5304857684122695
219,7,2.6309869497134963,47.3934248475676,40.006659156724304,326.94890974701934,fused,0.8689548,0.0,2.6309869497134963,47.3934248475676,2.6309869497134963,47.3934248475676
219,22,3.424924841217772,-28.97728990010265,8.104208987281183,9.455386675978065,fused,0.3118013,0.0,3.424924841217772,-28.977289900102647,3.424924841217772,-28.977289900102647
219,87,4.880877207091342,-1.9892092525693805,0,12.141847666939679,fused,0.23307331,0.0,4.880877051065883,-1.9892091889809569,4.880877051065883,-1.9892091889809569
220,1,4.967563466128419,-1.581563935926058,0,12.329674649911464,fused,0.85919654,0.0,4.967563293822183,-1.581563881067508,4.967563293822183,-1.581563881067508
220,7,2.7273737142839263,46.07309233542638,41.32642689848046,315.9576873365247,fused,0.8682989,0.0,2.7273736349528193,46.07309099529855,2.7273736349528193,46.07309099529855
220,22,3.4130718190070914,-28.886085740430765,7.455647853257609,9.599867541219655,fused,0.32310733,0.0,3.4130716856129673,-28.886084611467087,3.4130716856129673,-28.886084611467087
221,1,5.050537237039489,-1.7294462873724765,0,13.331766457831945,fused,0.87780863,0.0,5.05053723703949,-1.7294462873724763,5.05053723703949,-1.7294462873724763
221,7,2.8373603190589005,44.17223139541907,43.441869725698,296.6320287836181,fused,0.87079716,0.0,2.837360236765386,44.17223011426766,2.837360236765386,44.17223011426766
221,22,3.4112886367410606,-28.86787243595714,4.3898232463546325,8.191095644748124,fused,0.28687087,0.0,3.4112885616583193,-28.867871800572907,3.4112885616583193,-28.867871800572907
222,7,2.85110411228026,42.479571562204555,36.79097309058527,274.5782840435934,fused,0.882217,0.0,2.8511042755237077,42.4795739944243,2.8511042755237077,42.4795739944243
222,22,3.434083881781206,-28.887520209633664,2.512062399479993,8.286810009992731,fused,0.31039336,0.0,3.4340838119247454,-28.887519622000983,3.4340838119247454,-28.887519622000983
223,7,2.8489967442113646,40.7244987405586,34.31160891342573,244.13316921481996,fused,0.88263077,0.0,2.848996825734518,40.72449990587744,2.848996825734518,40.72449990587744
223,22,3.459905836996812,-28.894184123621695,1.7023580747471023,6.925868137122677,fused,0.23792687,0.0,3.4599059288150324,-28.8941848904092,3.4599059288150324,-28.8941848904092
223,1,4.786691707194905,-2.3944920303080117,7.984556949849155,15.906331178825557,fused,0.9142206,0.0,4.786691551155401,-2.394491952250896,4.786691551155401,-2.394491952250896
224,7,2.8988312949158765,38.299604800434196,38.84065350268048,220.19126386187244,fused,0.88338095,0.0,2.8988312949158765,38.299604800434196,2.8988312949158765,38.299604800434196
224,22,3.493518842476945,-28.928564965682245,2.2408041222620634,5.590613925903606,fused,0.18106219,0.0,3.4935187206499836,-28.928563956877273,3.4935187206499836,-28.928563956877273
224,1,4.724715020849127,-2.573699551601012,14.738344085374163,15.769710422241461,fused,0.91940576,0.0,4.724715020849127,-2.573699551601012,4.724715020849127,-2.573699551601012
225,7,2.898122387258849,36.5065612464159,42.397909151642345,182.27229613243992,fused,0.88739544,0.0,2.8981223047752405,36.5065602074008,2.8981223047752405,36.5065602074008
225,22,3.508879734987231,-28.894405676747482,2.058642208718987,4.430975646958147,fused,0.16056854,0.0,3.5088797349872314,-28.894405676747482,3.5088797349872314,-28.894405676747482
225,1,4.6932993925625155,-2.703158363661388,21.658207315372557,14.044915893744047,fused,0.92245334,0.0,4.693299544192099,-2.7031584509941458,4.693299544192099,-2.7031584509941458
226,7,2.929664300709036,35.329798234386146,43.47792323718045,162.72983538030292,fused,0.8869797,0.0,2.9296644675498404,35.329800246375015,2.9296644675498404,35.329800246375015
226,22,3.5070927010719797,-28.76054216435661,0,5.135789463511667,fused,0.10656475,0.0,3.507092597172877,-28.7605413123134,3.507092597172877,-28.7605413123134
226,1,4.685804615271925,-2.8099706205890445,25.18338967357601,14.350397825092237,fused,0.9260234,0.0,4.685804615271925,-2.8099706205890445,4.685804615271925,-2.8099706205890445
227,7,3.0241919934260375,34.24535901659244,42.091325919438155,149.712731908492,fused,0.8861724,0.0,3.0241920796165025,34.24535999259641,3.0241920796165025,34.24535999259641
227,1,4.723952175327883,-2.894437696767663,24.296019068502304,14.199237322168456,fused,0.93139833,0.0,4.723952175327883,-2.894437696767663,4.723952175327883,-2.894437696767663
228,7,3.058894004470741,33.43470387838461,40.292302567053476,139.7126019193014,fused,0.88952786,0.0,3.05889409132137,33.43470482769016,3.05889409132137,33.43470482769016
228,1,4.738001142491466,-3.008075986231857,25.843699743688063,14.914759943975731,fused,0.9395737,0.0,4.7380012927760395,-3.008076081644965,4.7380012927760395,-3.008076081644965
229,7,3.1303450461795297,33.147248333417465,41.81357077334117,129.43616681798514,fused,0.8897997,0.0,3.1303450461795297,33.147248333417465,3.1303450461795297,33.147248333417465
229,1,4.752732925646494,-3.124635459001926,27.813388600679676,14.611831115581914,fused,0.9417616,0.0,4.752732925646494,-3.124635459001926,4.752732925646494,-3.124635459001926
230,7,3.236024419748756,32.46290210118457,44.279682040411586,117.32034272970006,fused,0.88958853,0.0,3.236024327875161,32.462901179534065,3.236024327875161,32.462901179534065
230,1,4.750157003910645,-3.2529347281269825,29.44658312774687,14.102155577682431,fused,0.940936,0.0,4.750156853458637,-3.2529346250965854,4.750156853458637,-3.2529346250965854
231,7,3.3034225535571906,31.21051809128396,42.71337786068331,112.93514886624432,fused,0.87873966,0.0,3.3034224586122036,31.21051719424999,3.3034224586122036,31.21051719424999
231,1,4.757203666205776,-3.3839036211285327,30.69358395814984,13.718043208977727,fused,0.94201946,0.0,4.757203515703883,-3.3839035140732245,4.757203515703883,-3.3839035140732245
232,7,3.312442940791315,30.308325691313442,42.771149912529076,104.40678292886466,fused,0.87722474,0.0,3.312443036159962,30.308326563921387,3.312443036159962,30.308326563921387
232,1,4.761383612944032,-3.531974311046498,29.262318535806756,11.621979554698676,fused,0.9253398,0.0,4.761383459594655,-3.5319741972925756,4.761383459594655,-3.5319741972925756
233,7,3.3502287299616746,29.512031214220833,41.45735314189982,88.1246280537826,fused,0.88173574,0.0,3.3502287299616746,29.51203121422083,3.3502287299616746,29.51203121422083
233,1,4.761056048418147,-3.6682423085745786,26.725501327647756,11.088444984391765,fused,0.6995207,0.0,4.761056048418147,-3.6682423085745786,4.761056048418147,-3.6682423085745786
234,7,3.3498761268191664,28.855282377361895,42.3741337894567,76.76168042734952,fused,0.88570595,0.0,3.3498761268191664,28.855282377361895,3.3498761268191664,28.855282377361895
234,1,4.853947109611533,-3.8225605339506856,15.983931021918693,11.557474389964328,fused,0.7049274,0.0,4.853947109611533,-3.8225605339506856,4.853947109611533,-3.8225605339506856
235,7,3.486119697468644,28.53796379875762,45.48277499936152,68.44313225076773,fused,0.8851986,0.0,3.4861197969334983,28.53796461299369,3.4861197969334983,28.53796461299369
235,1,5.13983167449995,-3.9727104797430814,30.611034877741336,13.715889424368845,fused,0.7598228,0.0,5.139831876098161,-3.972710635563617,5.139831876098161,-3.972710635563617
236,7,3.612031034778062,28.188985504929338,49.34868976907015,61.26759937167721,fused,0.88883096,0.0,3.6120309321419,28.18898470393697,3.6120309321419,28.18898470393697
236,1,5.25441675639777,-4.119669671174594,25.201789820556876,14.652582368051387,fused,0.8842274,0.0,5.254416579300999,-4.11966953232375,5.254416579300999,-4.11966953232375
237,7,3.7161422786875584,27.635757263744196,50.578471475597034,58.78301672504012,fused,0.8941654,0.0,3.716142383652088,27.63575804433171,3.716142383652088,27.63575804433171
237,1,5.251812435852113,-4.271080581180452,18.95124198132057,15.021881178798509,fused,0.890312,0.0,5.251812435852113,-4.271080581180452,5.251812435852113,-4.271080581180452
238,7,3.7830227116490027,27.083303374742215,46.43129433173869,61.385865963693874,fused,0.9018014,0.0,3.7830228175978187,27.083304133247815,3.7830228175978187,27.083304133247815
238,1,5.238590973343164,-4.415969223832389,17.870401811157173,15.30192007474547,fused,0.8875298,0.0,5.238590797436751,-4.415969075548754,5.238590797436751,-4.415969075548754
239,7,3.833714771977057,26.40889905178813,42.582616727485956,61.224355219965474,fused,0.9071376,0.0,3.8337146652401164,26.408898316520837,3.8337146652401164,26.408898316520837
239,1,5.198916349988801,-4.57566105292575,12.366440074975538,15.66413398262003,fused,0.91410965,0.0,5.198916349988801,-4.57566105292575,5.198916349988801,-4.57566105292575
240,7,3.8470027349916336,25.779077346494308,40.63743511353678,54.982011429601265,fused,0.9057232,0.0,3.84700262771748,25.779076627641505,3.84700262771748,25.779076627641505
240,1,5.140538814575649,-4.738997246253759,6.211086105578529,16.087101062569474,fused,0.9270352,0.0,5.140538814575649,-4.738997246253759,5.140538814575649,-4.738997246253759
241,7,3.847209719584389,25.101064915504434,41.08067062577254,52.73976112447021,fused,0.90406567,0.0,3.8472098270609956,25.10106561673402,3.8472098270609956,25.10106561673402
241,1,5.080612411570748,-4.899340883799253,3.0671135390162676,16.317565255009967,fused,0.8978651,0.0,5.080612242932885,-4.899340721178233,5.080612242932885,-4.899340721178233
241,22,3.4532908558475,-26.418527779941424,23.742987187791833,6.390644680661108,fused,0.47140753,0.0,3.453290948354525,-26.41852848764301,3.453290948354525,-26.41852848764301
242,7,3.868968444007491,24.333170970711883,41.415674493952594,52.449877892923695,fused,0.90152836,0.0,3.868968335618819,24.333170289021112,3.868968335618819,24.333170289021112
242,1,5.036591293212403,-5.051451605878212,0,16.53840685978932,fused,0.8833734,0.0,5.036591123293187,-5.051451435457654,5.036591123293187,-5.051451435457654
242,22,3.4201555514934174,-26.26378160658237,27.443264949799197,7.008747301821528,fused,0.4889521,0.0,3.420155374829579,-26.263780249959726,3.420155374829579,-26.263780249959726
243,7,3.8790698183955468,23.450999874392394,44.119350493334075,54.70467785521263,fused,0.9048302,0.0,3.879069710120437,23.450999219812893,3.879069710120437,23.450999219812893
243,1,5.003200657536856,-5.2143769934984645,0,16.400334638518036,fused,0.9017655,0.0,5.003200657536856,-5.2143769934984645,5.003200657536856,-5.2143769934984645
243,22,3.422984699875155,-26.19498324452986,28.761121851906932,6.777600858208294,fused,0.52238286,0.0,3.422984699875155,-26.194983244529862,3.422984699875155,-26.194983244529862
244,7,3.9540608426540818,22.849298349179005,45.180239466094,57.31493586431059,fused,0.9072695,0.0,3.954060732582518,22.84929771310938,3.954060732582518,22.84929771310938
244,1,5.011707059271893,-5.353172837197578,0,14.561733464051278,fused,0.82295763,0.0,5.011707059271893,-5.353172837197577,5.011707059271893,-5.353172837197577
244,22,3.397932627173716,-26.078892303339842,28.860777690303294,7.782229622871616,fused,0.46097833,0.0,3.3979325340902933,-26.078891588931164,3.3979325340902933,-26.078891588931164
245,7,4.0425017909217535,22.392676210773015,44.336055447451635,58.25603725029815,fused,0.90930986,0.0,4.042501903202782,22.39267683273259,4.042501903202782,22.39267683273259
245,1,4.986908896309054,-5.5170068915517705,0,14.355223826925506,fused,0.79879487,0.0,4.986909082366147,-5.517007097386343,4.986909082366147,-5.517007097386343
245,22,3.3962242028154486,-25.92957244534763,26.156240961511497,8.974584376275029,fused,0.62481356,0.0,3.396224271456514,-25.92957296941005,3.396224271456514,-25.92957296941005
246,7,4.110732967463342,21.983094445789096,43.0773452817182,56.77890542453497,fused,0.9119242,0.0,4.1107328536145,21.983093836956105,4.1107328536145,21.983093836956105
246,1,4.936555949161064,-5.687957015843544,0,14.623006484148384,fused,0.7760092,0.0,4.936556138747495,-5.687957234287229,4.936556138747495,-5.687957234287229
246,22,3.376590043206652,-25.793809783061366,27.4593641087322,10.079655314647844,fused,0.6072802,0.0,3.3765900432066522,-25.793809783061363,3.3765900432066522,-25.793809783061363
246,99,3.727745903569197,-21.244202387383915,21.975089930622826,0,fused,0.35557535,0.0,3.727745903569197,-21.244202387383915,3.727745903569197,-21.244202387383915
247,7,4.065312305210875,21.049862903787655,41.81345269990483,60.55739290578654,fused,0.90482354,0.0,4.065312532159802,21.049864078911103,4.065312532159802,21.049864078911103
247,1,4.793106875090757,-5.886930972953499,0,15.621022285952742,fused,0.79853344,0.0,4.793106696205686,-5.88693075324547,4.793106696205686,-5.88693075324547
247,22,3.4055518020106437,-25.789540552344064,25.07733165180815,9.891582850188051,fused,0.6817597,0.0,3.4055518020106432,-25.789540552344064,3.4055518020106432,-25.789540552344064
247,99,3.7415633112181172,-21.23533287223164,19.70107768308727,1.4777250524708936,fused,0.3500673,0.0,3.741563176247362,-21.235332106201863,3.741563176247362,-21.235332106201863
248,7,4.010108206105273,20.026199576683975,38.4874571017259,64.04583268705332,fused,0.9052421,0.0,4.0101080942234635,20.026199017954053,4.0101080942234635,20.026199017954053
248,1,4.610880499100279,-6.072185730730841,0,16.574129373245853,fused,0.71577,0.0,4.610880307118301,-6.0721854779048945,4.610880307118301,-6.0721854779048945
248,22,3.463740990493037,-25.879296051014613,18.93890824539566,10.586715563943953,fused,0.6861569,0.0,3.4637411179871287,-25.879297003585073,3.4637411179871287,-25.879297003585073
248,99,3.763059751303087,-21.22500274214402,12.331199166115818,1.812099341205263,fused,0.33532605,0.0,3.7630598930168073,-21.225003541460083,3.7630598930168073,-21.225003541460083
249,7,3.9398192213498393,19.161351832433066,37.006787555673625,66.42320754517749,fused,0.9290937,0.0,3.9398190071520838,19.16135079068005,3.9398190071520838,19.16135079068005
249,1,4.452600627318501,-6.231730034140061,0,17.08695311709611,fused,0.4788967,0.0,4.45260048877313,-6.2317298402359995,4.45260048877313,-6.2317298402359995
249,22,3.475416241424488,-25.88115260878805,17.41411566357732,9.366180574646503,fused,0.61226207,0.0,3.4754163131060682,-25.88115314259516,3.4754163131060682,-25.88115314259516
249,99,3.773741866306684,-21.216417087388894,7.480327807668452,1.6192096862189065,fused,0.28484508,0.0,3.773741866306684,-21.216417087388894,3.773741866306684,-21.216417087388894
250,7,3.9062714209136216,18.424392358453062,35.3257389968604,67.02030950663149,fused,0.92571056,0.0,3.9062712077636266,18.424391353105836,3.9062712077636266,18.424391353105836
250,1,4.362481532866461,-6.334394997832805,5.123568352897275,16.741264846438053,fused,0.4697786,0.0,4.3624813944905565,-6.334394796908713,4.3624813944905565,-6.334394796908713
250,22,3.4621781053943885,-25.797313357463278,17.909051307637785,8.653205331663193,fused,0.63104475,0.0,3.4621779668281647,-25.797312324981363,3.4621779668281647,-25.797312324981363
250,99,3.7715503402375643,-21.19874584338667,5.8948340297819914,1.6150561737706757,fused,0.28743222,0.0,3.771550340237564,-21.19874584338667,3.771550340237564,-21.19874584338667
251,7,3.934597740585274,17.928537126116996,34.07841424299648,64.30492455288663,fused,0.91827625,0.0,3.934597632368375,17.928536633011774,3.934597632368375,17.928536633011774
251,1,4.124773216694521,-6.528779384653224,24.626410440542752,18.228415694850575,fused,0.4707137,0.0,4.124773347270512,-6.528779591331699,4.124773347270512,-6.528779591331699
251,22,3.4612315381047414,-25.65571437454237,14.951133405620114,8.486686860474018,fused,0.70565313,0.0,3.4612315381047414,-25.65571437454237,3.4612315381047414,-25.65571437454237
251,99,3.7711758597656457,-21.167292398845696,2.784352888765862,1.8582470659585077,fused,0.33595634,0.0,3.771175718012714,-21.167291603198436,3.771175718012714,-21.167291603198436
252,7,3.975606485161543,17.23119455400586,36.58076993461099,62.46810863100453,fused,0.90489864,0.0,3.975606596122841,17.23119503493769,3.975606596122841,17.23119503493769
252,1,3.7304288033923294,-6.796540472221053,58.36934713775161,21.3318846452011,fused,0.5735608,0.0,3.7304287064754416,-6.796540295646299,3.7304287064754416,-6.796540295646299
252,22,3.461525501506537,-25.47709713555045,3.5298145053835075,9.584296588815882,fused,0.7112351,0.0,3.4615253785865776,-25.47709623084998,3.4615253785865776,-25.47709623084998
252,99,3.763672683852204,-21.14017997150145,3.17460870416868,1.9705117411036088,fused,0.3327058,0.0,3.7636728267052786,-21.14018077389315,3.7636728267052786,-21.14018077389315
253,7,3.997577303359365,16.5660399876675,36.02634909025274,63.059715476405295,fused,0.89987737,0.0,3.997577303359365,16.5660399876675,3.997577303359365,16.5660399876675
253,1,3.722548770401525,-6.873117032280138,61.4372916584842,20.711131343344633,fused,0.54780656,0.0,3.7225486691426104,-6.873116845321038,3.7225486691426104,-6.873116845321038
253,22,3.46756892639594,-25.420305277338617,0,8.967788987389556,fused,0.71573925,0.0,3.4675689263959395,-25.420305277338617,3.4675689263959395,-25.420305277338617
253,99,3.7658169696855346,-21.12945056027254,0.08961360807864138,1.8296875527655094,fused,0.33431903,0.0,3.7658171119302635,-21.129451358387,3.7658171119302635,-21.129451358387
254,7,4.029969438027557,15.984715079497903,32.28344906178302,64.23090084592329,fused,0.9004742,0.0,4.029969664090085,15.984715976166017,4.029969664090085,15.984715976166017
254,1,3.8268502867659286,-6.8793976318138395,55.52947437244169,20.099034055258652,fused,0.2682379,0.0,3.826850180471255,-6.879397440731546,3.826850180471255,-6.879397440731546
254,22,3.4947034639788304,-25.471698458545795,0,8.05565893591951,fused,0.7184696,0.0,3.494703341130274,-25.47169756314468,3.494703341130274,-25.47169756314468
254,99,3.7739569624771496,-21.14013695202477,0,1.7521032864815271,fused,0.33351573,0.0,3.77395696247715,-21.14013695202477,3.77395696247715,-21.14013695202477
255,7,4.040412261602117,15.33398759575176,33.22165275909748,66.58675253898254,fused,0.9019795,0.0,4.040412148467074,15.333987166386825,4.040412148467074,15.333987166386825
255,1,3.9227292919737797,-6.8752851025615245,55.2497448676856,19.27658997687719,fused,0.11135327,0.0,3.922729423207508,-6.875285332572119,3.922729423207508,-6.875285332572119
255,22,3.5234810906743155,-25.541987577632398,0,7.443428583323355,fused,0.7103708,0.0,3.5234812159465925,-25.541988485740845,3.5234812159465925,-25.541988485740845
255,99,3.782951333011449,-21.200542984059883,0,2.1681449980989447,fused,0.2253771,0.0,3.7829515449739497,-21.20054417194725,3.7829515449739497,-21.20054417194725
256,7,4.000426146176051,14.55407704770015,33.95061273323431,65.05273968980237,fused,0.91010016,0.0,4.000426146176052,14.55407704770015,4.000426146176052,14.55407704770015
256,1,3.9412460835171927,-6.90855992945598,59.04363272879445,17.20446769648025,fused,0.46431407,0.0,3.9412460835171923,-6.90855992945598,3.9412460835171923,-6.90855992945598
256,22,3.5039843431215973,-25.596949190025597,0.6768861674159099,7.733853815869602,fused,0.6296813,0.0,3.503984202578513,-25.596948163344585,3.503984202578513,-25.596948163344585
256,99,3.8085861870929296,-21.28733455462792,7.112503946020313,2.9089352295894946,fused,0.12966679,0.0,3.8085861870929296,-21.287334554627922,3.8085861870929296,-21.287334554627922
257,7,3.943635511483278,13.864183499410922,36.34095379596219,61.72350246354459,fused,0.91717607,0.0,3.9436356396260606,13.864183949907689,3.9436356396260606,13.864183949907689
257,1,4.130866354170965,-6.832330945158881,52.69765673942058,16.649585860631575,fused,0.51767683,0.0,4.130866116359657,-6.832330551826002,4.130866116359657,-6.832330551826002
257,22,3.533886267253596,-25.65644007026612,0.5632610858914278,7.33000906055349,fused,0.59888476,0.0,3.533886192737959,-25.65643952927362,3.533886192737959,-25.65643952927362
258,7,3.876768874063172,13.05681286308307,40.86631074775247,61.147857564173286,fused,0.9182234,0.0,3.876768874063172,13.05681286308307,3.876768874063172,13.05681286308307
258,1,4.023020937092415,-6.933254335284712,65.42430756240847,15.879241389499189,fused,0.5017482,0.0,4.0230208176147935,-6.933254129377572,4.0230208176147935,-6.933254129377572
258,22,3.577902110836042,-25.71087580117314,2.329603116016569,7.911835597145027,fused,0.6220932,0.0,3.5779021834652154,-25.710876323087824,3.5779021834652154,-25.710876323087824
259,7,3.8648855241275806,12.437839062017536,44.741763399686555,59.961509593126124,fused,0.9263056,0.0,3.864885399781394,12.437838661850998,3.864885399781394,12.437838661850998
259,1,4.112058769947181,-6.936362914777901,66.79630438713882,15.404089511838976,fused,0.1500372,0.0,4.112058565749662,-6.936362570330467,4.112058565749662,-6.936362570330467
259,22,3.5981124681465007,-25.68164774244036,1.4097702238913346,7.418406228621753,fused,0.5940967,0.0,3.5981123916651274,-25.681647196552014,3.5981123916651274,-25.681647196552014
260,7,3.881598009280644,11.948087256069993,39.82714535422315,59.89524173375202,fused,0.9248077,0.0,3.881598134366787,11.948087641102175,3.881598134366787,11.948087641102175
260,1,4.294284886907094,-6.83276941101893,49.64806002803232,14.429551780185584,fused,0.6295959,0.0,4.294284683634389,-6.832769087585446,4.294284683634389,-6.832769087585446
260,22,3.6037726152880714,-25.598855959415534,0,6.832235145718496,fused,0.5856816,0.0,3.6037725375857677,-25.598855407468925,3.6037725375857677,-25.598855407468925
261,7,3.9290057970272305,11.572527332026906,34.66684594599326,56.69517132751468,fused,0.9150362,0.0,3.92900579702723,11.572527332026906,3.92900579702723,11.572527332026906
261,1,4.486219382903033,-6.800418730643897,57.76411255375331,11.609382445042879,fused,0.77971095,0.0,4.486219211429538,-6.800418470716446,4.486219211429538,-6.800418470716446
261,22,3.632823446745534,-25.598278661016362,0,5.336626006125319,fused,0.5800809,0.0,3.632823525830478,-25.598279218279455,3.632823525830478,-25.598279218279455
262,7,3.975351411820746,11.024108408513666,34.96707411054579,55.5437352468307,fused,0.9037971,0.0,3.975351542906253,11.024108772028912,3.975351542906253,11.024108772028912
262,1,4.618849382158868,-6.730497144443431,67.47897225225529,12.338897766073938,fused,0.7706966,0.0,4.618849203551038,-6.730496884179589,4.618849203551038,-6.730496884179589
262,22,3.6418619520113866,-25.602235378475918,0,4.8641671636016035,fused,0.48496872,0.0,3.641861857180925,-25.602234711819182,3.641861857180925,-25.602234711819182
263,7,3.9873471642308966,10.465546215712873,34.84563278551131,55.30837840359443,fused,0.9013629,0.0,3.9873472960670244,10.465546561741707,3.9873472960670244,10.465546561741707
263,1,4.864201488020669,-6.638594539933112,72.51445074383003,13.913988482054101,fused,0.7880574,0.0,4.864201304068955,-6.638594288878372,4.864201304068955,-6.638594288878372
263,22,3.6690987943002136,-25.690677545297284,0,5.2084122970333055,fused,0.31764728,0.0,3.6690986484347756,-25.69067652396149,3.6690986484347756,-25.69067652396149
264,7,3.969315479173931,10.007938947325481,33.46206482149763,53.37988962577372,fused,0.89694893,0.0,3.969315347288144,10.007938614798396,3.969315347288144,10.007938614798396
264,1,4.847878996711873,-6.743447460836886,90.0,14.015474642639136,fused,0.45690843,0.0,4.847878996711873,-6.743447460836886,4.847878996711873,-6.743447460836886
264,22,3.7090134683704337,-25.817560677670404,0,5.779023884743427,fused,0.22779043,0.0,3.7090133655614506,-25.817559962041525,3.7090133655614506,-25.817559962041525
265,7,3.936563399803842,9.459132694764975,34.77916520278577,51.06836726335749,fused,0.91368866,0.0,3.9365635282050584,9.4591330032991,3.9365635282050584,9.4591330032991
265,22,3.756028911132349,-25.95453851399985,0,6.644070243321709,fused,0.27934775,0.0,3.756028741338531,-25.954537340707446,3.756028741338531,-25.954537340707446
266,7,3.9340566743197454,9.055596988945371,34.55897949735949,48.181531711672584,fused,0.915082,0.0,3.9340565461956816,9.055596694023366,3.9340565461956816,9.055596694023366
266,22,3.7580800659756592,-25.960657319533553,0,6.042775193514406,fused,0.2982675,0.0,3.758080145530786,-25.96065786909699,3.758080145530786,-25.96065786909699
267,7,3.917656738640165,8.616152425347668,34.37144984178503,44.47768788424566,fused,0.90797395,0.0,3.917656610051373,8.616152142540697,3.917656610051373,8.616152142540697
267,22,3.7390255325276978,-25.840576321933995,0,6.558563166836504,fused,0.25684017,0.0,3.739025624446329,-25.840576957187853,3.739025624446329,-25.840576957187853
268,7,3.9393948616896477,8.336708299955474,33.54335201465458,41.08969287617523,fused,0.91181546,0.0,3.939394732932104,8.3367080274735,3.939394732932104,8.3367080274735
268,22,3.7133814616644045,-25.71665343049944,0,7.468697074815962,fused,0.1850697,0.0,3.7133814616644045,-25.71665343049944,3.7133814616644045,-25.71665343049944
269,7,3.9784531575001356,7.9457233096635855,33.60080104709661,40.11863466776367,fused,0.9204438,0.0,3.9784530286849455,7.94572305239529,3.9784530286849455,7.94572305239529
269,22,3.667917146738828,-25.48393924011927,0,9.009983513628278,fused,0.16749251,0.0,3.6679171467388283,-25.48393924011927,3.6679171467388283,-25.48393924011927
270,7,4.052688036342131,7.5966019008491825,31.708130903571735,39.90249740384897,fused,0.91245383,0.0,4.052688036342131,7.596601900849182,4.052688036342131,7.596601900849182
270,22,3.635932379711476,-25.284954691411063,0,10.73480554762579,fused,0.18178028,0.0,3.635932253419099,-25.284953813150228,3.635932253419099,-25.284953813150228
271,7,4.106016832444127,7.208996074713268,32.176064861194945,38.31133271998343,fused,0.9120952,0.0,4.106016698281778,7.208995839162396,4.106016698281778,7.208995839162396
271,22,3.6303003918915877,-25.225061440599674,0,11.237714012809235,fused,0.1950679,0.0,3.6303003918915877,-25.225061440599674,3.6303003918915877,-25.225061440599674
272,7,4.076846315874424,6.829303269834723,32.11402086480164,36.53253975356637,fused,0.9151223,0.0,4.076846315874424,6.829303269834723,4.076846315874424,6.829303269834723
272,22,3.639724215244575,-25.23309681506673,0,10.436147559615499,fused,0.20180593,0.0,3.63972410136583,-25.233096025580156,3.63972410136583,-25.233096025580156
273,7,4.071431197601274,6.540265447166744,31.0680205388689,34.84380126268326,fused,0.9132491,0.0,4.07143106473709,6.540265233736383,4.07143106473709,6.540265233736383
273,22,3.646829664099374,-25.224984433993654,0,9.21385720372438,fused,0.20504236,0.0,3.646829664099374,-25.224984433993654,3.646829664099374,-25.224984433993654
274,7,4.057749960919673,6.248676505437607,29.512416033805728,32.265071648762984,fused,0.90954953,0.0,4.057750093876003,6.248676710181888,4.057750093876003,6.248676710181888
274,22,3.6465147479492264,-25.17487451186086,0,8.266747431451606,fused,0.15044175,0.0,3.6465147479492264,-25.174874511860864,3.6465147479492264,-25.174874511860864
275,7,4.065462707745268,5.904748973101909,29.850596204424082,31.669776759283977,fused,0.9099455,0.0,4.065462840896341,5.90474916649285,4.065462840896341,5.90474916649285
275,22,3.621918562779167,-25.071641949146148,0,9.263435543451545,fused,0.1926384,0.0,3.621918681493715,-25.07164277091191,3.621918681493715,-25.07164277091191
276,7,4.10402932588995,5.699092802419025,30.190168778237815,29.364683144179594,fused,0.9151911,0.0,4.104029459533714,5.699092988004495,4.104029459533714,5.699092988004495
277,7,4.142217952774119,5.398564728825878,32.40072614473018,29.59124658523208,fused,0.92030394,0.0,4.142218086912089,5.398564903648286,4.142218086912089,5.398564903648286
278,7,4.197608422118457,5.092985768315336,30.25654083038439,28.767521421194335,fused,0.917853,0.0,4.197608285823783,5.092985602948116,4.197608285823783,5.092985602948116
279,7,4.235335098454788,4.8452137704314415,28.210717764556836,27.704533155457092,fused,0.9100072,0.0,4.235335098454788,4.845213770431442,4.235335098454788,4.845213770431442
280,7,4.248067054921317,4.543038099311572,26.183391706562684,26.81639842056329,fused,0.89200735,0.0,4.248067196850922,4.543038251096277,4.248067196850922,4.543038251096277
281,7,4.252726633462175,4.2090297600215045,26.700797448181177,26.348689889979838,fused,0.9014715,0.0,4.252726633462175,4.2090297600215045,4.252726633462175,4.2090297600215045
282,7,4.229156607702391,3.8645563333254813,27.678939066332227,26.910592998604454,fused,0.91058505,0.0,4.229156607702391,3.8645563333254813,4.229156607702391,3.8645563333254813
283,7,4.230669787208056,3.5640005857003283,26.218494557623153,26.997091322322326,fused,0.90957355,0.0,4.230669925826612,3.5640007024753637,4.230669925826612,3.5640007024753637
284,7,4.259942874993651,3.3885916196774195,25.221999295560032,25.335299379277174,fused,0.911856,0.0,4.259942735765313,3.388591508927582,4.259942735765313,3.388591508927582
285,7,4.293938934608599,3.093595845153303,26.462987319220645,26.212370314309677,fused,0.90563506,0.0,4.293938934608599,3.093595845153303,4.293938934608599,3.093595845153303
286,7,4.322521641086288,2.839704702025293,25.187415986850333,25.737873042833023,fused,0.91316473,0.0,4.322521641086288,2.839704702025293,4.322521641086288,2.839704702025293
287,7,4.356300848677351,2.5673546099127207,26.65602781680335,25.376656585287726,fused,0.9119766,0.0,4.356300991036128,2.567354693810843,4.356300991036128,2.567354693810843
288,7,4.360243230132986,2.2929794797067715,26.524155911046577,25.614413685223028,fused,0.9163949,0.0,4.360243230132986,2.2929794797067715,4.360243230132986,2.2929794797067715
289,7,4.334755961706036,1.9329165979181007,25.459063526757834,26.199614108655666,fused,0.91843337,0.0,4.334755821047185,1.9329165351967317,4.334755821047185,1.9329165351967317
290,7,4.308106177610419,1.6040997197321998,27.524536030350166,26.15815631100959,fused,0.90926254,0.0,4.308106036406356,1.6040996671556407,4.308106036406356,1.6040996671556407
291,7,4.3095175540388775,1.351090080192655,29.142747678442195,25.235503520355575,fused,0.90756446,0.0,4.309517412524262,1.3510900358259734,4.309517412524262,1.3510900358259734
292,7,4.317170509174411,1.0993508624747341,27.322291536388025,24.7484631233606,fused,0.9081486,0.0,4.317170367499675,1.0993508263978076,4.317170367499675,1.0993508263978076
293,7,4.305993348859355,0.8432912218070248,29.07740045974333,25.53314973600661,fused,0.9136911,0.0,4.305993489310102,0.843291249313078,4.305993489310102,0.843291249313078
294,7,4.308100089755527,0.6475582148790207,29.140858359750563,24.521111086004527,fused,0.90380424,0.0,4.3080999476988895,0.6475581935262339,4.3080999476988895,0.6475581935262339
295,7,4.355812655533099,0.49277304658868637,27.078736642568877,23.585881569769644,fused,0.904696,0.0,4.355812655533099,0.4927730465886863,4.355812655533099,0.4927730465886863
296,7,4.380103797773329,0.22255793284191927,23.122037979333598,23.554560150979277,fused,0.9073439,0.0,4.380103797773329,0.22255793284191927,4.380103797773329,0.22255793284191927
297,7,4.344110530040318,-0.09348605671540305,21.02774925053554,23.991395302679532,fused,0.91607565,0.0,4.344110671365522,-0.09348605975674742,4.344110671365522,-0.09348605975674742
298,7,4.314237836015149,-0.35116149755043535,21.285696096574338,22.975769639465685,fused,0.9139681,0.0,4.314237976692174,-0.35116150900097576,4.314237976692174,-0.35116150900097576
299,7,4.288111229986129,-0.5834523124663221,21.56436176726387,22.014373796194157,fused,0.9146195,0.0,4.288111090260617,-0.5834522934548815,4.288111090260617,-0.5834522934548815
