{
    "overall_metrics": {
        "mAP@50": 0.4724751163092411,
        "mAP@50-95": 0.3146969438597804,
        "precision": 0.6329849012775842,
        "recall": 0.3062844185293165
    },
    "per_class_metrics": {
        "bus": {
            "AP@50": 0.0,
            "AP@50-95": 0.0
        },
        "cars": {
            "AP@50": 0.8341053489277234,
            "AP@50-95": 0.5940988315793413
        },
        "truck": {
            "AP@50": 0.5833199999999998,
            "AP@50-95": 0.3499919999999999
        }
    },
    "speed_metrics": {
        "preprocess_ms": 1.6479259214570952,
        "inference_ms": 150.61593889000102,
        "postprocess_ms": 0.4205634313014646
    }
}