frame,id,x,y,width,real_width,kp0_x,kp0_y,kp0_conf,kp1_x,kp1_y,kp1_conf,kp2_x,kp2_y,kp2_conf,kp3_x,kp3_y,kp3_conf,kp4_x,kp4_y,kp4_conf,kp5_x,kp5_y,kp5_conf,kp6_x,kp6_y,kp6_conf,kp7_x,kp7_y,kp7_conf,kp8_x,kp8_y,kp8_conf,kp9_x,kp9_y,kp9_conf
1,1,1141.9301147460938,463.3783435821533,110.851318359375,2.567381190523186,1088.6124,472.0314,0.851948,1133.7842,504.77106,0.87848127,1119.0096,480.44873,0.03805586,1185.8917,499.50928,0.3353574,1213.3113,471.82706,0.0027187837,1154.3711,506.57928,0.0024658556,1158.9304,504.68304,0.00038127883,1083.1042,485.4483,0.0014604832,1171.0029,480.7415,0.00041724276,1081.5625,485.4814,0.0012644184
1,2,871.8421325683594,334.53384590148926,40.55108642578125,165.10196176942404,854.17566,340.31207,0.8017724,863.4617,352.2647,0.8279852,870.67346,341.17697,0.21072927,891.3276,350.50793,0.5379315,902.94824,338.6448,0.024534885,877.1741,356.9747,0.020821098,869.0211,354.7545,0.01022034,853.0728,342.2594,0.018254576,888.8345,339.0219,0.00823847,840.48975,344.65363,0.012863972
1,3,828.9428100585938,278.7314786911011,24.83642578125,1.3049334908251773,820.29144,283.22995,0.7144587,823.9913,289.4285,0.7450924,831.88495,282.797,0.34976017,840.15454,288.83707,0.5854675,846.1361,285.3479,0.045925166,832.61847,293.00912,0.03715808,830.345,287.92236,0.025199573,817.84406,280.54016,0.03948074,836.456,276.0774,0.022351544,805.82983,284.44788,0.026386376
1,4,989.7916259765625,309.82593727111816,35.035400390625,5.074166536879426,1005.0696,321.23752,0.69391686,998.72656,317.2502,0.642851,984.5162,320.96768,0.5515808,974.6572,315.07782,0.595633,967.56903,313.91235,0.03962598,987.5847,322.32272,0.02874166,992.3594,316.51376,0.02817321,991.4321,314.87875,0.031416968,998.92255,314.1242,0.018186206,973.16565,313.29572,0.019166032
1,5,879.00439453125,247.28199005126953,18.5899658203125,0.6696190378421856,886.48596,254.32483,0.64628327,880.2457,250.34697,0.60769665,873.8473,252.19847,0.60431224,871.0897,251.19746,0.5988875,872.2217,249.52498,0.05362226,878.47943,255.31348,0.044527575,882.4569,247.1455,0.0378436,876.3158,246.11938,0.045096707,880.05743,245.70851,0.02722416,853.3325,255.91846,0.035658244
1,6,911.3692016601562,267.0864772796631,25.42694091796875,1.2119545748095024,918.5443,275.05682,0.62924147,915.12616,270.9992,0.5962352,905.9709,274.72168,0.62759775,901.8296,270.83594,0.6112352,898.89197,270.46332,0.04282594,906.8862,276.60208,0.026218401,907.90454,266.68796,0.024820644,907.1281,267.25912,0.028161092,899.00134,267.09967,0.017395565,882.5442,271.58994,0.02109057
2,1,1142.8743896484375,464.1782684326172,111.4398193359375,2.566231256778275,1090.1399,472.921,0.856127,1134.5184,505.59525,0.88170516,1120.6799,481.22244,0.03717879,1186.5314,500.39624,0.33302695,1214.9939,472.63965,0.002667879,1155.6106,507.62762,0.0022733503,1159.0685,505.58768,0.0003556581,1084.5493,486.23895,0.0013873455,1172.3198,481.3044,0.0003944737,1081.3323,485.97745,0.0011575249
2,2,873.5798950195312,336.932822227478,42.50079345703125,8781.703839611635,856.5034,342.5326,0.76136035,864.92816,354.84772,0.791333,874.39197,343.72043,0.2346563,893.3235,353.47302,0.56166047,901.6184,344.91354,0.0413646,878.9851,357.55872,0.049678847,876.8722,352.709,0.022137502,850.8993,342.93686,0.03913518,881.6197,338.69897,0.020991769,847.50745,348.7873,0.03363746
2,3,829.6301879882812,280.81350803375244,24.6064453125,1.3320461536865267,820.65845,285.47385,0.71185815,824.55835,291.65048,0.7445135,832.37585,284.90222,0.34505263,841.02997,291.029,0.5742588,847.35205,287.24252,0.043269005,832.9723,295.5336,0.03146961,829.9188,290.32858,0.021946426,819.50476,282.7818,0.034885734,836.898,278.62827,0.019445905,804.7319,286.32047,0.02232336
2,4,989.2078857421875,310.82649993896484,34.236236572265625,5.312845540647918,1004.2499,322.7339,0.69407994,998.2817,318.83664,0.64598393,983.8668,322.47058,0.5463898,974.8202,316.54437,0.590384,967.3506,315.29263,0.03712642,987.10657,324.15378,0.025495127,991.7285,318.2216,0.0249498,991.23486,316.4039,0.028322536,998.3511,315.8539,0.015886579,972.202,315.02213,0.016785521
2,5,879.0214233398438,247.780855178833,17.92034912109375,0.646422450047673,886.6488,254.85303,0.64198416,880.3114,250.81851,0.6057979,873.9298,252.545,0.60897976,871.63934,251.58865,0.60088605,872.1228,249.9381,0.053966265,878.4077,255.75359,0.0444967,882.5867,247.27272,0.03794463,876.4865,246.37466,0.044859402,879.05725,246.30527,0.027011808,853.12115,256.534,0.035632897
2,6,910.8648376464844,267.70152282714844,24.97320556640625,1.1938819223313681,918.0778,275.60052,0.63244057,914.7834,271.36014,0.59732264,905.1206,275.3565,0.62471414,901.22144,271.17798,0.61099803,897.65424,270.99808,0.04373519,906.35095,277.07495,0.026901424,907.3644,267.27655,0.025495932,906.79156,267.9441,0.029110204,898.6196,267.54642,0.018249622,882.9347,271.98483,0.021267878
3,1,1144.089111328125,463.8478546142578,112.61453247070312,2.597029150088836,1091.2426,472.83887,0.86052865,1136.8752,505.58176,0.88782847,1120.4392,480.6089,0.03497,1187.9707,500.83484,0.33064818,1215.8483,472.18,0.002818502,1158.3701,508.06232,0.002411051,1158.8579,505.09726,0.00038072604,1084.9928,485.87604,0.0014640355,1170.883,480.93396,0.00041554033,1081.5217,485.8351,0.0012233737
3,2,874.7609252929688,337.69515323638916,43.0447998046875,6997.723789314727,857.0387,343.2956,0.7730338,866.38477,356.17728,0.8021851,875.0363,344.53998,0.2180708,895.40857,354.8063,0.5560864,904.5502,345.4422,0.038882855,880.8666,359.19836,0.045335542,877.0586,353.9677,0.019737603,851.29285,344.04352,0.03549446,881.7428,339.7391,0.018896079,846.78644,349.83923,0.030065602
3,3,830.5107421875,281.3898525238037,24.869293212890625,1.3622342632343603,820.73346,286.39813,0.7157959,824.9381,292.72595,0.75033075,832.64465,285.8199,0.33722997,841.9433,292.14218,0.56915706,848.531,287.97238,0.042154994,833.6371,296.79373,0.029260317,829.49475,291.64404,0.02061797,820.1728,283.83942,0.033008337,837.2838,279.81635,0.018178478,804.46655,287.2986,0.020619087
3,4,988.4620056152344,309.17399311065674,32.37908935546875,4.569660072523396,1002.6919,319.7634,0.6977301,997.198,316.2821,0.646977,982.26654,319.42804,0.5346772,974.4231,314.15512,0.59352034,967.1432,312.6774,0.041912377,986.5249,321.05295,0.03382945,991.5348,315.54288,0.032192275,988.94934,313.8754,0.035545755,998.24036,312.9083,0.021034215,973.2529,312.17993,0.02254974
3,5,878.1437072753906,246.7906951904297,17.52410888671875,0.6262542232814071,886.0443,254.64381,0.6466753,879.77344,250.52837,0.6063959,872.7302,252.24841,0.6041159,870.96155,251.34978,0.5975995,872.2604,249.33585,0.052433528,878.12024,255.61935,0.04340123,882.61487,246.91968,0.037156347,876.36475,245.95833,0.043654773,879.3781,246.38138,0.026097255,852.7521,257.04425,0.034950614
3,6,910.510986328125,266.6846351623535,24.38653564453125,1.150998404857741,918.1094,274.3704,0.6328152,914.64465,270.25836,0.59415793,904.80927,274.39,0.6324812,900.81244,270.2477,0.6152627,897.7008,270.02603,0.04536215,905.82074,275.5929,0.028828816,907.1576,266.37378,0.027787518,906.7207,267.23608,0.03031116,899.35535,266.68652,0.019810777,883.82886,270.77597,0.02339575
4,1,1144.7968139648438,463.87767219543457,113.63223266601562,2.6172320356870746,1091.2659,472.9279,0.86019295,1137.4735,505.93283,0.8883177,1120.7831,480.73523,0.03400241,1188.6279,501.2436,0.32720485,1216.9285,472.56384,0.0028333755,1159.4248,508.39706,0.0023425105,1159.1556,505.2527,0.000371636,1084.9991,485.97522,0.0014550962,1170.8308,480.8997,0.00041224816,1081.279,485.90268,0.0011922596
4,2,876.6211853027344,339.52424812316895,42.11517333984375,422.94839197087833,857.5198,346.3179,0.7846846,868.2053,358.73605,0.80928516,876.15076,347.55066,0.21183585,897.3627,357.41733,0.54655355,907.9962,347.2199,0.03654074,883.2808,362.573,0.037217952,876.62897,357.63144,0.01681107,853.1876,347.43768,0.030982971,883.239,342.4742,0.016416432,846.22095,352.17047,0.024193577
4,3,830.7189331054688,282.33142375946045,25.43701171875,1.42013221715558,821.2123,286.97443,0.6857136,824.87866,293.2231,0.69920105,835.6765,287.14267,0.37742484,841.33795,292.73505,0.5893836,847.7481,289.4154,0.05663045,832.84033,295.97784,0.06149978,836.5327,290.4704,0.035360917,816.39276,284.67215,0.054150146,834.6343,278.90015,0.034878943,807.98236,289.8195,0.047178466
4,4,985.8849792480469,307.9938554763794,33.52587890625,4.42209417652824,1000.8186,318.4483,0.7000073,994.7456,315.28583,0.6451226,979.05524,318.5501,0.5329649,970.7389,312.95746,0.59438497,963.6875,310.9988,0.04349359,983.6948,319.55136,0.039166477,989.7573,314.85403,0.036683526,986.37616,313.36044,0.038651105,997.9772,312.37732,0.02318303,972.54114,310.87122,0.026295135
4,5,876.8349609375,246.64989852905273,17.576751708984375,0.6271856689881576,884.9087,254.3628,0.65235525,878.926,250.38933,0.61239344,871.84216,252.05788,0.5942586,870.17126,251.2969,0.596463,871.8054,249.17203,0.053460136,877.71515,255.49007,0.045041267,882.24524,246.82733,0.03843665,875.61597,245.77545,0.045518216,879.69275,245.94334,0.027227236,852.8076,256.9958,0.036110893
4,6,909.731689453125,266.4121313095093,23.53271484375,1.1058042886094324,917.5382,274.0107,0.6356662,914.14636,270.00055,0.59527886,904.4021,274.19278,0.6286551,900.4166,270.0637,0.6144001,897.7931,269.793,0.045231484,905.49133,275.30316,0.029179426,906.8362,266.27106,0.027689919,906.099,267.09872,0.030614043,899.6078,266.4018,0.020034416,883.6898,270.48895,0.023624308
5,1,1144.8158569335938,464.8040256500244,114.40145874023438,2.6221927112257064,1091.542,473.89984,0.86040014,1138.2017,506.62985,0.889141,1121.3108,481.79443,0.03430397,1189.0944,502.07065,0.32599524,1217.6407,473.26398,0.0027559455,1160.2235,509.4115,0.0021672598,1159.115,506.33032,0.00034998168,1086.1222,487.01962,0.0013827869,1171.1816,481.81534,0.00038641065,1081.2274,486.99402,0.0010926869
5,2,878.1798706054688,343.3611373901367,42.664764404296875,89.95050426975514,859.12225,350.89557,0.8089577,870.4539,363.20648,0.840461,878.31726,351.60452,0.18308356,901.7741,360.67072,0.46915364,917.6292,349.71033,0.01647678,887.2996,369.4329,0.006497836,870.55023,367.3667,0.003507531,863.22565,352.048,0.008327296,894.70557,349.466,0.0032692312,836.8823,354.20584,0.0038452314
5,3,830.343017578125,283.5424346923828,25.7574462890625,1.4707438102858255,821.0049,288.11304,0.689383,824.9848,294.56253,0.7062592,835.1675,288.24097,0.37014866,841.6548,294.04193,0.59102964,847.814,290.95493,0.05509837,832.9415,297.3301,0.05842076,835.9857,291.60394,0.034109566,816.0375,285.79172,0.05249407,834.2743,280.06506,0.033496812,807.9181,290.81296,0.04419384
5,4,982.9679260253906,307.68149185180664,34.319091796875,4.461317823314689,998.1374,318.31442,0.6922641,991.6544,314.954,0.63440377,976.61206,318.20126,0.53774637,967.7501,312.3526,0.58730626,961.12335,311.0767,0.042282216,980.8097,319.2932,0.038966242,989.49664,314.6043,0.03394101,982.9873,313.40558,0.037735138,997.07355,311.1103,0.022141982,970.01184,310.2772,0.026111195
5,5,876.0071411132812,246.64098930358887,17.685333251953125,0.6313557920229443,885.39417,255.00868,0.6508346,879.59534,250.65784,0.6076532,871.573,252.45248,0.60003877,870.3844,251.3984,0.5979652,871.42163,249.20561,0.05265787,878.2242,256.00745,0.04373322,882.84375,246.8768,0.037449826,875.66675,245.8992,0.044169106,878.6742,246.53365,0.026268635,852.36,257.7361,0.03481948
5,6,908.2030334472656,266.8310194015503,23.46112060546875,1.1086797838416316,916.3363,274.71524,0.6415153,913.1616,270.35962,0.60035604,902.584,274.62308,0.6218011,898.6814,270.35327,0.6150754,894.6083,270.35037,0.04807309,904.6196,275.83212,0.03172386,905.9416,266.9152,0.030418357,904.68567,267.61847,0.03401049,899.1405,266.39203,0.02244502,884.06714,270.54913,0.024994079
6,1,1144.78857421875,465.35840606689453,114.76199340820312,2.6218781701243357,1091.7571,474.4768,0.8581394,1138.4639,507.14178,0.888089,1121.8313,482.40903,0.0348903,1188.6691,502.6997,0.32616538,1217.7329,473.9591,0.0026831706,1160.1975,510.0226,0.002021298,1159.0879,507.0745,0.00033445487,1086.9569,487.766,0.001314843,1171.9376,482.44125,0.00036579987,1081.0134,487.4228,0.0010248022
6,2,880.3472900390625,345.5922803878784,43.269012451171875,47.14031778016286,861.65625,352.57437,0.7388305,872.0504,365.3061,0.74853957,883.82104,356.1369,0.2563649,903.7113,362.87634,0.55258375,913.24207,355.93365,0.047837265,886.76184,367.49924,0.05136882,884.8966,361.32437,0.02115698,855.51434,352.93793,0.04079722,877.6052,348.90067,0.02540554,851.9086,360.14163,0.03719049
6,3,830.8320922851562,284.74353218078613,24.371063232421875,1.4108432878387587,822.0613,289.26437,0.6877715,825.959,295.55032,0.7049606,835.9008,289.38516,0.37715366,842.3811,294.96085,0.5908972,848.92993,292.1093,0.052456338,833.4824,298.33807,0.052228685,836.1914,292.62775,0.03128726,817.3843,286.91788,0.047807757,834.58264,281.4143,0.030359343,808.0608,291.66757,0.039743066
6,4,979.1312255859375,306.248291015625,34.393341064453125,4.146761753754804,993.30774,316.16446,0.6810274,987.86536,312.56927,0.6441587,972.72595,315.7882,0.58869904,965.5371,311.36063,0.60275406,959.8083,310.0366,0.04050126,976.10034,317.51685,0.02770827,977.2661,308.53363,0.02644715,979.13257,308.6686,0.027922085,973.59875,309.64706,0.016779259,954.0918,311.9132,0.020225808
6,5,875.2289428710938,246.15958213806152,17.991485595703125,0.6391608090713936,884.13226,254.33571,0.6502017,878.7266,250.3442,0.6078951,870.958,251.9694,0.5911369,869.7666,251.01112,0.59805596,870.62573,248.70891,0.05469558,877.673,255.59048,0.047202375,882.8507,246.61786,0.040027343,875.0037,245.50282,0.0469985,878.54535,245.94582,0.028387684,852.4801,257.3952,0.03742598
6,6,907.2821044921875,266.5765657424927,23.1990966796875,1.0910684366782963,915.68726,274.11536,0.6435402,912.37866,270.05255,0.60411805,902.0698,274.1047,0.6161586,898.33575,270.01355,0.61569077,894.4082,269.9717,0.049254924,904.30347,275.28784,0.03359661,905.7625,266.51254,0.03187158,904.0034,267.12338,0.03573642,899.2073,265.85925,0.023623161,884.0399,270.14777,0.02638926
7,1,1144.8729858398438,466.35083198547363,114.88055419921875,2.603556262350577,1092.9828,475.3517,0.85931915,1137.5768,508.12494,0.8873617,1124.0944,483.6334,0.035455115,1189.1802,503.0745,0.32449806,1219.6732,475.32114,0.002653187,1160.4536,510.48135,0.0018448146,1159.4863,508.14276,0.000308802,1088.3618,488.43756,0.0012647177,1173.8937,483.26642,0.0003506884,1080.8998,488.09897,0.00093120115
7,2,882.00732421875,347.8839855194092,43.804595947265625,29.558389052225614,861.75824,355.0656,0.75740737,872.30554,367.66565,0.7696658,885.2882,357.9082,0.24021555,905.6336,365.2893,0.54797643,917.39844,358.1648,0.043279584,889.6306,370.53137,0.041858982,884.2643,364.25146,0.016877037,854.9248,354.93,0.036443096,879.46106,349.93063,0.020895768,850.18884,361.63214,0.029026791
7,3,831.9358520507812,287.04762268066406,23.568695068359375,1.410453739083753,823.142,291.49158,0.69114405,827.4419,297.70828,0.70857984,837.1053,291.564,0.3774572,844.28174,297.02438,0.5886255,851.4531,294.15067,0.048776153,834.8556,300.73758,0.04332223,836.03235,294.88715,0.026866887,818.86194,288.97632,0.041344255,834.97754,283.86765,0.025906999,807.8395,293.34848,0.033059683
7,4,975.4850463867188,305.2354459762573,34.153839111328125,3.9170881450260935,989.8878,314.84723,0.6825442,984.8539,311.24725,0.6426437,969.78796,314.76367,0.5843935,962.9636,310.10837,0.60845596,956.779,308.6727,0.04777356,974.26306,315.8441,0.036504347,975.64575,307.8365,0.034928825,975.68317,307.8037,0.03633932,973.17645,308.01608,0.022784373,954.52673,310.38626,0.026558815
7,5,874.6452026367188,246.33864212036133,17.820465087890625,0.6338957184207371,883.76,254.62733,0.64987904,878.96484,250.69052,0.60653013,870.8386,252.40958,0.58958143,869.9607,251.16533,0.6001464,870.3671,248.71771,0.05458839,877.66895,256.0255,0.04733691,883.1914,246.85893,0.039923165,874.8502,245.82,0.046497915,877.6615,246.38275,0.028285593,852.55273,257.76883,0.03730356
7,6,905.5786743164062,266.6067180633545,23.28057861328125,1.091921695771636,914.24475,273.93298,0.64981437,910.84625,269.9181,0.6095597,900.73157,274.06772,0.6072356,896.79846,269.8626,0.6160742,892.99207,269.82397,0.050460547,903.3568,275.10986,0.035703126,904.7959,266.71762,0.03347431,902.5254,267.08875,0.038279884,899.4905,265.5385,0.025170691,884.003,269.80804,0.027597519
8,1,1145.249267578125,467.7693557739258,115.20474243164062,2.584816127375989,1093.488,476.37756,0.8517249,1137.8828,509.71497,0.88527703,1123.218,484.73294,0.036121145,1187.9309,504.3772,0.31991735,1218.0342,476.91223,0.002561726,1159.3977,511.68307,0.0016677179,1159.18,509.60455,0.00029767083,1090.0165,489.89005,0.0011407732,1174.4089,485.36224,0.0003193004,1079.8871,489.24588,0.00085714407
8,2,884.7705688476562,351.0350704193115,44.689910888671875,18.973629210308104,862.98096,358.5298,0.77313125,874.93506,371.72083,0.79473567,885.1875,360.84753,0.2125969,907.03455,369.5058,0.53330106,918.9833,361.5555,0.038975205,892.1206,375.31616,0.03362697,883.68933,368.3202,0.014094835,857.975,358.84256,0.03077693,880.4057,353.48032,0.017026218,848.9249,365.637,0.022009961
8,3,833.659423828125,289.53164863586426,24.253326416015625,1.5307395227064273,824.5593,293.97537,0.6956642,828.9175,300.32855,0.7221173,837.3511,293.6839,0.371039,845.7147,299.64493,0.5845269,851.8621,296.61685,0.04793665,836.1399,303.5764,0.03851279,835.0332,297.40564,0.025715236,821.3207,291.1922,0.038451776,835.11456,286.70227,0.023699095,808.12915,295.72687,0.02919216
8,4,972.7787475585938,305.4793939590454,33.46234130859375,3.900328925193315,986.36914,316.231,0.6841961,981.5066,312.5117,0.6482019,968.1078,316.1009,0.5750045,961.4634,311.4498,0.6127864,954.83386,310.05524,0.050867572,972.4547,317.30606,0.03885551,973.0798,310.27505,0.038614124,973.7042,309.2987,0.040829282,973.80725,309.225,0.02538891,954.67224,311.2665,0.02770206
8,5,874.51904296875,247.05853843688965,17.269866943359375,0.617156465489369,883.4917,255.2097,0.6505149,878.9656,251.02567,0.608075,870.3335,253.02911,0.59318346,869.74097,251.57047,0.60302365,869.5669,248.79936,0.053972438,877.2014,256.61227,0.047081877,883.10474,247.3022,0.03964889,874.6177,246.53036,0.045668438,876.9584,246.95055,0.027749987,852.6522,258.19482,0.036755696
8,6,903.5402526855469,267.1405506134033,23.1441650390625,1.0862778088477094,912.1649,274.06683,0.6545542,908.8794,269.9427,0.6154396,898.9884,274.2027,0.59737605,894.97485,269.94324,0.6155892,891.13055,269.97253,0.05197447,902.2696,275.23657,0.037879772,903.80383,267.1176,0.035183866,900.65906,267.23718,0.041574806,899.53845,265.16974,0.026901366,883.8384,269.80957,0.028649744
9,1,1146.3930358886719,468.9386787414551,116.83209228515625,2.5989140133845776,1093.08,476.37808,0.8384409,1139.431,510.60696,0.8831642,1120.2517,484.49362,0.035621397,1186.4783,505.4912,0.31434277,1214.522,477.81448,0.0025764853,1158.3613,512.2417,0.0016712156,1159.1606,509.77475,0.0003247868,1091.1047,490.59155,0.0010985316,1172.9778,486.61392,0.00031695986,1079.4526,489.89993,0.0008842751
9,2,886.9376220703125,353.49981021881104,45.685089111328125,14.8880618629063,864.4387,360.77853,0.7790215,876.61176,374.4052,0.80927354,884.5399,362.38254,0.19442174,907.45917,372.47348,0.5204618,918.63116,364.1058,0.035490755,892.79535,378.4077,0.028517958,883.08545,370.7796,0.012437437,860.5362,361.25262,0.02652795,881.2617,356.08643,0.0143447,847.9359,368.22043,0.018077662
9,3,835.6229553222656,291.781099319458,24.2325439453125,1.6038824533591969,825.411,296.1162,0.7003395,830.5186,302.89505,0.728581,837.72925,295.9746,0.35666522,847.949,302.0264,0.5709824,854.20074,298.4182,0.047102634,837.9666,306.34555,0.033877183,834.4413,299.93546,0.023402551,823.32715,293.49902,0.03492987,834.90216,289.50153,0.021625808,807.4232,297.84396,0.025645275
9,4,970.739501953125,304.91726303100586,33.2852783203125,3.8517293448281285,984.5464,316.07205,0.68732256,978.9146,312.1839,0.64606833,965.87274,316.1045,0.5751043,958.44934,310.87512,0.612576,952.16174,309.38245,0.052844606,970.81226,316.7866,0.04196892,971.60657,310.55167,0.041399542,971.1494,309.18365,0.04453141,974.2328,308.84277,0.02741702,953.6468,310.33984,0.029698282
9,5,873.9405212402344,247.08019351959229,17.5338134765625,0.6280338847574961,881.8439,254.84325,0.65165365,877.95935,250.43938,0.60701644,868.17865,252.88683,0.5884689,867.2477,251.2976,0.60806686,866.80865,248.31165,0.056840006,876.12573,256.36115,0.052207716,882.59766,246.87198,0.044721507,873.2633,246.35751,0.05068362,876.5398,246.34999,0.031510357,853.1564,257.96542,0.04036614
9,6,902.7914428710938,267.0321464538574,23.621429443359375,1.1060788865470625,912.748,273.87378,0.65797585,908.9706,269.77512,0.61613923,898.23047,274.0575,0.5971903,893.9358,269.62912,0.61561626,890.15063,269.6118,0.05262094,902.3029,274.7291,0.038689367,903.2958,266.87985,0.036565587,900.27997,266.9009,0.04257116,899.71484,265.23453,0.027577117,883.86017,269.0893,0.029403629
10,1,1146.810791015625,470.0569667816162,117.506103515625,2.593644059614641,1093.5853,477.49353,0.8469253,1139.1992,511.39453,0.8853673,1122.3064,485.95978,0.03522988,1187.6996,506.1049,0.31193358,1217.9458,478.36676,0.0024121075,1159.7412,513.16626,0.0014394554,1159.3047,511.13354,0.00027861155,1091.6257,491.43735,0.0010097297,1175.1777,487.24692,0.0002836066,1079.2224,490.58383,0.00075264246
10,2,888.4775390625,357.1263542175293,46.133697509765625,11.408966453727535,870.6597,364.58328,0.71510935,879.5593,378.0959,0.7411893,890.5763,367.26398,0.2626987,910.72144,375.53772,0.537458,918.942,370.44754,0.04254371,891.9446,379.62604,0.041900538,889.2705,371.59354,0.017279224,863.68085,363.8947,0.032827668,876.6235,361.64273,0.02002086,853.8844,373.19336,0.031568486
10,3,836.3219604492188,294.50922775268555,24.070220947265625,1.678110352278528,825.42664,298.64377,0.70378745,830.6406,305.57822,0.73432004,838.3479,298.39392,0.33688444,848.73193,304.66815,0.55654734,855.683,300.68375,0.043567754,838.7178,309.47067,0.028163902,833.60803,302.70035,0.01937438,824.04913,295.71915,0.031199206,835.3295,292.16006,0.018352166,805.65845,299.94513,0.020753486
10,4,968.5880126953125,305.06689167022705,33.8994140625,3.9223000061652975,982.23096,316.01398,0.68870497,976.15735,312.21268,0.6462108,964.0547,315.95853,0.5702804,956.0421,310.7467,0.6119016,950.33997,309.30148,0.0535713,968.9131,316.50992,0.043833137,970.02783,311.17508,0.043238644,968.7444,309.2523,0.047140293,975.1493,308.60635,0.028589956,952.7178,309.5848,0.03102909
10,5,872.35986328125,247.77915573120117,17.777435302734375,0.641970265415825,879.90326,255.8075,0.64965504,877.2889,251.0884,0.6097519,866.21173,254.04636,0.58518565,864.9414,252.04526,0.61304355,862.9283,248.82246,0.058619898,874.9858,257.46692,0.055119287,882.12024,247.7635,0.047795147,872.2118,247.455,0.054108858,875.1024,246.9412,0.033404086,853.49744,258.82898,0.041277666
10,6,901.0543212890625,267.17155265808105,23.733123779296875,1.10920688208228,911.4862,273.66202,0.66344243,907.5974,269.73642,0.61968374,896.3828,273.92957,0.58782536,891.97,269.43378,0.6166,887.9629,269.33688,0.05424234,901.28357,274.4656,0.041868255,902.437,266.89282,0.038990967,898.3699,266.76175,0.045763925,899.3674,265.13702,0.029570093,883.16077,268.87415,0.031219095
11,1,1148.7523498535156,470.50953483581543,118.64886474609375,2.6097891657165646,1094.8419,477.7914,0.85274875,1140.4298,512.0154,0.89011043,1123.5947,486.27942,0.03304197,1189.1509,506.77673,0.30765304,1220.3135,478.71487,0.002441256,1162.0752,513.80334,0.0013875146,1159.5256,511.45264,0.00027402613,1092.7772,491.53366,0.0010089633,1175.9115,487.4138,0.00028186766,1079.3914,490.89297,0.0007238518
11,2,890.8918762207031,360.4057731628418,47.81927490234375,9.269807447825732,869.9159,368.7162,0.7376997,880.5122,382.57755,0.7686403,890.234,370.76315,0.23233579,913.2424,379.72818,0.5300471,922.91284,374.38565,0.039939784,895.5181,384.81277,0.034695294,888.5052,375.895,0.014272633,862.5852,367.57153,0.029926535,876.2174,364.5474,0.017247805,851.26416,376.7742,0.024354363
11,3,837.9170837402344,296.5446252822876,24.89007568359375,1.8243491871267232,827.15857,300.86713,0.70534265,832.9689,308.26532,0.73953927,839.4397,300.35034,0.30713198,851.3651,307.20337,0.5325463,857.91895,302.67487,0.040364757,840.9979,312.58817,0.02376589,833.59436,304.51303,0.015916964,825.76587,297.35013,0.027702246,833.9109,294.82147,0.01554499,803.82336,302.1261,0.016940814
11,4,966.4793701171875,304.34784507751465,33.5093994140625,3.761883890088031,979.3577,314.91745,0.68589747,973.46136,311.49292,0.6443953,961.02527,315.2356,0.56199044,953.20483,310.1837,0.61393476,947.39087,308.33032,0.055349533,966.4693,315.57394,0.04980636,968.82214,310.53043,0.047938928,965.64417,308.72757,0.05172248,974.3794,307.68423,0.031562865,951.82715,308.75198,0.03507043
11,5,871.6477661132812,248.78726291656494,17.856536865234375,0.6520925315027439,879.975,257.11295,0.64477915,877.1094,252.5389,0.61412144,866.5331,255.3995,0.58675414,865.05634,253.4156,0.61322397,861.82965,251.11903,0.05811853,874.2261,258.65393,0.052918445,881.46594,249.08154,0.04604802,871.68726,249.00484,0.05373619,874.5145,247.77966,0.032667503,853.9517,259.075,0.038969312
11,6,900.7974243164062,267.67149925231934,23.166046142578125,1.0851029023427823,911.6731,274.52917,0.6627523,907.65234,270.77756,0.62479156,897.4154,275.03226,0.58487314,892.6885,270.58377,0.61378914,889.2595,270.38818,0.05143184,901.4806,275.71912,0.037626375,902.4091,268.00705,0.034910757,899.8666,267.85498,0.041739177,899.6644,266.40536,0.02619709,882.853,270.53665,0.027805548
12,1,1149.02490234375,471.48723220825195,118.09295654296875,2.581405326843544,1096.9141,480.05792,0.89824206,1143.121,513.4854,0.9250134,1123.6547,488.26306,0.021872517,1192.2533,508.90103,0.28383476,1224.0565,480.4135,0.004729617,1176.5499,517.49506,0.0016569432,1144.6494,507.417,0.00038004934,1091.5734,487.70486,0.0018898527,1147.0918,484.77252,0.0005291861,1069.3143,494.55673,0.0007766704
12,2,893.1179809570312,363.7476854324341,48.5654296875,7.707311118781659,871.54553,372.82568,0.75631386,882.2562,387.48114,0.7937269,889.8418,374.31805,0.1985741,914.44727,384.38754,0.50827473,924.2041,378.43677,0.036860425,897.7842,390.30936,0.02783928,887.2323,380.57468,0.011689682,865.10425,371.6976,0.025504978,877.0359,368.9336,0.014194989,848.7887,380.98325,0.018259073
12,3,838.6180114746094,298.55844497680664,25.22039794921875,1.9442782610405824,827.2114,302.88248,0.6776911,832.94165,310.2413,0.6915654,841.0321,303.33438,0.3724745,851.20294,309.07376,0.5740179,858.2567,306.12097,0.04780004,839.43494,312.8898,0.041233093,840.3177,305.2731,0.024037205,821.7073,300.18237,0.036676995,831.93225,296.05365,0.024421437,807.9613,305.7121,0.032962777
12,4,964.0769348144531,304.27466583251953,32.1485595703125,3.5553389992055258,976.6247,314.7874,0.68563133,971.06934,311.4861,0.644573,958.80505,314.92838,0.54903543,951.2796,310.28372,0.6095447,945.54504,308.53363,0.054552004,964.4155,315.7707,0.051230077,968.09814,310.66953,0.047282606,962.8417,308.9029,0.052902747,974.0052,306.94183,0.0319234,950.5071,308.57263,0.03553692
12,5,871.9923706054688,249.91901779174805,17.4942626953125,0.6448626196724354,881.24396,258.46683,0.63954633,878.2831,253.87721,0.6133174,867.0321,256.68286,0.5923016,866.25354,254.39116,0.6086141,861.8604,252.5184,0.05425273,874.48224,259.9262,0.046822574,881.3293,250.32027,0.039749034,872.1398,250.25829,0.047701072,873.08295,249.46135,0.02811946,853.51855,259.6422,0.034052674
12,6,899.8445434570312,268.1397228240967,23.1639404296875,1.088700736811692,910.5154,275.03317,0.66239274,906.53455,271.3254,0.62646115,896.46295,275.5142,0.58065283,891.62714,270.99988,0.6131184,888.0167,270.83948,0.05070081,900.67035,276.37927,0.037198182,901.90375,268.76703,0.03413505,898.8993,268.40057,0.041470744,899.4785,266.8488,0.025489999,881.96027,271.09695,0.027057795
13,1,1148.35546875,472.4045219421387,117.79714965820312,2.561811179024816,1093.0156,480.197,0.85524124,1139.5487,513.9553,0.88625026,1123.127,488.8733,0.032224454,1191.6978,510.06335,0.33819768,1216.0793,482.21323,0.004642227,1163.1465,515.6737,0.0047410307,1160.3235,511.27832,0.0007436922,1086.4978,492.90005,0.0028700216,1165.6271,488.59702,0.0009019704,1089.1111,495.83167,0.0024689941
13,2,894.8557434082031,367.62806510925293,48.80914306640625,6.464330403869847,873.3807,377.2828,0.8226426,885.25946,391.01126,0.8375569,892.974,379.87842,0.18865395,917.4203,388.7461,0.5403524,932.48755,373.85486,0.022920756,902.39294,395.33044,0.02283209,892.4099,393.6615,0.009264678,869.8019,380.16528,0.01799163,910.79065,377.71796,0.0076826294,862.0635,382.99918,0.01406645
13,3,839.02880859375,300.5396146774292,26.316650390625,2.1202602578704726,827.46,304.35208,0.6832371,833.92065,312.045,0.69747674,840.797,304.78928,0.36151922,852.10144,310.68576,0.5688945,858.9791,307.40106,0.046643533,840.2484,314.76712,0.038217742,839.70276,306.7252,0.02268732,821.90283,301.47607,0.034697983,831.42883,297.7857,0.022957355,807.147,306.78958,0.030477352
13,4,961.1959533691406,303.9283390045166,30.510498046875,3.2838158595619555,973.64233,314.1559,0.68366736,968.74713,310.83768,0.64219165,956.5985,314.1302,0.5444728,949.90063,309.75113,0.60747623,944.16235,307.9777,0.054979157,962.5116,315.32764,0.054850426,968.0074,309.95737,0.047964834,959.9059,308.47186,0.05537301,972.92896,305.57712,0.03320064,949.27057,308.36243,0.03779614
13,5,872.2955017089844,250.9896183013916,16.74517822265625,0.6218990286489812,881.54224,258.82007,0.6313184,878.5472,254.42775,0.6080525,867.6936,257.21817,0.59302956,867.0631,254.78198,0.6043079,862.2505,252.89305,0.053044096,874.3274,260.37042,0.044755973,881.74603,250.64372,0.037431575,873.0608,250.64993,0.045262992,872.23956,250.34592,0.026484596,853.25476,260.33032,0.03252178
13,6,898.9803771972656,268.56097984313965,22.619384765625,1.065586199969572,909.6013,275.52896,0.66075706,905.545,271.85904,0.6291357,896.54395,276.13852,0.5781658,891.61835,271.66895,0.61253774,888.18066,271.4283,0.04946589,900.06116,277.15762,0.03597631,901.49805,269.55786,0.032671854,899.06885,269.10287,0.040534258,899.5459,267.51105,0.024304785,881.6973,272.22256,0.025836736
14,1,1148.8701782226562,473.48047828674316,117.80429077148438,2.541740476855118,1093.8728,482.2026,0.8655956,1140.1063,515.83344,0.8917475,1125.3152,490.96484,0.030743109,1193.5126,511.59152,0.33270174,1221.1075,483.40042,0.0042648353,1165.9331,517.7449,0.0038686944,1160.9089,513.50476,0.00060421537,1086.7627,494.7032,0.002512411,1167.7869,489.5509,0.00076445664,1087.4083,496.8549,0.001970795
14,2,896.8135070800781,370.94260597229004,49.157958984375,5.819827823398767,874.33435,379.8219,0.7590155,887.2136,392.98996,0.7650574,896.4047,383.6793,0.24511753,920.08655,390.56543,0.5658013,929.62744,380.92636,0.039822645,902.3135,395.31305,0.052188538,901.2427,391.48532,0.019793114,868.2129,381.11716,0.03770825,901.3174,378.43842,0.020778842,870.80505,387.6169,0.03682506
14,3,840.2691650390625,302.98112869262695,28.016876220703125,2.4423561454569005,829.0472,309.10492,0.7243327,834.0193,315.24435,0.7462777,843.0606,309.60187,0.3541373,853.3755,314.4202,0.6022576,859.9092,308.58844,0.03833952,843.53357,318.9451,0.04225043,848.0808,316.4446,0.025174042,827.2472,307.99063,0.039948102,860.16504,302.96466,0.02005975,825.2529,310.59253,0.029272018
14,4,959.1696166992188,303.69453620910645,29.88720703125,3.194359349767608,971.4049,314.74728,0.6721929,967.1144,311.0111,0.630788,954.8849,314.53787,0.5549881,948.23267,310.01468,0.6066574,941.9081,308.33023,0.05350465,960.06244,315.8518,0.05360656,967.9457,310.45032,0.046435926,958.47766,309.2961,0.05345266,972.1633,305.7872,0.03200872,948.3133,308.92383,0.036964633
14,5,872.13134765625,251.91633224487305,16.565277099609375,0.6199450219255447,881.0473,258.90192,0.62882346,878.35785,254.7868,0.6049347,867.8368,257.58862,0.5876248,866.2815,254.93744,0.5986593,861.5557,252.87215,0.05031736,873.44403,260.66895,0.042157635,882.3296,250.72498,0.034499142,873.1,250.7988,0.04247641,872.2191,250.64754,0.02432993,852.593,260.79465,0.030515492
14,6,897.7681274414062,268.981876373291,21.558746337890625,1.0176000642192347,907.9852,275.84882,0.6587448,903.2518,272.25043,0.6285311,895.52783,276.57623,0.57546043,890.245,271.9584,0.60880667,887.23425,271.94006,0.048267264,898.26587,277.57666,0.03526447,900.8635,270.15887,0.0313394,897.7429,269.72314,0.040132504,899.50415,267.76593,0.023447935,881.1383,272.6282,0.025127167
14,7,820.8480834960938,246.3610439300537,18.42919921875,0.6362943746731796,813.0327,250.16992,0.67491466,813.5729,252.62276,0.6807774,820.7893,250.30597,0.42904636,824.4652,252.36476,0.58746004,827.10974,249.2481,0.067236856,820.09546,256.37433,0.08176535,828.8522,253.38313,0.052871004,814.8924,248.22429,0.075339675,833.40216,243.41026,0.046958797,808.3353,254.26007,0.059322957
15,1,1149.11572265625,475.13543128967285,117.52633666992188,2.505411128192809,1094.6614,484.70007,0.8670794,1141.2035,518.51575,0.89320326,1127.2849,493.66507,0.029647145,1193.7622,514.21674,0.32386103,1224.4038,485.86148,0.0036555333,1167.0182,520.73615,0.0028359406,1161.9078,516.64856,0.00045908598,1088.8766,497.854,0.0019593225,1170.8843,491.69244,0.0005887244,1085.4255,498.85623,0.0014282573
15,2,898.6190185546875,375.6442050933838,48.674468994140625,5.019184123998447,875.5278,383.95172,0.7958295,888.1797,397.50195,0.8052205,896.8978,387.09677,0.21252361,922.19543,394.9863,0.55476725,934.46655,383.37994,0.0320981,905.5863,400.84683,0.037543666,899.187,397.06488,0.013836457,869.01025,385.38785,0.028283006,904.3561,382.3858,0.01394412,867.5037,391.15735,0.024482027
15,3,841.1575012207031,305.122278213501,28.2916259765625,2.6147272190791107,830.1603,310.3745,0.7275749,834.77106,316.47144,0.7511704,844.0039,310.73608,0.35460144,854.3921,315.62323,0.60029465,861.54626,309.74908,0.037050128,844.7157,320.28162,0.037831362,847.55066,318.0262,0.02352923,829.04236,309.1609,0.037085515,861.3111,304.49185,0.018334199,825.25635,311.5687,0.026331814
15,4,957.7652893066406,304.300106048584,29.32818603515625,3.179366245783174,970.5187,314.4405,0.64745677,965.5166,310.5373,0.6078287,952.97217,314.60043,0.6380521,946.42664,310.17328,0.61764187,942.5543,308.52518,0.041450184,954.40564,315.4028,0.026881931,955.96313,305.94904,0.026643997,957.31116,306.9468,0.02679369,948.7556,308.1982,0.016818764,931.21106,311.0182,0.021653429
15,6,896.3171997070312,270.81315994262695,21.457855224609375,1.033951222266181,904.9369,278.06,0.65774167,898.3816,274.9484,0.6139226,892.9132,278.30698,0.56958175,887.1815,275.70114,0.5849819,888.23914,273.12213,0.060204167,896.4341,280.04367,0.062355302,902.983,273.99896,0.04507793,896.59155,272.91898,0.05747096,904.4143,270.11163,0.03632214,877.357,279.6773,0.046949983
15,7,820.7608337402344,247.7028350830078,18.06060791015625,0.6307650004417255,813.22437,251.71783,0.67020535,813.8025,253.4895,0.6761183,820.0567,251.53491,0.43994373,823.92975,253.34822,0.5862351,826.2909,250.50465,0.064635694,819.6623,257.55402,0.07501882,828.7023,254.49918,0.04956596,815.5655,249.60709,0.07058454,833.1732,244.77957,0.043667514,807.8408,255.68228,0.053857736
16,1,1149.2442626953125,476.45379066467285,117.42855834960938,2.482788861796347,1094.3643,486.0014,0.8696179,1142.03,520.1233,0.89652216,1125.9229,494.56396,0.028166084,1193.9746,515.802,0.3160509,1225.3665,486.6051,0.0032922674,1167.8016,522.49414,0.0024045235,1161.418,518.1787,0.00039929722,1088.319,499.05557,0.0016791733,1171.3706,493.1295,0.0004895584,1083.2008,499.68518,0.0012168973
16,2,900.9472045898438,378.9661617279053,48.920745849609375,4.57077043338527,876.76013,386.6785,0.8106222,890.7508,400.4999,0.8191037,898.8469,389.79565,0.19103698,924.40485,398.2348,0.53725195,938.97485,385.3817,0.02897052,908.92566,404.59225,0.029195445,899.5067,400.63055,0.010963506,871.6161,388.7154,0.023566348,906.68097,384.8517,0.011404643,866.45215,393.6209,0.018442493
16,3,842.0304565429688,307.5449695587158,28.551727294921875,2.8391073552263486,829.645,313.1402,0.732384,834.8069,319.3446,0.75664216,844.95105,313.09454,0.34248668,855.66296,318.64908,0.58749944,864.5726,312.3911,0.03238417,844.97,323.6055,0.028238438,846.69275,322.04724,0.018042177,829.82275,312.37125,0.029176993,864.2672,307.21616,0.0141315125,823.0255,313.45032,0.01964148
16,4,956.2310485839844,304.8842010498047,28.51263427734375,3.091911860869816,968.13666,314.4921,0.6572706,963.55133,310.69855,0.6187997,950.8354,314.54727,0.6195803,944.9569,310.35034,0.6188284,940.43066,308.99258,0.04486681,953.4242,315.58582,0.030810978,954.5411,306.40237,0.029951781,954.8399,307.07578,0.031214248,948.3402,307.70004,0.019757744,931.2567,310.93094,0.02395795
16,6,894.8336791992188,271.4336643218994,21.38525390625,1.0378963072990397,902.21045,277.95145,0.6667178,896.233,275.297,0.6279372,890.61487,277.9291,0.5438592,886.1653,276.09082,0.586539,886.6688,273.36954,0.06497741,895.61304,280.3123,0.071988076,901.7428,274.32062,0.051343672,893.3875,272.89777,0.066985354,903.65424,269.60596,0.0424157,877.1378,279.37268,0.052776486
16,7,821.1798706054688,248.54802703857422,17.629852294921875,0.6216153734292049,814.25226,252.71399,0.6676403,815.16504,254.37714,0.6771642,820.71436,252.50499,0.44712678,825.2079,254.38486,0.5927867,827.01807,251.88234,0.06420264,820.6172,258.49637,0.0720174,828.7677,255.01251,0.04926547,816.0485,250.4539,0.06906252,832.5232,245.47064,0.043074995,808.3904,256.16168,0.051767547
17,1,1150.4730834960938,477.2925453186035,117.69451904296875,2.482511127008617,1093.84,486.58517,0.8703839,1142.1411,520.3568,0.8955945,1126.2866,495.3121,0.02855643,1194.9746,515.93854,0.31418562,1226.8962,486.93546,0.0032674167,1168.8649,522.79584,0.0022766925,1161.7196,518.68823,0.00037779997,1087.9165,499.40128,0.0016605201,1171.3627,493.19186,0.00047769767,1083.1616,500.09192,0.0011466482
17,2,904.2684631347656,381.4991626739502,50.328369140625,4.325126912659939,878.3832,390.90845,0.83269286,892.7804,405.57086,0.84113777,902.2007,393.36197,0.15981136,929.2803,402.8974,0.5093283,947.03705,389.6551,0.024531495,914.2772,410.7377,0.019535631,898.7915,406.3768,0.006920381,872.95294,392.9912,0.017907714,909.2842,388.15546,0.00798163,863.0088,396.69672,0.011619613
17,3,843.7979736328125,309.6890287399292,29.15716552734375,3.1207144536749376,832.99585,316.70258,0.7030508,837.7329,322.5254,0.71584755,849.0292,317.2521,0.36262593,856.70764,321.90402,0.6014868,861.86975,317.3455,0.058537975,848.0646,325.9278,0.071901076,854.0906,321.8487,0.03990459,829.884,314.78235,0.06468191,857.5362,308.40057,0.038768854,828.33453,319.57205,0.05122309
17,4,954.3520202636719,303.7389278411865,28.81494140625,2.9270053542143244,966.0945,312.65567,0.6642509,961.00305,309.05896,0.6187292,947.53845,312.80673,0.6065708,941.62885,308.50336,0.61911535,936.782,307.52753,0.05192887,951.6608,313.3187,0.04056048,953.12415,304.98285,0.03795479,951.1108,305.52145,0.039852113,948.03516,305.4394,0.026510857,930.77576,308.46188,0.031046437
17,6,894.1068420410156,271.7434787750244,21.251220703125,1.0371271839458498,901.1201,278.6203,0.6711483,895.1483,276.11548,0.6397786,889.2074,278.2843,0.5334348,885.63684,276.93814,0.59140176,885.1644,274.36334,0.067447454,895.1974,280.98328,0.0768152,900.33453,274.92404,0.055067398,891.4088,273.221,0.07303944,902.6947,270.00693,0.04529211,876.923,279.53754,0.055126328
17,7,821.4084777832031,249.32570457458496,17.8084716796875,0.6344939689693098,813.6323,254.13242,0.66575205,815.1603,255.85265,0.6813385,820.0242,253.84346,0.4441146,825.45996,255.89134,0.59577525,826.279,254.10358,0.06193584,820.2434,260.0549,0.06777443,828.2108,256.26086,0.046986498,814.8964,251.8052,0.06709939,831.8026,246.30879,0.04135518,808.33704,256.88834,0.04785964
18,1,1151.2188720703125,478.1382522583008,117.91854858398438,2.4768830925282206,1093.9485,487.68607,0.8716698,1142.0273,520.8111,0.8943205,1126.8402,496.54202,0.029925462,1195.4238,516.1628,0.31373477,1227.9012,487.4798,0.003203296,1169.4102,523.2625,0.0020923046,1161.7443,519.6428,0.00035389644,1088.1898,500.1254,0.0015994407,1172.0724,493.8467,0.00045356038,1083.2202,500.67752,0.0010517987
18,2,907.742431640625,385.79500579833984,52.203094482421875,4.023188621977112,882.39526,394.87442,0.79315805,895.02374,410.2636,0.79838187,907.3042,399.0406,0.18860799,933.0965,407.07864,0.53148854,947.7543,397.67563,0.034154776,915.0276,413.21945,0.034976877,906.9606,406.75543,0.011243166,873.3122,396.02383,0.028244724,902.3044,392.06183,0.0149524305,870.281,403.17862,0.02273585
18,3,845.02294921875,312.6749324798584,28.877655029296875,3.4031561040211855,833.6029,319.0067,0.71172,838.18066,324.92624,0.73224217,849.3999,319.25113,0.3544775,857.2388,324.36493,0.59950876,863.026,319.9126,0.052159585,848.6206,328.4588,0.059219666,852.88513,324.7001,0.03431103,831.026,317.2346,0.056518324,859.1567,310.80972,0.031926595,828.57,321.203,0.041359067
18,4,951.84375,303.61406993865967,28.181671142578125,2.839255307215637,962.70245,312.95874,0.66866726,958.72107,309.508,0.6268758,944.871,312.82697,0.5859746,940.20984,308.94754,0.6218513,933.95605,308.38055,0.05798258,950.50903,313.72073,0.047996685,951.60803,305.60272,0.044765577,947.783,305.68884,0.04856452,946.8931,304.94684,0.032757983,930.92786,308.30017,0.03558842
18,6,894.1791687011719,273.40002822875977,20.154052734375,1.0004879015967827,901.70715,280.21884,0.6684372,895.50476,277.69305,0.6439802,890.26,279.66827,0.54269767,887.3516,278.38678,0.6007298,886.2217,276.44095,0.066209234,895.6046,282.4182,0.07216265,900.0431,276.22806,0.053643234,891.7787,274.5499,0.07066419,901.91736,271.67084,0.043079298,877.8203,280.6634,0.051701687
18,7,821.6097106933594,251.2518482208252,17.82623291015625,0.647737002709317,813.8165,256.71228,0.6605383,816.1998,258.4072,0.6853968,820.7886,256.10028,0.4442012,827.1707,258.55176,0.5964194,827.70703,257.55963,0.056374416,821.02277,262.74005,0.055340946,828.1344,258.67575,0.03979223,815.03784,254.14487,0.05851694,831.7726,248.22328,0.034933913,807.92664,258.56418,0.038575564
19,1,1151.8701782226562,478.4029541015625,117.92266845703125,2.4744142750839764,1095.4585,488.53748,0.8817789,1142.3856,520.9597,0.89859843,1129.2532,497.56058,0.030159865,1197.4115,516.0654,0.3158345,1231.3818,487.3746,0.003226908,1172.184,523.6941,0.0019893602,1161.478,520.30273,0.00033152095,1088.9104,500.1639,0.0016223205,1173.0739,493.95605,0.0004440816,1083.9393,501.0158,0.000980756
19,2,910.6488647460938,390.08309841156006,52.517120361328125,3.7170923188341582,883.58405,398.04608,0.8053157,896.8874,414.37366,0.82479835,906.2178,401.34775,0.159465,933.7184,411.35422,0.51161176,947.77966,401.2271,0.03333107,917.1732,417.80432,0.031119721,905.9152,410.56073,0.010584517,876.33167,399.68652,0.02619121,903.0504,395.25696,0.01350342,868.7569,406.9715,0.019055927
19,3,846.8045654296875,314.84965896606445,29.480804443359375,3.8262272380622613,835.13696,320.62433,0.7249317,840.06274,327.20908,0.75205064,850.33093,320.59906,0.33730534,859.9748,326.6336,0.5958308,866.21326,321.58298,0.0464094,850.7859,330.75818,0.049204372,851.6111,327.08713,0.029714972,832.69867,318.86984,0.048312034,860.3007,313.42587,0.025883637,828.6113,322.79132,0.03408329
19,4,949.751220703125,303.73097133636475,27.205810546875,2.7446305534410547,960.55786,313.27945,0.6663822,957.3358,309.95468,0.6308493,944.0931,313.13065,0.5800548,939.89233,309.42508,0.62358844,933.2936,308.77402,0.058961272,949.8749,314.30643,0.049293514,951.05396,306.45615,0.04591187,946.74664,306.14468,0.05049926,946.7196,305.0611,0.033600684,930.7645,308.77567,0.03606803
19,6,894.6181640625,274.32844161987305,19.470794677734375,0.9781025621588678,903.105,281.18536,0.6652424,896.55786,277.91406,0.63551575,891.20197,280.33694,0.5617349,887.7479,278.52847,0.60034275,886.77454,276.76773,0.063089,895.96216,282.8221,0.06515037,901.03436,276.4311,0.04971579,893.11914,275.16235,0.06486558,902.1234,272.4193,0.03913424,878.0074,281.4495,0.04709177
19,7,822.2847290039062,253.3062744140625,17.576751708984375,0.6500988641318585,815.1022,258.69974,0.64778334,817.3086,259.9809,0.6770148,822.56726,257.78543,0.45366874,828.72546,260.10522,0.588712,829.3496,259.8535,0.052448306,821.963,264.61105,0.04550512,828.9055,260.08148,0.033139113,816.9811,255.6124,0.051052433,831.6711,249.67572,0.029575042,807.20264,260.14105,0.031700872
20,1,1152.917724609375,477.5991668701172,117.75009155273438,2.4794496842449747,1096.3961,487.75977,0.8896009,1143.7659,520.8935,0.9059953,1129.6406,496.9448,0.02701013,1199.0093,516.0781,0.3127867,1233.1896,486.35266,0.0033045276,1174.5862,523.7932,0.0021246881,1161.5687,519.6516,0.00034289912,1089.2809,499.4586,0.0016966366,1172.308,493.49512,0.00046045863,1084.2612,501.06302,0.0010257586
20,2,913.8684997558594,393.12580490112305,53.66986083984375,3.581689385112725,885.4078,401.81647,0.8189537,899.38715,418.94452,0.8427531,907.5855,404.52222,0.13645709,937.10767,415.65448,0.48565882,952.43243,405.28403,0.030586895,921.417,423.02808,0.023368996,905.4322,415.3024,0.008053069,879.12415,403.56808,0.021589931,904.599,398.7944,0.010715588,866.4729,410.51306,0.013637297
20,3,848.1440734863281,316.12689685821533,30.20947265625,4.20588718634584,835.2288,321.96487,0.73629314,840.6885,328.96634,0.7625206,850.9944,322.08096,0.32656363,861.93677,328.17416,0.59112304,869.2509,322.52615,0.043004397,852.218,332.6989,0.042492025,850.7507,329.42093,0.025727777,833.2416,320.46124,0.04257433,861.24817,315.4561,0.02217715,827.9325,324.14893,0.029226165
20,4,948.8197631835938,302.9405736923218,26.75335693359375,2.635153512931176,959.64197,312.81232,0.6678832,956.5223,309.65305,0.6334147,943.1195,312.5985,0.5741389,939.53046,309.07642,0.622186,932.8204,308.42075,0.06000233,949.391,313.87195,0.05198886,950.63727,306.14206,0.04752013,945.5786,305.71048,0.05273698,946.44556,304.56293,0.034987517,930.4323,308.39896,0.037855867
20,6,893.8880310058594,273.2410011291504,20.3331298828125,1.0028646546426077,900.9806,279.7942,0.6685186,894.5308,276.5769,0.6358535,889.4603,278.83447,0.5497887,885.72705,277.312,0.59473425,884.8826,275.07614,0.068047054,894.5736,281.56967,0.07597983,900.69434,275.33795,0.055923253,891.55457,274.01367,0.07361497,902.3418,270.6409,0.045127735,877.1373,280.72095,0.05459237
20,7,823.3224792480469,254.08971977233887,17.46624755859375,0.6521384198132085,816.0708,259.7584,0.64561206,818.65,261.16782,0.6775931,823.72546,258.75473,0.44987756,830.20825,261.2713,0.58359116,831.0714,261.1061,0.049660254,823.1411,265.8974,0.040091477,829.3182,261.04874,0.029687455,818.13556,256.48724,0.04631086,831.93805,250.69597,0.026470382,806.73596,261.00464,0.027954262
21,1,1152.8999633789062,477.73924255371094,117.51278686523438,2.4745136506677645,1097.095,488.06183,0.89326054,1143.699,521.0049,0.9074257,1130.6781,497.14267,0.02674369,1199.9028,515.9937,0.31194672,1234.5803,486.38043,0.0033216479,1175.4816,523.9458,0.0020988937,1161.5345,519.81506,0.00033316028,1089.4033,499.37024,0.0017074617,1172.6847,493.42215,0.00045892538,1084.2008,501.0601,0.0010043115
21,2,915.8701171875,396.2965621948242,54.560577392578125,3.4186390473987163,890.3223,405.24725,0.7801236,901.8953,421.3505,0.7796144,918.25415,409.8557,0.193794,941.2937,418.10843,0.547372,954.0116,407.90237,0.028664842,919.6983,423.34415,0.042076435,924.0075,420.21735,0.011774551,883.4708,407.6615,0.029607343,928.38995,404.9444,0.014205923,889.0963,414.8177,0.027533187
21,3,849.0847778320312,317.0329341888428,30.534027099609375,4.5794693230431545,836.0887,322.53668,0.7418076,841.5244,330.30844,0.77042776,852.04785,322.51086,0.3099424,863.7211,329.35614,0.58113486,871.8583,323.54865,0.04092914,853.4342,334.0085,0.037990812,851.0678,330.69437,0.022900509,834.4429,321.35065,0.038262833,862.3775,316.36557,0.019927314,827.1482,324.85184,0.026102437
21,4,946.9396362304688,301.8596477508545,25.738311767578125,2.440075367702709,956.9643,310.91406,0.664062,953.73535,308.11594,0.6308606,941.28394,310.8069,0.56595707,938.11255,307.66278,0.61991096,931.8242,306.9448,0.065104514,947.809,312.17114,0.062022816,950.33167,304.64032,0.053946454,943.0222,304.23096,0.061127394,946.15,302.3086,0.041176736,929.6153,307.104,0.045219347
21,6,892.9855041503906,272.7545213699341,20.97528076171875,1.024648598530756,900.4528,279.34375,0.6696844,894.01373,276.1443,0.63551825,889.03467,278.36047,0.54665905,885.2427,276.94708,0.5943506,884.46735,274.59317,0.07047074,894.2732,281.162,0.08066555,900.64325,274.87466,0.058770422,891.1062,273.62985,0.07745153,902.1759,270.11624,0.048004396,876.9872,280.5691,0.05791922
21,7,823.7287902832031,254.59332275390625,17.53985595703125,0.6595514685584071,816.10315,260.25824,0.6462763,818.97266,261.83768,0.6802082,824.31726,259.314,0.4469118,831.02875,261.92288,0.58279544,832.2314,261.75323,0.048564434,823.74585,266.5928,0.037807554,829.34546,261.78943,0.028332388,818.4645,257.02142,0.04447963,832.37787,251.2021,0.02524916,806.6207,261.4519,0.026365755
22,1,1151.974365234375,477.8912658691406,114.46353149414062,2.4191771347816773,1102.8721,488.81018,0.7658928,1142.3604,523.25867,0.6351515,1136.7881,490.4532,0.20274056,1204.0669,515.59735,0.31405807,1207.3739,553.00354,0.029668039,1179.2251,525.4207,0.010406428,1156.375,505.45532,0.005147592,1108.7775,503.04303,0.00583123,1147.5631,493.9873,0.007196244,1139.2227,493.19366,0.0046918145
22,2,917.2387390136719,399.86401176452637,55.992919921875,3.230190190010116,890.2643,409.51706,0.8267426,904.28125,425.92328,0.8184779,918.1433,414.6284,0.16212463,945.8747,422.7947,0.5357498,964.77136,408.72763,0.02128904,925.94476,429.3011,0.026201155,921.5111,426.74057,0.0069860327,881.38196,412.55627,0.019123867,931.5565,409.55392,0.008327966,884.49445,417.55347,0.016096039
22,3,849.73681640625,317.8347644805908,31.00433349609375,5.011373405999466,836.54736,323.32574,0.74843365,842.67993,331.6613,0.7768273,852.5444,323.49756,0.2949244,865.19556,330.71463,0.573577,873.678,324.27667,0.039681483,854.4051,335.53137,0.0351397,850.9458,332.1521,0.021302015,835.4749,322.69046,0.035202675,862.8618,317.7792,0.018637825,826.73206,325.9519,0.023985405
22,4,944.2490844726562,301.0577144622803,25.216278076171875,2.322383158882139,953.4105,310.05814,0.6652459,950.26416,307.4667,0.6355265,938.6465,309.85416,0.5521891,935.82556,307.12775,0.6163708,929.4904,306.137,0.06871116,945.4316,311.5718,0.07119492,948.9091,304.4553,0.059771325,940.231,303.71582,0.06948279,946.2314,301.1251,0.04626149,928.64307,306.66464,0.05120379
22,6,892.1077880859375,272.5034923553467,21.570831298828125,1.0470980029797863,900.2818,279.2632,0.6683615,893.448,275.69885,0.63098,889.3295,278.2899,0.55424196,884.70544,276.62848,0.591495,884.93896,273.99347,0.07011156,894.00385,280.92346,0.078865916,900.99146,274.75168,0.057587665,892.0864,273.63632,0.07586764,902.8612,270.1509,0.046639416,876.7246,281.31274,0.057010908
22,7,823.6722106933594,254.83654975891113,17.716552734375,0.6689874932972685,815.75793,260.41162,0.6482679,819.026,262.18356,0.68344784,824.25696,259.57285,0.44377235,831.3331,262.27887,0.58351374,832.6914,261.9257,0.047880925,823.9298,266.9043,0.036941804,829.2562,262.16916,0.027855579,818.2455,257.27567,0.043619912,832.547,251.46024,0.024661202,806.55664,261.64743,0.025761522
23,1,1152.8937377929688,479.0285053253174,116.51541137695312,2.4397570240684323,1099.5775,490.82892,0.9095253,1145.1382,522.5902,0.9214677,1129.2286,499.77252,0.023103472,1201.1838,517.0552,0.28956586,1233.9358,489.83478,0.0063300882,1184.0565,526.6216,0.0023690162,1146.9083,516.312,0.00047014473,1089.9117,496.48447,0.0028381178,1143.204,493.33698,0.0008453722,1074.3739,504.3427,0.0010968032
23,2,919.4360961914062,403.92231845855713,56.825775146484375,3.0541961786382785,891.3125,412.73276,0.8498238,907.79895,429.8076,0.83908075,919.123,418.38824,0.13965164,949.46204,426.58118,0.5145458,971.51807,409.93222,0.018428048,931.17725,434.13455,0.019152375,920.5662,431.671,0.0050432864,882.73224,416.73853,0.014583477,933.1335,413.36874,0.006120887,881.88574,420.19385,0.011325334
23,3,850.641357421875,320.0246057510376,31.944854736328125,6.12122387487331,837.6465,326.3855,0.7599449,844.4383,335.0934,0.7889167,852.6112,326.52835,0.2775767,866.709,334.04657,0.55889636,875.1539,326.77087,0.0359383,855.6626,339.4295,0.027723672,849.46313,336.20584,0.01744062,837.70154,326.0953,0.028716872,864.0448,321.90494,0.014946264,825.3851,328.9487,0.018528398
23,4,942.158203125,300.3091335296631,25.275604248046875,2.257425278915573,951.3556,308.83392,0.66654474,948.4821,306.35434,0.63448364,936.6688,308.66498,0.5440152,934.1047,306.17154,0.61269623,927.86487,304.7376,0.07337085,944.1579,310.5247,0.081579864,948.2873,303.51678,0.066023916,938.31323,302.81473,0.077489935,945.9015,299.7195,0.052396692,927.6638,305.92767,0.058555935
23,6,891.5970153808594,272.5275936126709,22.07830810546875,1.0739735069898277,899.9868,279.2306,0.6659781,893.6146,275.63196,0.6288607,888.6718,278.14413,0.5541247,884.32324,276.62088,0.59514624,883.91174,273.94354,0.07321089,893.95435,280.9053,0.08353078,901.1809,274.38562,0.062011976,891.74835,273.4195,0.07974465,902.1603,269.98947,0.050111294,876.73224,281.36804,0.060519967
23,7,823.7558898925781,255.35083866119385,18.1182861328125,0.6893054030934949,815.1406,260.8261,0.6488998,818.73395,262.74487,0.6842042,824.35583,260.0523,0.44063482,831.6634,262.77393,0.5813002,833.5322,262.29446,0.04619707,823.8762,267.46936,0.034683518,829.2482,262.91116,0.026062196,817.8954,257.7758,0.04145313,833.0151,251.9117,0.023198994,806.0125,261.94815,0.024171047
24,1,1152.8718566894531,479.83898735046387,117.07763671875,2.438004721597646,1099.4979,491.1552,0.9071848,1145.9155,523.10876,0.92300385,1127.8436,500.05176,0.023012625,1199.4153,518.0446,0.29134274,1231.2527,490.1353,0.006224182,1183.1726,527.38586,0.0023601972,1146.539,516.7774,0.0004900855,1091.2903,497.3525,0.0027399112,1143.0049,494.3019,0.0008173127,1074.2148,505.46115,0.0010907302
24,2,921.6887512207031,408.11843490600586,57.487060546875,2.8931099888189555,895.02673,417.50824,0.79054856,910.0871,435.2272,0.7860636,922.63586,423.57794,0.17632194,950.28235,431.62567,0.5342312,963.81726,420.2275,0.028901238,928.5271,437.16513,0.0390128,927.7828,432.51917,0.010476894,886.7468,420.5013,0.026687235,925.2311,418.41125,0.013624026,890.7483,428.2973,0.025790332
24,3,851.64990234375,321.6391067504883,31.988067626953125,6.979972327168965,838.8451,327.64294,0.75919586,845.73944,336.50336,0.78901434,853.5161,328.00018,0.2750448,867.65845,335.3056,0.55068576,876.06274,328.12497,0.03505228,856.53827,340.95715,0.024812246,849.713,337.67517,0.015985053,839.85315,327.54846,0.026377648,864.40045,323.58334,0.013834812,825.4061,330.3239,0.016533898
24,4,940.0749206542969,299.72987937927246,25.48516845703125,2.2313479482352783,949.00836,308.29425,0.665071,947.1392,305.89417,0.6348113,935.08765,308.10916,0.54084784,933.5323,305.95462,0.612534,927.3551,303.97842,0.07590747,943.277,310.274,0.08747005,947.6604,303.24246,0.06985064,936.76025,302.51038,0.08168126,945.27905,299.14078,0.055346068,926.98975,305.92477,0.06322904
24,6,890.759033203125,273.0179615020752,22.884063720703125,1.1199181777750793,899.38635,279.59094,0.66069835,893.3115,275.6768,0.62218183,888.4792,278.43808,0.56199956,883.46985,276.6375,0.59749824,883.3214,274.02734,0.072641924,893.7571,281.1064,0.081004746,901.7983,274.38132,0.060946174,891.6991,273.47882,0.07833399,901.964,270.05795,0.048738338,876.345,281.97873,0.058938697
24,7,824.1594543457031,257.01034927368164,18.83056640625,0.7288484202161778,816.04626,262.6666,0.6597223,818.52124,264.98462,0.6610524,826.06,262.61002,0.45232385,831.3904,264.7463,0.59892523,834.1526,261.5873,0.07106969,825.55176,268.8396,0.07942198,833.0422,264.81995,0.05385171,818.43994,259.49872,0.07192688,833.0293,255.3267,0.048541196,809.267,267.40155,0.06113418
25,1,1152.933837890625,480.4618091583252,117.50711059570312,2.4366969662457634,1099.5955,491.8207,0.9051159,1146.6627,523.5798,0.922637,1127.2338,500.39804,0.02331572,1198.914,518.7066,0.29066077,1230.0894,490.59448,0.00623984,1183.2322,528.00146,0.002309128,1146.2687,517.204,0.0004993915,1091.8457,497.83527,0.0027022837,1142.7991,494.92108,0.00080317614,1073.8313,505.9407,0.0010755648
25,2,924.6492919921875,412.32621574401855,58.654449462890625,2.7682047976066007,897.4071,420.98358,0.82101625,912.2086,439.61517,0.82748044,922.33716,426.5667,0.14388978,953.53143,436.19043,0.51837915,968.84155,423.00967,0.02554159,933.2688,442.23474,0.030588986,925.6421,436.86057,0.008235257,887.7866,423.9536,0.021865822,926.5556,421.93646,0.010277639,888.3565,431.30963,0.018771691
25,3,852.169189453125,323.22651958465576,31.541290283203125,7.805581950893512,839.4487,329.46417,0.76008886,846.041,337.99448,0.7915917,853.94366,329.6766,0.27567053,867.5576,336.96942,0.5451182,876.27,329.69357,0.033163566,856.5445,342.80252,0.021390418,848.90845,339.89548,0.014382025,841.6723,329.4359,0.023745412,865.9602,325.61545,0.01222695,825.21387,331.76846,0.014199467
25,4,938.3043823242188,298.9848518371582,26.023590087890625,2.23379995825331,947.50366,307.7932,0.6651249,945.5399,305.2273,0.6316726,933.8337,307.6055,0.53987116,931.6124,305.30545,0.6077117,925.8751,303.02576,0.07675907,941.83386,309.8042,0.09082196,947.4547,302.94788,0.07099612,935.87695,302.2279,0.083672084,945.7207,298.38654,0.056601558,926.1026,305.69965,0.0656849
25,6,890.6239013671875,273.5489101409912,23.160552978515625,1.14113318336197,900.64307,280.5683,0.6586604,894.5066,276.3065,0.61855435,889.42163,279.41714,0.5750959,884.1709,277.2204,0.600719,884.29175,274.62534,0.06923201,894.79944,281.8613,0.07270655,902.3054,274.89313,0.05624743,892.7462,274.10492,0.071793586,901.7871,271.15106,0.04374347,876.3807,282.89325,0.05325255
25,7,824.3909912109375,257.7435836791992,19.313507080078125,0.7543920765566469,815.7636,263.08896,0.66291034,818.53796,265.65002,0.66726094,825.6505,263.11804,0.4482757,831.4865,265.37857,0.6019425,834.11597,262.19647,0.069846116,825.5624,269.43976,0.07834817,832.69354,265.3117,0.053304866,817.72314,260.03397,0.071121536,832.67523,255.74248,0.047589827,809.15955,267.64575,0.05983264
26,1,1153.760009765625,480.15585708618164,117.76922607421875,2.4425577786192805,1097.9103,490.4589,0.88994026,1144.1731,522.9871,0.90638757,1129.8809,499.30017,0.028711518,1198.5532,517.8127,0.30915275,1233.4227,488.2666,0.0030793329,1174.9995,525.8417,0.001715537,1160.4109,522.3612,0.00030305545,1091.4847,501.55762,0.0014587672,1174.2649,496.38733,0.00038302442,1083.1813,502.73843,0.00084014324
26,2,928.5916442871094,414.67660331726074,60.14190673828125,2.7136052710638943,899.3867,423.3677,0.86464715,915.4455,442.6211,0.87625074,924.8943,426.9777,0.09672758,954.87964,439.15683,0.44577822,978.4275,422.31076,0.013452142,938.58655,448.509,0.00810108,920.3476,444.53204,0.0025535526,896.57227,428.44266,0.007837109,940.4808,423.97293,0.0030267385,877.6262,430.3241,0.0043338286
26,3,853.3287048339844,324.9694061279297,30.1358642578125,8.429452751236632,840.0782,331.9889,0.72297376,846.03735,339.344,0.7504512,855.8428,332.17337,0.31695536,866.6944,338.62265,0.58347887,871.86127,334.30536,0.056264557,857.1418,342.9903,0.058997266,855.6337,337.2709,0.03368615,836.92,330.18088,0.0562031,857.0005,324.13358,0.03334945,830.8881,335.67413,0.04063472
26,4,937.8900146484375,298.23472595214844,26.30328369140625,2.2214531899457164,947.7904,307.26303,0.6661206,945.3815,304.58484,0.6288043,933.21375,307.1947,0.54167795,930.4103,304.757,0.6046129,925.12195,302.26645,0.07747012,941.62415,309.1911,0.09246508,947.34534,302.3218,0.07149286,935.93713,301.75937,0.08429557,945.8324,297.98477,0.057132464,925.5211,305.48035,0.067127496
26,6,890.7556457519531,273.08006858825684,23.56842041015625,1.1542167421363503,900.10046,280.11203,0.65814793,894.71155,275.66284,0.61424744,888.6458,279.07446,0.5746795,883.19934,276.7568,0.6039183,883.35364,273.77847,0.0713071,894.9818,281.50427,0.07638341,902.4265,274.28656,0.05944363,892.5592,273.53885,0.07441223,901.3651,270.67075,0.04608992,876.16504,282.8663,0.056126498
26,7,824.7485046386719,258.3517541885376,19.724853515625,0.7766743734826841,815.16394,263.87766,0.6649625,818.00226,266.35745,0.671851,824.88696,263.79953,0.446556,830.8453,266.0661,0.6015765,833.4553,262.96835,0.06899185,825.1785,270.16342,0.07629969,832.0453,266.19547,0.052698012,817.3176,260.80914,0.070752345,832.83746,256.41867,0.046513774,808.98914,268.23056,0.05775133
27,1,1154.868896484375,480.1310348510742,114.45016479492188,2.3818387600894204,1104.8375,490.2551,0.7669618,1145.2448,525.47296,0.6364383,1137.2567,491.87082,0.19963965,1203.7831,517.88464,0.31263387,1209.0332,554.0743,0.028734786,1178.405,527.27905,0.009682764,1157.0712,507.73047,0.004608776,1110.6079,504.36285,0.0055281846,1146.9092,495.84793,0.0067024752,1140.421,495.1279,0.0042143553
27,2,933.315673828125,417.64507484436035,62.116241455078125,2.651153294732168,905.38275,428.19022,0.8100149,923.558,447.58173,0.8576748,928.6939,429.40228,0.08054215,960.8732,443.94263,0.316893,986.22156,430.65698,0.00810277,943.7761,452.89816,0.0013868595,923.051,448.42474,0.00073606014,913.16766,430.6815,0.0025032822,948.3717,428.29767,0.00086480635,868.7056,431.13214,0.00079490617
27,3,854.892333984375,326.2109041213989,30.073883056640625,9.32297880932955,841.20874,332.74268,0.72346604,847.50745,340.59875,0.7513412,857.6738,333.30054,0.31786063,869.61914,339.54797,0.57893646,875.879,335.06186,0.053253695,858.9974,344.1452,0.050879385,856.6422,338.5274,0.029633645,838.9263,331.20938,0.049050134,857.63544,325.5565,0.029272327,831.0513,336.65833,0.035692006
27,4,937.3497619628906,297.74737071990967,25.91986083984375,2.157710202377609,945.78937,306.98834,0.666422,943.47656,304.247,0.6303724,932.39954,306.64633,0.5348158,930.0258,304.28073,0.5989417,924.90515,301.91904,0.07814756,940.58734,309.052,0.09563126,947.557,302.3911,0.07158071,935.3507,301.6296,0.0868928,945.9188,297.46246,0.05813423,925.2616,306.1132,0.06845407
27,6,890.6818542480469,271.8423557281494,23.59515380859375,1.133565565893911,898.92957,278.83972,0.6582219,893.7248,274.2905,0.61109895,887.8764,277.92725,0.56766444,881.8578,275.60034,0.59816206,882.0833,272.11798,0.07595891,894.093,280.42938,0.08541078,902.5017,273.49585,0.065425985,893.1066,272.7312,0.08082746,902.0561,269.53174,0.051624298,876.32715,282.6486,0.06263887
27,7,824.9646606445312,258.48673152923584,19.916290283203125,0.7855940317297498,814.9717,264.21497,0.664745,818.06494,266.5311,0.67172366,825.1302,264.10535,0.4468684,830.8545,266.40714,0.6029895,833.8794,263.27264,0.06854764,825.41907,270.3889,0.074130304,832.06616,266.4827,0.05192141,817.2916,261.01642,0.07016943,833.2013,256.58743,0.04590785,809.08685,268.35175,0.056176826
28,1,1155.3627319335938,479.6579189300537,113.66134643554688,2.3748583514593107,1105.3024,489.74265,0.7695027,1146.235,524.88617,0.6374867,1137.5453,491.40356,0.19789213,1204.3501,517.49243,0.31066638,1209.5631,553.82056,0.02849859,1178.5889,527.5189,0.00972488,1157.9261,507.39847,0.0045975023,1111.2537,504.13538,0.005573299,1146.6892,495.316,0.0067323223,1139.7993,495.05322,0.0042247376
28,2,936.2589111328125,420.40392208099365,64.32449340820312,2.6525306933005894,906.0024,430.41428,0.79808164,922.2457,450.48267,0.806726,931.70544,436.55798,0.14344092,964.84827,446.70697,0.49996084,978.98096,436.29965,0.03008598,942.92487,452.1523,0.03220978,933.82227,443.659,0.008694522,894.938,432.29803,0.024026552,922.37537,430.90698,0.012680164,893.64856,442.1549,0.021520896
28,3,855.9774169921875,326.74762058258057,30.667510986328125,10.507333916460414,842.4831,332.9119,0.72417456,848.7825,341.39633,0.7575411,857.8222,333.2785,0.30595213,870.3378,340.37143,0.5727308,876.0738,335.73883,0.051635988,859.5403,344.85846,0.048465595,857.1414,338.77496,0.02845027,840.32245,331.54028,0.04595285,857.7654,326.13205,0.027597731,830.6985,337.2802,0.03385191
28,4,934.4214477539062,295.08104038238525,25.199249267578125,1.9502121148453682,941.2582,301.8147,0.6417745,937.98035,298.40424,0.6117705,927.4975,301.9018,0.5894434,922.07336,297.96625,0.59399897,918.5603,296.6701,0.04220742,929.0238,303.83527,0.027769022,931.95355,292.9842,0.023994816,930.4231,294.02563,0.02918595,921.4253,294.18036,0.017193396,904.7606,299.70947,0.020900618
28,7,825.9904174804688,257.9671382904053,19.505035400390625,0.762990229243043,816.4933,263.5174,0.65773666,819.49384,265.7654,0.6593196,827.4022,263.40894,0.4518447,832.81335,265.69696,0.5894666,837.37415,261.84372,0.06614763,826.7158,269.59348,0.06717707,833.06726,266.0906,0.046848066,820.44086,260.32315,0.062740766,834.5231,256.9238,0.041230395,808.79517,268.2746,0.0528272
29,1,1156.1296691894531,478.0882987976074,113.59259033203125,2.3971692675559733,1105.6327,488.17966,0.7722154,1146.5602,523.2098,0.637688,1137.7389,489.82547,0.19554235,1204.557,515.9345,0.30764845,1209.1243,552.8127,0.028876143,1179.6338,526.635,0.0102153495,1158.9165,505.84198,0.004841167,1111.7529,502.7434,0.00582148,1146.9669,493.57233,0.0070255175,1138.8593,493.805,0.0045047393
29,2,939.5320129394531,423.0820713043213,65.3419189453125,2.583464168413649,908.4701,434.3827,0.81444234,925.9583,455.09122,0.8293294,933.2957,439.88107,0.12004615,970.3211,450.79477,0.4744048,987.104,440.38455,0.027218308,949.8618,457.2845,0.02389611,935.45764,447.52084,0.006343948,896.68787,435.92444,0.019756641,922.25867,433.55783,0.009912832,890.8347,445.99597,0.014782164
29,3,857.6742553710938,327.08037757873535,32.237457275390625,11.736342706341972,843.96484,333.53302,0.7232835,850.8673,342.131,0.7571325,858.73584,333.9477,0.30699822,871.9301,341.02423,0.5694881,877.5027,336.24667,0.049894627,861.05145,345.63635,0.044249117,858.01746,339.20786,0.02634927,841.81506,332.07562,0.041988768,857.4795,326.9931,0.025379408,830.5421,338.00702,0.03105795
29,4,933.1941833496094,293.37615966796875,24.45703125,1.808192334397085,942.6817,301.65543,0.64496,938.8602,297.9455,0.6165453,927.4978,301.26645,0.60785216,922.87415,297.73813,0.6038203,918.2108,296.59106,0.043533016,929.1511,303.27542,0.028943539,931.3627,292.83307,0.026348917,931.22736,293.98367,0.029430546,922.27075,293.8337,0.018017417,906.0366,298.92773,0.022354212
29,7,826.7450866699219,256.56481075286865,19.84405517578125,0.7668752768145254,817.464,261.689,0.6568013,820.5775,264.50613,0.6542531,828.2948,261.75095,0.44716796,833.66675,264.28473,0.58806956,838.4254,260.3046,0.06369121,827.00476,268.09375,0.068223655,834.3629,264.4103,0.045722283,820.72906,258.77966,0.060099036,834.6733,255.55264,0.04035699,808.75085,266.89462,0.05432776
30,1,1155.4996948242188,477.9444122314453,113.44601440429688,2.395881648117819,1105.6307,488.09335,0.77347857,1146.3551,523.17316,0.6386694,1137.7812,489.73053,0.19450969,1204.6998,515.9126,0.306505,1209.0239,552.9859,0.028707784,1179.8436,526.7071,0.010169019,1159.0208,505.75778,0.004819024,1111.6682,502.75708,0.005804106,1147.138,493.54935,0.0069949296,1138.8088,493.75977,0.004494273
30,2,942.4493408203125,427.14612007141113,66.26614379882812,2.4825496168463848,911.63983,436.88968,0.8671216,927.9863,458.29736,0.8622557,939.79834,443.49866,0.097038195,975.2604,454.44385,0.48575377,998.04,436.18423,0.016043857,954.6057,461.51633,0.018270772,943.5738,458.1095,0.003906749,899.5499,441.52148,0.013098229,956.4083,439.5252,0.005098297,901.48413,446.19797,0.010364879
30,3,858.7657470703125,327.65159797668457,33.227142333984375,13.327101980839277,845.1019,333.37326,0.72740436,852.1621,342.60815,0.7615139,859.6657,333.94336,0.29567608,873.89813,341.20688,0.5646819,879.59265,336.40915,0.04852807,862.7613,346.03494,0.04231186,858.7674,339.1379,0.024179997,842.0575,331.85406,0.039682657,856.70374,327.16467,0.023819989,829.92957,338.25815,0.029363714
30,4,931.169677734375,291.68518352508545,23.05938720703125,1.625770485565123,940.5987,299.4361,0.64582944,936.2656,295.7181,0.61110514,925.9041,299.02475,0.6135351,921.45703,295.5399,0.60607636,917.67944,294.54926,0.047829576,927.68646,300.6438,0.034946237,930.7135,291.433,0.030921325,928.6996,292.38257,0.03424734,923.27,291.39462,0.021767627,905.93506,296.66003,0.027469575
30,7,826.642822265625,255.49011611938477,19.072265625,0.7296910619817109,818.6292,260.88947,0.64556694,821.82825,262.61658,0.6772603,826.4994,260.31836,0.45333958,833.53143,262.46024,0.57609767,836.27637,261.4108,0.047713276,827.1426,266.91815,0.03308996,829.84,262.18515,0.026324775,820.7672,257.15878,0.040435962,832.4491,252.79005,0.022518953,806.5216,261.76794,0.02401169
30,8,883.0947875976562,263.42795276641846,19.31890869140625,0.8280949588380986,891.45465,268.1626,0.61812425,886.91693,265.47098,0.5884014,879.109,268.53348,0.6229492,875.5087,265.81094,0.6098316,874.0238,263.95953,0.048358843,880.6476,269.7475,0.038168285,884.3583,261.66315,0.032743875,880.47705,261.80383,0.035827488,876.5059,262.10806,0.022800826,857.0349,267.9901,0.031239193
31,1,1155.322265625,477.78425216674805,113.27792358398438,2.395362985580994,1105.8112,487.63034,0.7745988,1146.1245,522.6054,0.6404949,1138.4663,489.24338,0.19378373,1205.175,515.35803,0.30572706,1208.7035,552.8003,0.028921613,1179.8492,526.3328,0.010310636,1159.3009,505.0004,0.0049334536,1112.0211,502.3973,0.0058926437,1147.788,493.14093,0.0071442807,1138.3505,493.26056,0.0046157595
31,2,946.322021484375,430.9107313156128,67.82913208007812,2.4375305568035057,916.39526,442.3859,0.7972004,931.8488,463.6264,0.7969868,945.19995,449.17285,0.14526296,977.326,458.9516,0.502623,989.85156,447.2836,0.026061466,952.3911,464.24005,0.034878455,950.72046,459.8074,0.008263653,907.781,445.5674,0.024098672,948.6317,446.16135,0.011352998,912.67773,455.38004,0.023314787
31,3,859.606201171875,327.97099113464355,34.021820068359375,14.025370663612103,844.77527,332.88522,0.726033,852.7399,342.28796,0.7564951,859.91003,333.81406,0.29879358,875.15796,340.7587,0.5647489,881.4303,335.58365,0.046478048,863.389,345.6373,0.0403833,859.49854,338.71295,0.022554757,841.34674,331.42862,0.03715898,856.1461,326.98898,0.022300752,829.49316,337.85706,0.028447127
31,4,929.0875854492188,290.44167709350586,22.439849853515625,1.538447876990539,938.68884,298.64856,0.6523036,934.32104,295.3784,0.61756974,924.31445,298.19006,0.60148436,920.87714,295.1054,0.6055174,917.0906,294.1132,0.050144702,926.30835,300.09467,0.038949974,929.71497,291.5567,0.034047116,926.7766,292.11603,0.037358735,924.0775,290.69766,0.024425488,906.0172,295.62613,0.0305841
31,7,827.5426025390625,254.73476314544678,18.92486572265625,0.7194837464591372,821.12054,260.05197,0.6467346,823.43884,261.7791,0.67691964,826.5262,259.33176,0.4596179,833.50305,261.39728,0.57717544,834.97577,260.53845,0.047581572,827.47595,266.02887,0.03482085,830.155,260.73782,0.027218366,821.88245,256.1534,0.040308643,831.34863,252.34859,0.022613892,806.8666,261.23828,0.02525426
31,8,880.32421875,260.5154085159302,19.163177490234375,0.7940189797612212,888.6681,265.40973,0.6453656,882.87305,263.21695,0.6059361,874.8956,265.5513,0.5894667,870.35864,263.05045,0.59754604,869.28357,261.60727,0.055212084,878.34753,266.8278,0.050911203,882.40857,260.18155,0.039468255,875.31683,259.50464,0.046679717,878.1946,258.3676,0.030051902,855.77527,264.50104,0.040026806
32,1,1155.7005615234375,477.69196701049805,113.69741821289062,2.40447397176545,1105.3876,487.2917,0.77572685,1146.0021,522.4094,0.641445,1138.15,488.83093,0.19285983,1205.4061,515.1108,0.30379853,1208.6913,553.079,0.028689573,1179.784,526.42676,0.01030435,1159.3837,504.65778,0.0049322015,1111.8239,502.24857,0.005847926,1147.4733,492.79187,0.0071241604,1137.8079,493.17606,0.0046304194
32,2,951.0099792480469,436.1400604248047,71.83575439453125,2.433427430578261,916.88086,447.09564,0.8866807,936.89746,469.92596,0.8956268,946.5742,450.27863,0.06148321,982.1195,465.70566,0.36314526,1017.3174,446.02576,0.004814713,963.5847,476.37674,0.0014275773,941.9044,474.53403,0.00044204944,915.57654,453.06934,0.0017991918,978.8468,448.5915,0.0005477823,883.99243,450.86887,0.0007569946
32,3,861.236572265625,329.0270175933838,34.653076171875,17.20135812787323,846.1941,334.25165,0.7304179,854.598,344.0507,0.7599426,860.7651,335.20587,0.28851262,876.7997,342.33023,0.55552304,883.4863,336.84015,0.042020272,864.6721,347.5633,0.033837456,859.75195,340.23138,0.018720843,842.6649,332.80057,0.031398334,856.3171,328.92233,0.01858409,828.3436,339.17215,0.02362826
32,4,927.2548828125,288.373423576355,22.462554931640625,1.485513899896408,936.6537,296.51114,0.6537904,932.3086,293.11514,0.6161675,922.0835,296.07306,0.5958402,917.85223,292.87183,0.60097754,914.06116,291.49368,0.054344133,924.88275,297.76086,0.047190074,929.7373,289.9126,0.039547544,924.4592,290.3246,0.043822944,924.92993,287.8774,0.02893717,905.20404,293.6148,0.036546987
32,7,828.3072509765625,254.3704376220703,19.01202392578125,0.7209325870460201,820.9696,259.84637,0.6497637,823.4501,261.6934,0.68040615,827.1568,258.802,0.45622146,834.7205,261.24338,0.57893,836.15466,260.421,0.048520308,827.86414,265.94727,0.035938613,830.182,260.81055,0.028063204,821.8585,255.96843,0.04111004,831.74915,251.94073,0.023390327,807.187,260.81906,0.026214164
32,8,878.5669555664062,258.44424533843994,18.7745361328125,0.75729261967869,887.7321,263.43036,0.64962375,880.4739,261.2825,0.6034961,873.9959,263.4294,0.5820453,868.7373,261.1136,0.5804025,868.6487,259.0203,0.05686821,876.77405,264.81082,0.05484485,881.8812,258.77502,0.04027545,875.5967,257.5847,0.048826754,879.79047,257.11905,0.030902136,854.71204,264.05743,0.04359587
32,11,806.0995788574219,205.87742042541504,13.10760498046875,0.32194579944050516,810.7543,210.4046,0.64350575,806.22705,210.05367,0.6233487,802.8528,209.89214,0.5367677,801.27405,209.90688,0.5821836,801.21387,207.47717,0.05930197,804.3755,213.70082,0.057967212,808.7169,207.66112,0.041781448,803.51184,205.41254,0.049570374,806.9258,204.44493,0.03229705,782.05023,212.02135,0.0459057
33,1,1155.7012939453125,478.43385314941406,113.51614379882812,2.387287646437222,1105.4617,488.0246,0.7742162,1146.2933,523.0995,0.64103466,1138.362,489.56854,0.19343816,1205.3121,515.84015,0.30424386,1208.5825,553.5255,0.02848979,1178.961,526.98425,0.010052141,1159.1702,505.41537,0.004770581,1112.1328,503.01163,0.0057378123,1147.3179,493.46893,0.0069485116,1138.1982,493.8947,0.0044628535
33,2,954.9169921875,441.5548610687256,74.6649169921875,2.374434747350743,919.5382,451.29245,0.87617344,942.00916,476.69815,0.895051,947.4618,454.60318,0.047192957,987.1496,471.81842,0.3091768,1023.2858,452.7157,0.0044568134,968.5132,481.78857,0.0008999968,944.83655,478.72302,0.00034098316,921.0906,457.18015,0.0013461506,980.1537,453.73712,0.00043040255,881.4669,455.04276,0.00049501756
33,3,862.63037109375,331.5669708251953,34.563262939453125,25.768869449750685,847.00964,336.75912,0.73662895,856.0371,347.00067,0.7651036,861.78937,337.65213,0.26973948,878.702,345.17783,0.53903717,886.36426,339.1352,0.037043963,865.93286,350.92245,0.026184648,859.63904,343.2185,0.0145525,844.0281,335.37692,0.025413752,857.4703,331.79413,0.014744787,826.51416,341.20047,0.018062104
33,4,925.4393005371094,287.516206741333,22.855224609375,1.4936393346646275,934.7207,295.87634,0.6582749,930.75977,292.65045,0.6201933,920.15344,295.46252,0.5820844,915.91284,292.43652,0.6021841,911.6045,290.89252,0.058150474,923.9133,297.2325,0.054113023,929.02423,289.5721,0.044756323,922.1065,289.74612,0.050275415,924.7477,286.91135,0.033481747,904.8635,292.8875,0.041084923
33,7,829.3298950195312,254.7700138092041,18.694976806640625,0.7127045436561392,822.78345,260.07333,0.63885456,824.67316,261.78064,0.6676461,828.12244,258.8164,0.4595752,835.1871,261.24585,0.56879187,836.4408,260.67245,0.04701325,827.97205,266.02597,0.033772208,830.85406,260.43912,0.026473995,823.5902,255.9173,0.03866866,831.6139,252.40851,0.022129111,806.6427,260.87534,0.02494901
33,8,877.1998901367188,257.9414405822754,19.114654541015625,0.7664995450660484,886.75586,263.42844,0.6543396,879.36566,261.12234,0.6045156,872.7306,263.3529,0.57872355,867.2063,260.93002,0.5801349,867.6929,258.9616,0.056626238,876.0987,264.6743,0.055198256,881.337,258.70258,0.039951973,874.208,257.34204,0.04988379,879.8967,256.90353,0.031119222,854.06964,263.98242,0.043535218
33,11,805.7252197265625,205.93914127349854,13.18560791015625,0.3239585088488191,810.8508,210.34033,0.64549047,806.0294,209.9267,0.62469506,802.4134,209.72723,0.5364868,801.0209,209.79506,0.5830731,800.8753,207.5189,0.06068647,804.4671,213.56018,0.059814762,808.4673,207.46432,0.042942066,803.0703,205.2206,0.05133647,806.6842,204.2476,0.033548232,781.91394,211.8991,0.047163133
34,1,1156.60986328125,477.9011535644531,114.0205078125,2.4039958980801965,1105.799,487.5484,0.77636737,1146.3755,522.4865,0.64315146,1139.2085,489.0417,0.19281115,1206.6709,515.1009,0.30430576,1209.3381,553.23785,0.028673174,1179.8325,526.5325,0.010181377,1159.9697,504.56653,0.004863499,1112.5139,502.56235,0.0058087274,1148.6384,493.01495,0.007120936,1137.6259,493.14343,0.004574503
34,2,958.2683715820312,445.0848197937012,76.59805297851562,2.3380237088611207,924.21375,455.3346,0.82068586,942.81934,480.27652,0.83811915,951.0276,461.81528,0.09207887,993.8955,476.2658,0.44883227,1007.3849,463.36356,0.019916782,966.53064,481.32303,0.022202794,955.6222,472.15826,0.0044972207,911.53284,457.57693,0.016183296,945.44226,459.5949,0.0069146417,911.91956,470.76495,0.013996893
34,3,863.9923095703125,332.5337505340576,35.08209228515625,33.741970711463786,847.6808,338.83966,0.743601,854.03784,347.7487,0.7627751,866.0364,339.63525,0.29210854,879.73035,346.00598,0.5679328,891.022,338.49948,0.026299242,865.3614,351.54886,0.024571748,870.5103,350.445,0.012489371,846.3715,339.60556,0.02228349,888.36273,334.51572,0.010519954,840.1006,340.82867,0.016416263
34,4,925.2212219238281,286.5344409942627,22.387939453125,1.4402875165889406,934.0406,295.69485,0.6540098,930.5016,292.21625,0.61809397,920.44055,295.0697,0.58639467,916.29614,292.0519,0.5988323,912.2279,290.4741,0.05776106,924.02216,297.03815,0.053223938,929.8397,289.29114,0.043458015,922.4536,289.47174,0.04947412,924.91003,286.16492,0.032535646,904.5891,293.13617,0.040517237
34,7,830.2128295898438,254.5720796585083,18.558746337890625,0.7062585951902594,822.50085,259.99808,0.64106375,824.7755,261.86142,0.66933846,829.0365,258.80804,0.4545345,835.91187,261.36655,0.5681089,837.93274,260.48727,0.04646537,828.58203,266.1767,0.032850187,831.1294,260.56738,0.025602695,823.703,255.81535,0.03797727,832.1358,252.27132,0.021552444,806.52374,260.82034,0.024400197
34,8,876.1265258789062,257.70032501220703,18.947113037109375,0.755449213604463,884.8557,263.33255,0.64915055,877.8419,260.8969,0.60000366,872.07477,263.317,0.57948893,866.8816,260.80515,0.5807918,866.85156,258.60986,0.059218656,874.8512,264.69055,0.059348196,881.3157,258.81082,0.042857185,874.0018,257.50296,0.05305503,879.45996,256.92188,0.033559844,854.3185,264.75912,0.04658838
34,11,805.3328247070312,205.4083342552185,13.275421142578125,0.32511931909359504,810.21436,210.0245,0.646056,805.61426,209.43054,0.6226706,801.937,209.45366,0.53993434,800.58716,209.3489,0.58401287,800.7072,206.8906,0.06065882,804.1825,213.15685,0.06062135,808.58844,207.27817,0.043659545,802.9137,205.00467,0.051771857,807.0609,203.9357,0.03395212,782.0292,211.89124,0.047895703
35,1,1158.5123291015625,476.06446266174316,115.67486572265625,2.4557400223394,1106.3287,485.86807,0.7812264,1146.852,520.8473,0.6451273,1140.4279,487.04697,0.18698417,1208.5208,513.50507,0.29743868,1208.9235,552.8651,0.028482415,1181.62,525.96094,0.010449621,1161.7102,502.7752,0.004961692,1113.5427,501.41394,0.0058952672,1150.0486,490.98303,0.007219594,1135.9814,491.56894,0.004740176
35,2,962.9996337890625,448.44998359680176,77.78860473632812,2.285592161435337,926.52734,461.13245,0.84675807,948.5623,486.02615,0.8588644,952.7936,467.67853,0.074825846,1001.09033,481.32852,0.42077866,1020.48,467.21164,0.018016247,977.22144,487.89355,0.014581359,957.82837,477.8275,0.0030419482,912.3569,463.04773,0.012288314,946.24,463.09454,0.0052021625,907.9235,474.74008,0.008528652
35,3,865.4798583984375,333.28253746032715,35.326629638671875,39.93350947295758,848.5314,340.06525,0.7233045,856.2776,348.3486,0.7149616,869.4221,341.65872,0.30911303,881.0519,346.92093,0.57765007,889.1897,340.46228,0.04856658,869.0597,351.49002,0.06416917,877.82166,348.41263,0.02773178,845.9586,338.81107,0.05272968,882.25073,334.08466,0.030177902,847.34674,345.57074,0.046151765
35,4,925.2932739257812,285.0308418273926,20.69146728515625,1.286655293169105,933.4984,293.85532,0.64808285,929.7461,290.44833,0.61108315,921.18695,293.219,0.5919147,916.7291,290.1482,0.58998054,913.5205,288.243,0.05749343,923.6367,295.2175,0.055188257,930.86664,288.1327,0.042436447,923.4675,288.17838,0.04861918,925.7774,284.5876,0.031881474,903.8949,292.605,0.0423984
35,7,830.7240600585938,253.74931526184082,18.607818603515625,0.7008660183503364,821.8572,259.508,0.64449286,825.273,261.5431,0.6686056,830.68195,258.39508,0.44407293,837.1638,261.3014,0.5653494,840.7826,259.1329,0.047877613,829.6571,265.92694,0.033409037,831.5796,260.62546,0.026419394,824.2351,255.49171,0.038749516,833.5824,252.02686,0.022436624,806.6098,260.10925,0.025399284
36,1,1159.4272155761719,475.4323196411133,116.89801025390625,2.4875819807600448,1107.2722,486.34113,0.7818468,1147.732,520.7899,0.64499176,1142.249,487.63153,0.18793789,1210.1934,513.40466,0.29976085,1210.4651,552.67053,0.02852945,1182.3854,525.98505,0.0103038745,1162.8009,502.98917,0.0048568896,1114.7894,501.80023,0.0059185466,1152.1299,491.3025,0.0072460705,1135.9553,491.6216,0.004660179
36,2,967.38134765625,452.4817428588867,80.32754516601562,2.2610559128962238,928.2566,464.61646,0.85343146,951.4105,491.62714,0.8732801,953.6047,471.30106,0.056609046,1005.09875,485.7875,0.38259155,1027.3783,472.5973,0.01884572,983.58154,493.14484,0.012067813,959.5051,482.0399,0.002684221,914.34357,467.19794,0.011512848,946.92554,465.73083,0.004998242,905.1586,477.97104,0.0067570633
36,3,866.7476806640625,334.02746200561523,35.977386474609375,48.75651782205151,851.0475,340.63544,0.723448,858.1994,349.46436,0.7281301,870.76526,342.18823,0.30701986,882.54944,348.11563,0.5817591,890.05676,341.9447,0.04830431,870.5613,352.3201,0.063214846,877.728,348.82614,0.028192945,847.126,339.71954,0.051980823,881.875,334.48068,0.029497074,848.00775,345.52243,0.04504589
36,4,922.456787109375,282.3076057434082,21.304046630859375,1.2631524831122867,930.69617,289.94104,0.6606193,927.5015,286.36078,0.63835245,917.8999,289.56842,0.5595647,912.2921,285.95334,0.61213887,906.2909,285.84018,0.054099746,922.1129,291.67612,0.040753614,925.6582,283.35046,0.038161572,920.18054,282.85226,0.04699723,922.7396,279.67734,0.028145239,905.10004,285.39514,0.028650526
36,7,830.3622436523438,252.28650283813477,19.120880126953125,0.7122449786268183,821.07935,257.99246,0.6619287,824.1444,260.58105,0.68592596,828.61914,257.3736,0.43346173,834.57324,260.19772,0.57645273,837.8739,257.86365,0.046339568,828.39056,264.87186,0.03598931,831.746,259.6215,0.027095782,822.34625,254.5261,0.039398506,833.6719,250.83888,0.02253826,807.0941,259.75165,0.02632569
36,8,874.4078979492188,254.06955814361572,20.574920654296875,0.7954617360506417,882.98975,260.58798,0.6422004,877.5945,257.243,0.6259136,871.152,260.18033,0.5825382,867.8562,256.8615,0.6130699,862.7604,257.77478,0.05206774,873.3126,262.39557,0.042342454,879.0725,254.10883,0.03479495,872.7671,253.74818,0.045711584,874.0137,251.75255,0.026929231,855.71136,259.47836,0.029393617
37,1,1159.959228515625,474.81753158569336,117.29049682617188,2.5028704410227873,1107.6537,485.73807,0.7829718,1147.9336,519.99805,0.6471585,1143.5492,486.9989,0.18714935,1211.4148,512.6001,0.2993119,1210.6931,552.3669,0.028950525,1182.4391,525.5017,0.010513122,1163.6223,501.8448,0.0049902564,1115.564,501.2853,0.0060480037,1153.2701,490.78607,0.0075061214,1135.0554,490.94952,0.004817885
37,2,972.9825439453125,456.6255626678467,83.928955078125,2.264261468018071,933.36365,467.55737,0.8402301,955.7926,497.39072,0.8804735,954.70404,474.26947,0.04501123,1006.7698,490.61255,0.3461807,1027.4363,478.85233,0.020060936,985.994,497.54327,0.0109507525,961.4413,484.6707,0.0028305193,923.2461,470.81653,0.011042867,946.4038,470.38263,0.0051092673,904.5117,482.91617,0.0059318957
37,3,868.1244506835938,334.2706890106201,36.263763427734375,53.91762817567895,853.0471,339.82605,0.7218885,860.1114,349.52258,0.73515844,871.0232,341.53394,0.2988716,883.24493,348.21283,0.58065933,889.4785,342.03485,0.050454147,871.63806,352.01746,0.06784771,877.7688,348.0253,0.030930934,848.7705,339.28464,0.054257493,880.89185,334.44308,0.031352296,848.9413,345.26578,0.048558872
37,4,921.3394775390625,279.3489189147949,22.13616943359375,1.2563942280456049,929.7289,287.5295,0.6678082,927.71606,283.58917,0.63569605,917.1111,286.77277,0.5587023,912.3656,283.54483,0.6172573,906.1009,282.76477,0.06115067,922.20776,288.8147,0.052266642,925.877,280.98163,0.048906937,918.2822,280.3985,0.058252055,923.7431,276.70837,0.037374593,906.3287,282.23877,0.03734335
37,7,830.3959350585938,250.44623279571533,19.517669677734375,0.718271233040844,821.2748,257.6271,0.6561071,824.8179,259.77246,0.67245156,828.9807,256.7986,0.4371642,834.58575,259.41068,0.5656912,838.4643,256.61987,0.04612641,828.42163,264.28146,0.035066903,832.82465,259.17047,0.02676645,823.55365,254.09363,0.038043067,834.8208,250.50801,0.02232672,806.6284,259.5408,0.026200352
37,8,873.1738586425781,252.37188720703125,21.64764404296875,0.8235954856159267,882.9468,259.1768,0.65063965,876.9939,255.51175,0.62676007,869.75116,258.6303,0.5828792,866.47107,255.52037,0.61518574,862.13306,256.3002,0.05601308,873.5905,260.51697,0.04792415,878.13074,252.77823,0.039750934,871.00726,252.25578,0.052250937,874.99084,250.10333,0.031420153,855.90454,257.6699,0.03349448
38,1,1160.3987731933594,474.2341060638428,117.24371337890625,2.511136810707516,1107.7102,484.11053,0.78632665,1147.5178,519.0554,0.65040445,1143.3262,485.186,0.18395323,1211.4211,511.66486,0.29496443,1210.0514,552.21246,0.028893523,1182.8469,524.79913,0.010837029,1164.1171,500.34253,0.0052053365,1115.4219,500.02127,0.00616118,1153.0146,489.44675,0.00769871,1134.2169,489.806,0.0050622937
38,2,977.9111938476562,460.6504211425781,85.370361328125,2.2085777415357364,939.68896,472.93192,0.88762987,964.8451,502.29306,0.9064686,967.8014,478.55267,0.035443865,1011.90234,496.7283,0.30573282,1048.5189,475.57895,0.0044300854,992.5238,506.4353,0.0011827501,971.7629,502.023,0.00035640562,939.4386,481.31976,0.0014545496,1000.20557,477.48145,0.000486879,904.0707,481.0974,0.00060365186
38,3,869.8251342773438,334.7442684173584,36.713104248046875,65.85500893871539,854.7267,339.688,0.72333544,861.5315,349.91107,0.74093,872.7141,341.3861,0.2894401,885.5378,348.58243,0.57726514,891.75385,342.30933,0.05022403,873.2706,352.29605,0.066625744,878.50726,347.97092,0.030365536,850.2215,339.26932,0.052849073,880.9392,334.5877,0.030715434,849.39935,345.5404,0.04743964
38,4,920.7057495117188,276.807240486145,22.042327880859375,1.2018245009951207,928.79517,285.73923,0.66788626,926.7805,282.09637,0.63631904,916.70276,284.8776,0.5535308,912.48694,281.9062,0.612111,906.65625,281.10352,0.061643388,921.87036,287.25488,0.056651518,927.01776,279.3227,0.049013194,917.36646,278.84622,0.060272265,923.5061,274.71982,0.03845027,905.3085,281.6797,0.040035535
38,7,830.231689453125,248.62674236297607,19.603546142578125,0.7126283293377229,820.32404,256.19604,0.66390085,824.68176,258.54715,0.67620623,829.78467,255.08075,0.42748716,835.812,258.2712,0.56745946,840.5854,254.90318,0.05089358,829.6941,262.93408,0.039923433,833.408,258.32526,0.030129883,822.4103,252.77066,0.042300027,835.93665,248.37901,0.025975531,806.5857,257.72913,0.030306906
38,8,872.2840576171875,250.98405647277832,21.043487548828125,0.7845456690870732,880.0531,255.89954,0.65309864,874.3039,253.38808,0.62527055,869.1743,255.86203,0.5539413,865.8265,253.46823,0.605516,863.7246,253.71867,0.056914672,871.6324,258.10568,0.055053256,879.0593,250.82722,0.0407623,869.80383,250.27727,0.055320684,876.07983,247.49638,0.034702137,854.9679,256.16953,0.03844
38,11,804.8191223144531,197.6245036125183,12.90069580078125,0.29995809375237953,809.2949,200.59306,0.6250684,806.78815,199.4888,0.5997739,801.0757,200.75867,0.54263484,799.6068,199.84213,0.60095817,798.4997,198.41493,0.05780321,803.2031,203.71367,0.052176416,808.9746,195.99388,0.04166837,802.40344,194.92583,0.048941873,803.82587,194.28946,0.033514947,782.49207,201.68399,0.040368006
39,1,1159.5477905273438,474.72823333740234,117.38433837890625,2.50718303686106,1107.1692,484.07205,0.7864787,1147.0166,519.229,0.64947987,1142.9563,485.1147,0.1832078,1210.9597,511.84766,0.2934674,1209.7631,552.6025,0.028632147,1182.8687,524.8483,0.010729245,1163.69,500.6001,0.005159072,1114.966,500.06876,0.006082744,1152.654,489.32773,0.0075636134,1134.1067,489.9527,0.005019835
39,2,982.0162353515625,467.25864601135254,90.13421630859375,2.207914793577112,941.1674,477.99576,0.89862645,967.5643,509.71698,0.9043157,975.374,487.19986,0.036936425,1020.81226,503.1479,0.34990054,1061.5177,476.69177,0.002448526,995.3861,512.4252,0.0013899521,988.4856,512.487,0.0002404195,935.08484,490.10623,0.0010835066,1022.2882,487.00638,0.00028507266,916.9462,487.8687,0.0006795051
39,3,870.3605346679688,336.67690086364746,37.393341064453125,156.50315186901625,854.79944,341.78348,0.7346132,861.95105,351.79175,0.75357276,873.7532,343.24167,0.2852738,887.6109,350.55762,0.5801183,895.2054,343.66238,0.047565594,874.7549,354.49176,0.05918538,877.6909,350.4461,0.027809644,850.2582,341.46603,0.048404343,881.9929,336.3812,0.027467627,849.1284,346.8991,0.041563883
39,4,918.9303588867188,274.25420665740967,21.786529541015625,1.142674174050096,925.72095,281.72818,0.66197675,924.37964,278.33936,0.62526137,914.2348,280.99585,0.5481764,910.0937,278.41995,0.6078246,904.554,276.53162,0.07088304,920.04785,283.3319,0.07767062,927.4587,275.7827,0.06295899,914.69055,275.41513,0.07557513,923.47485,270.56842,0.05063528,904.0134,278.98715,0.05588154
39,7,829.8455200195312,248.6371192932129,19.854217529296875,0.7212031620170973,820.4564,255.97935,0.66761214,824.99097,258.3473,0.67520183,830.1795,254.73723,0.42214033,836.36084,257.89664,0.5637066,841.2881,254.35579,0.05144522,830.2186,262.80273,0.04061672,833.64124,258.1024,0.029784827,821.92334,252.39583,0.04261716,835.78955,247.98962,0.02630831,805.9092,257.31018,0.030745432
39,8,871.0277709960938,249.4185562133789,21.387176513671875,0.7851034956239793,878.8993,253.57631,0.6608626,872.90686,251.0478,0.6194113,867.6527,253.46223,0.54403806,863.9639,251.19263,0.5999847,862.9381,250.85745,0.06072046,870.95197,255.85045,0.064359106,879.5356,248.67667,0.045132056,868.23987,248.08745,0.061897386,876.82166,245.18742,0.040154,853.70215,254.96022,0.044891052
39,11,804.3466186523438,196.76849699020386,12.985198974609375,0.3001734717844328,809.1305,199.68877,0.6288178,806.58057,198.70596,0.60450906,800.73395,199.79855,0.54277486,799.40137,199.08606,0.6035761,798.35175,197.53749,0.059332278,803.35675,202.79437,0.055237558,808.9601,195.35246,0.04370997,802.0585,194.10475,0.05077284,804.2126,193.30473,0.03499242,782.62134,200.91183,0.042888716
40,1,1158.7348937988281,475.39318084716797,117.23931884765625,2.4933526031850537,1107.7336,485.32373,0.77054644,1151.4246,521.32007,0.6789416,1136.6951,487.91223,0.1873214,1207.1763,512.5837,0.30815932,1189.9602,555.2417,0.028485714,1143.3867,532.73193,0.0105073,1161.9553,491.8933,0.0031549628,1124.3281,500.0517,0.006340793,1145.0986,495.42065,0.009327899,1086.6593,488.29523,0.0037624245
40,2,986.7952880859375,473.86094856262207,91.87930297851562,2.131470324512077,945.9849,482.6767,0.9150238,972.12415,517.6155,0.9213505,977.9485,492.5398,0.024979547,1027.0433,511.7057,0.3536007,1065.7842,483.4258,0.0043082503,1004.52374,519.47186,0.0035080996,990.8998,515.63477,0.0005368873,934.23944,494.53122,0.0023904913,1015.3574,491.75455,0.00071469246,923.5177,495.38943,0.001689836
40,3,871.9260864257812,339.170711517334,38.17620849609375,2507.835872541072,856.7678,344.36987,0.74954593,864.3949,354.52805,0.7728543,874.1315,345.09375,0.27204,890.3508,353.26453,0.57347584,898.3988,345.53653,0.04309764,877.2186,357.6394,0.04939679,876.55133,353.58154,0.024199924,852.34924,344.2468,0.040589333,882.8523,339.43198,0.02245958,848.2117,348.99478,0.03408582
40,4,916.8396606445312,273.2878646850586,22.074188232421875,1.1536884128572191,923.9321,283.04572,0.6670348,923.37146,279.54504,0.63535774,912.3562,282.08914,0.53725326,908.4754,279.71146,0.6096286,902.00446,277.57794,0.06951179,918.9597,284.85425,0.07665315,926.2677,277.2044,0.063604176,913.0239,276.6031,0.07701976,923.2425,271.6269,0.04995829,903.9177,279.87173,0.053704668
40,7,830.736328125,249.32539558410645,19.42584228515625,0.7083795297730854,822.5393,257.39993,0.65996504,827.5762,259.58725,0.6653062,832.0282,255.69876,0.4149698,838.0602,259.23663,0.547496,843.01086,255.18317,0.04750639,831.35095,264.3679,0.03474997,834.3587,258.86774,0.025541628,823.75977,253.3856,0.03723064,835.6863,249.45581,0.022754189,804.3168,257.91006,0.026409611
40,8,871.2902526855469,248.199125289917,21.4969482421875,0.7793995231305814,879.51843,252.30353,0.66482085,873.1368,249.51347,0.61242765,868.69385,251.71613,0.5509373,864.9491,249.62637,0.59224886,865.9824,248.91333,0.059278477,871.8147,254.18924,0.062247008,880.214,247.32426,0.043110542,868.65186,246.49313,0.05913978,878.4523,243.94432,0.0380682,853.00916,253.98608,0.045165244
40,11,803.8897705078125,196.31898021697998,13.214080810546875,0.30472371325938963,808.6531,199.51616,0.6321791,806.0466,198.48436,0.6100374,800.1414,199.5033,0.5424473,798.9215,198.9315,0.6062511,797.75476,197.3998,0.060511418,803.2703,202.59875,0.057312652,808.6606,195.33922,0.04527836,801.4861,193.97232,0.052750796,804.34424,192.89046,0.036185116,782.7819,200.74124,0.044188883
41,1,1159.3427124023438,475.2864761352539,117.52194213867188,2.5011882592285097,1106.2704,484.41806,0.7870009,1146.6824,519.9049,0.6472963,1142.8995,485.58688,0.18118326,1211.3345,512.38153,0.2915306,1210.3416,553.34454,0.028141601,1183.2736,525.20667,0.01037354,1163.1997,501.2433,0.004953734,1114.202,500.6238,0.0058435523,1152.645,489.55283,0.007239303,1133.723,490.16452,0.0047998
41,2,992.9768371582031,481.4911079406738,94.38153076171875,2.080656150026377,948.96954,493.25937,0.83212024,978.53,526.6293,0.8534368,985.6723,504.96573,0.04795708,1033.3574,518.30133,0.3218848,1068.7678,495.81427,0.00148806,996.0869,526.5093,0.00086157484,1014.213,530.2888,0.00014024001,950.67163,509.47705,0.0005883547,1043.8146,506.1523,0.00015938522,933.55164,506.16455,0.0004307644
41,3,874.4141235351562,340.87855339050293,38.73358154296875,12690.267869612684,857.67426,345.89636,0.7588409,866.1821,356.10718,0.78138113,875.022,346.4986,0.26660055,892.89905,354.8293,0.56777227,901.89246,346.43628,0.039890792,879.34607,359.56274,0.042150512,876.25507,355.6426,0.021129131,853.67236,345.96033,0.03529719,883.6964,341.22632,0.019224979,847.9044,350.18817,0.029127998
41,4,915.8766174316406,272.432373046875,22.4512939453125,1.1633878459132903,923.7131,282.3581,0.66556025,922.6959,278.8451,0.6323827,911.68274,281.58698,0.5404961,907.5051,278.99667,0.60952777,901.08746,276.6941,0.072701424,918.60693,284.16916,0.08250754,926.16925,276.53625,0.067654245,913.0219,276.0394,0.08136825,922.9037,271.12918,0.05331178,903.57605,279.77893,0.05788413
41,7,831.4765319824219,249.81612396240234,19.414306640625,0.7097678652070709,822.93164,257.74033,0.6586174,828.25745,259.9368,0.66399455,832.5773,256.0429,0.41485643,838.7573,259.57053,0.5460376,843.7201,255.54901,0.04625395,831.80066,264.7835,0.033147372,834.63916,259.12967,0.024259167,824.0603,253.694,0.035721865,835.5082,249.774,0.021748379,804.11145,258.1552,0.025136685
41,8,871.6946411132812,247.45427799224854,21.8477783203125,0.7869503982987279,879.5724,251.98354,0.66525716,873.0335,249.38477,0.6145611,868.81665,251.36124,0.5504124,865.2515,249.44884,0.5933512,866.3484,248.76456,0.060284678,872.07184,253.88512,0.063736044,880.13855,247.07913,0.044279538,868.48956,246.11246,0.060438957,878.58203,243.6033,0.03892635,853.03876,253.64294,0.046544313
41,11,803.3331298828125,195.96307468414307,13.321929931640625,0.30658831833750405,807.98,199.30026,0.634786,805.4209,198.31258,0.6137218,799.4596,199.27051,0.53943264,798.3567,198.74225,0.6074828,797.0277,197.24655,0.061753992,802.9581,202.4137,0.059746817,808.4405,195.23238,0.046768785,800.80096,193.79016,0.054797534,804.2261,192.50218,0.037563935,782.75085,200.62584,0.0457211
42,1,1159.219482421875,475.5446891784668,117.384521484375,2.494600030135194,1106.0264,484.8127,0.78564614,1147.1489,520.2723,0.6460752,1141.9954,486.1726,0.18133128,1210.302,513.0284,0.29136062,1210.2064,553.20416,0.02799778,1182.1824,525.64624,0.010252128,1162.6871,501.89478,0.0048583834,1113.9004,501.02533,0.0057367077,1150.9459,490.04596,0.007072673,1134.1335,490.77966,0.0046541886
42,2,998.1419677734375,489.60149002075195,98.03128051757812,2.035959022796464,954.5206,500.39056,0.88008505,982.7829,536.90643,0.89194405,991.1117,511.19653,0.030027999,1040.8942,529.028,0.32837588,1080.2804,503.59222,0.0019086829,1007.8751,536.7094,0.0013833722,1014.77405,537.20764,0.00019047216,947.612,515.15204,0.0008886013,1043.8296,512.12976,0.00024221459,934.52545,513.25464,0.00067660684
42,3,875.7811889648438,343.59612464904785,38.455902099609375,283.3064330055934,858.006,347.9736,0.77287805,867.2562,359.1006,0.7952029,875.8676,348.73593,0.23926762,894.8247,357.654,0.5529125,905.30566,348.6194,0.035695635,880.9755,362.97,0.033980127,875.9906,358.85995,0.016727047,854.4398,348.6907,0.029301867,885.09796,343.6843,0.015733011,846.16187,352.2306,0.022756934
42,4,914.6580505371094,272.2921943664551,23.1046142578125,1.1909225178519525,922.81433,281.92752,0.66931784,921.184,278.28186,0.63024515,910.2794,281.12057,0.5368923,905.725,278.32114,0.6042995,899.78076,275.93237,0.07346535,917.2733,283.6603,0.086424984,925.5868,276.29337,0.06897015,912.0973,275.8369,0.083847776,923.13184,270.76587,0.055072013,902.7753,279.57416,0.060277477
42,7,832.0187072753906,250.5999298095703,19.85540771484375,0.7296969502486699,823.44385,258.13147,0.65561587,829.0217,260.27188,0.6600614,833.6296,256.47314,0.41557264,839.7649,259.91168,0.5421611,845.14,255.79819,0.04483763,832.4374,265.2022,0.031051937,834.92773,259.47232,0.022754798,824.8313,254.0391,0.03399518,835.58716,250.27068,0.020540003,804.0259,258.37988,0.023662047
42,8,872.0542602539062,247.46908378601074,21.931182861328125,0.7907251324079437,879.74133,252.1223,0.6634132,873.05347,249.6648,0.61461765,869.3783,251.57611,0.5536819,865.59595,249.72786,0.5938138,867.12756,248.96037,0.058216136,871.9098,254.00365,0.06044789,880.0245,247.38028,0.042262122,868.81104,246.35983,0.057196442,879.03613,243.92761,0.036508705,852.9734,253.49852,0.044695795
42,11,802.8447875976562,196.1588716506958,13.378875732421875,0.30820786506974884,807.6267,199.55647,0.6352408,805.12646,198.55127,0.6141822,799.0807,199.5266,0.5380487,798.0205,198.96626,0.6077856,796.60895,197.50365,0.061959613,802.7027,202.69234,0.059920143,808.22144,195.4711,0.046952784,800.4325,194.04224,0.055224124,804.01904,192.71724,0.03780837,782.6183,200.82452,0.04566551
43,1,1159.9635314941406,474.95153045654297,117.5518798828125,2.5047585578693647,1106.1821,484.65744,0.7875415,1147.2306,520.36835,0.64872605,1142.7544,485.95493,0.17854811,1211.7363,513.045,0.28811327,1210.4263,553.89575,0.02763056,1182.5708,525.73145,0.010052967,1163.2983,501.44788,0.0047528897,1114.2224,501.21695,0.005585781,1152.0093,489.96753,0.006945337,1133.4673,490.51703,0.0045703445
43,2,1005.3071594238281,497.22011375427246,102.4376220703125,2.018169055393808,960.34607,507.45248,0.90055966,990.27014,546.3873,0.91321504,993.9994,518.34863,0.020346258,1048.2454,539.90436,0.32290414,1085.5963,511.67773,0.0031148947,1018.7893,546.2523,0.0028049026,1016.5045,542.78674,0.00037376105,950.0255,521.74274,0.0016773647,1038.6104,519.252,0.0005119975,941.144,522.7796,0.0013660307
43,3,877.7500305175781,345.0666103363037,39.40264892578125,109.08186508113238,859.9744,350.9023,0.71590394,868.24475,362.2454,0.7247746,880.7195,353.6635,0.28267038,897.2124,360.2921,0.5579052,903.8534,354.24814,0.056151185,881.1612,364.24408,0.06718133,883.53625,358.84045,0.029542912,855.2124,350.6881,0.05241567,878.3685,346.76505,0.03392942,852.90015,358.17938,0.05035783
43,4,913.9002685546875,271.38221740722656,24.097503662109375,1.22942662938597,922.0751,281.87646,0.66814536,920.6856,278.1521,0.63377434,909.75385,280.91656,0.53781456,905.6306,278.32767,0.60297704,899.87415,275.89825,0.07318791,917.2711,283.68503,0.08544109,925.4741,276.3001,0.06768622,912.1888,275.7012,0.08301708,923.0861,270.66684,0.05334882,902.2976,280.29874,0.059441138
43,7,832.4104614257812,250.32724571228027,20.155975341796875,0.7399026459271005,822.47156,258.16754,0.6639796,828.6992,260.62885,0.6711744,833.64087,256.64896,0.4103097,840.68494,260.24432,0.5469354,846.3334,256.08557,0.04532874,833.1231,265.579,0.03123416,834.68134,260.03494,0.022766184,823.6959,254.29378,0.034423433,835.771,249.9345,0.02072028,804.30176,258.34332,0.023709634
43,8,871.033447265625,246.23384284973145,21.794036865234375,0.7747566104937289,876.8119,250.86423,0.6672663,870.83484,248.35445,0.611435,867.5365,250.06169,0.54193455,864.232,248.44681,0.58544606,866.5519,246.98668,0.058039095,870.3375,253.0496,0.064007185,880.48737,246.5035,0.043304466,867.6102,245.2382,0.05906967,879.87146,242.74959,0.037607167,852.1049,253.85028,0.047277883
43,11,803.1132202148438,195.7076554298401,13.403961181640625,0.30802073228627536,807.9363,199.28366,0.6333863,805.12524,198.21979,0.61210644,799.49036,199.23195,0.5422149,798.3649,198.6854,0.606879,797.15717,197.10947,0.06200003,802.8074,202.34593,0.05975389,808.35406,195.18187,0.04683593,800.9142,193.72932,0.054770496,804.29785,192.52493,0.037486333,782.5947,200.69803,0.045954015
44,1,1160.8434448242188,473.7831344604492,117.27163696289062,2.5177277508714626,1106.5328,483.40356,0.78890795,1147.4335,519.45056,0.64952964,1142.6229,484.86548,0.17678897,1211.8315,512.23553,0.28575015,1209.9907,553.2173,0.027708404,1182.7941,525.0944,0.010346769,1163.6342,500.20908,0.0049195336,1114.469,500.3107,0.0056558256,1151.6897,488.7911,0.0070525534,1132.8601,489.4012,0.0047114077
44,2,1013.5107421875,504.6083335876465,104.7095947265625,1.973404878394989,969.4253,513.42773,0.7800534,999.12976,556.27795,0.66778165,1003.77576,509.63937,0.17039308,1066.5365,543.84515,0.2799116,1056.162,592.5491,0.0281378,1042.2491,553.0298,0.009573875,1017.0703,527.6534,0.0045934888,976.70154,526.23334,0.005766974,1021.0426,520.69055,0.007319757,994.75946,518.88055,0.0051555103
44,3,879.736083984375,345.3516540527344,41.146087646484375,75.18944948213979,858.64294,350.69247,0.7946757,869.9885,363.14105,0.8113276,878.8332,352.57352,0.2062249,899.9017,361.1974,0.52767015,913.69556,350.86017,0.030991776,886.0197,367.7174,0.024044124,876.42236,363.44574,0.011398628,856.2091,352.29404,0.022614261,886.75305,347.07346,0.01176616,844.66736,355.2078,0.01556659
44,7,833.2527465820312,250.53504180908203,20.482635498046875,0.7485226783339585,824.8511,261.00333,0.6441544,831.98364,263.99872,0.6414901,835.7025,258.51364,0.34787506,842.901,263.67377,0.4798719,848.9185,257.10477,0.041482747,833.3656,269.4154,0.02546833,834.2664,261.9572,0.018651607,826.7983,256.29697,0.029560607,835.5936,254.40463,0.01781857,799.1336,259.53015,0.019602003
44,8,869.5153198242188,244.48948860168457,22.071258544921875,0.7722988753620023,875.1592,249.49158,0.68212676,868.8539,247.5565,0.62506163,865.21204,248.68736,0.514542,861.6052,247.57661,0.5720013,863.9144,245.58205,0.061119746,868.2427,251.92967,0.073236346,878.98926,246.09904,0.047228187,865.8368,244.63371,0.06491342,881.0226,241.38148,0.041962113,851.4007,252.2351,0.053539153
44,11,803.5686950683594,195.08281230926514,12.84906005859375,0.29376616255890575,808.1333,198.45164,0.63000107,805.0073,197.40112,0.60454386,800.0895,198.35399,0.5414972,799.08124,197.97746,0.5969122,798.8202,195.74706,0.06108713,802.792,201.5359,0.058654774,808.42914,194.52185,0.045384683,802.13245,192.88953,0.052720938,804.9949,192.42598,0.03599802,781.9794,200.62952,0.04618622
45,1,1159.9288330078125,473.83169746398926,119.49600219726562,2.555848308176115,1101.3755,483.13596,0.9101883,1148.8184,518.6118,0.924242,1134.3763,493.49734,0.01933739,1207.0457,513.672,0.30716342,1240.5955,482.49152,0.004356132,1184.6653,521.593,0.0033006289,1164.1339,514.5838,0.00046020036,1091.8405,494.54343,0.0025539899,1167.7314,489.16617,0.0007030281,1089.4688,499.85043,0.0014791222
45,2,1021.276611328125,512.209550857544,110.57656860351562,1.9862205560931718,971.772,521.7388,0.931217,1005.4813,563.63666,0.94312346,1003.7994,532.45654,0.0106168445,1067.2081,557.1234,0.28071555,1108.1707,526.64233,0.0039375275,1044.656,564.86597,0.0026616086,1021.38916,555.90015,0.00034181017,958.34344,533.9894,0.001995793,1034.8978,531.6702,0.000585809,944.36115,539.34894,0.0011616284
45,3,881.1963500976562,346.4158945083618,41.848388671875,48.7554645535962,862.72,353.326,0.7288019,872.1366,365.0306,0.7448161,884.0056,355.80786,0.27162266,903.129,362.86548,0.55673426,911.80664,356.85315,0.04983419,887.0283,367.29587,0.052030202,884.9531,361.08057,0.0227558,856.5946,352.72275,0.04326458,877.9957,348.42328,0.026505832,852.3305,360.10468,0.037889577
45,7,833.367919921875,250.55237102508545,20.532073974609375,0.7484761106040765,825.6212,259.22232,0.65075946,832.3407,262.01147,0.6454355,835.7727,257.32455,0.37272936,842.3507,261.658,0.4987488,848.68665,255.17523,0.04188399,833.8777,267.2726,0.0270431,834.9774,260.53592,0.019486805,827.1604,255.08519,0.02950478,835.7567,252.91437,0.018017378,800.6753,258.6922,0.020945204
45,8,868.3576354980469,243.69803524017334,22.87811279296875,0.7964038936946424,874.93994,249.18939,0.683471,869.089,247.01587,0.62004083,864.2018,248.25873,0.51689506,860.81616,246.96785,0.568706,863.27545,244.55884,0.060329616,868.2669,251.46338,0.07230343,879.40076,245.48557,0.04678217,865.53204,243.97357,0.06358322,880.99646,241.1776,0.04099763,850.75183,252.27023,0.053332146
45,11,803.9529418945312,194.5270414352417,12.571746826171875,0.28612355463852895,809.0349,197.45947,0.629413,805.58844,196.32465,0.5979932,800.61414,197.27248,0.54456633,799.57983,196.8926,0.59204787,799.6316,194.32405,0.061724324,803.16846,200.42749,0.060094584,808.91907,193.50719,0.046089727,803.12964,191.8598,0.052512564,805.5057,191.81294,0.03648577,781.8517,200.06175,0.048103526
45,18,852.0807495117188,226.99851608276367,15.813720703125,0.4705589660311346,858.7919,236.4287,0.6442131,855.2423,234.27118,0.6331248,849.2612,234.9972,0.5336565,849.9105,233.99591,0.5801352,846.43964,232.64851,0.040145136,850.2366,240.48108,0.028942378,855.593,230.70589,0.022766033,852.7216,229.77855,0.030302498,850.53,229.76544,0.017050335,827.4981,237.74712,0.019965312
46,1,1159.2643432617188,473.7829284667969,120.15682983398438,2.567995370450606,1101.3087,482.77438,0.9087188,1148.8743,518.34174,0.92412657,1133.5807,492.99106,0.019383447,1206.4899,513.54553,0.3083894,1239.218,482.23383,0.004448063,1184.0154,521.28613,0.0034831509,1163.843,514.1614,0.0004910862,1091.9015,494.2876,0.002625567,1167.217,489.10892,0.0007301891,1089.6613,499.6708,0.0015698943
46,2,1028.2474365234375,521.2094135284424,114.34451293945312,1.9368329412884977,983.18933,527.8615,0.7715825,1017.2994,576.81757,0.6769903,1019.0806,522.16394,0.15298076,1080.1799,564.624,0.2687841,1070.8728,612.47754,0.022454882,1036.0748,567.7246,0.0046721664,1022.5282,541.8562,0.0017116374,994.7384,538.7438,0.0033952694,1031.4587,537.6559,0.004163165,997.814,534.61975,0.002068107
46,3,883.0302429199219,348.01077461242676,42.03570556640625,32.078931770578485,863.6944,355.164,0.7407007,873.3239,367.1919,0.759925,886.0182,357.30338,0.2528269,905.3782,365.149,0.54760665,916.0039,359.05722,0.04482234,889.62634,369.86105,0.041745383,885.41016,363.2816,0.018217862,857.52594,354.41058,0.037370663,879.98315,349.45523,0.021866877,851.31714,361.49045,0.029640742
46,7,833.4580078125,250.34753608703613,20.664093017578125,0.7528370725825763,825.593,258.5904,0.6577298,832.3508,261.4469,0.6535966,835.7905,256.9445,0.38236973,842.445,261.08194,0.5133558,848.8493,254.88684,0.041884985,834.3369,266.6304,0.027642611,835.2554,260.10687,0.01977002,826.5736,254.65913,0.029507505,835.79724,251.97777,0.018088317,801.52673,258.26138,0.021386215
46,8,867.9812622070312,243.4607048034668,22.843963623046875,0.7938116450551783,875.1765,249.08289,0.67879105,869.973,246.75133,0.61137784,864.3506,248.18813,0.52812886,861.6326,246.65997,0.5685229,864.04083,243.88681,0.05812978,868.4486,251.2339,0.06864826,879.86304,245.24747,0.04467857,866.27747,243.76009,0.058942042,880.6688,241.59134,0.038154766,850.6267,252.4545,0.051747527
46,11,803.4802551269531,194.5203981399536,12.0494384765625,0.2736205857129367,808.16504,197.25113,0.63123196,804.9263,196.04373,0.5956781,799.95776,197.11328,0.5386179,798.9127,196.56522,0.58711416,799.0553,193.74364,0.062317725,802.54944,200.23494,0.061465163,808.7743,193.32988,0.04646178,802.8631,191.59471,0.053485274,805.4321,191.80057,0.03714104,781.5443,200.28273,0.049066104
46,18,851.7086791992188,226.80900192260742,15.952972412109375,0.47375046100878987,857.7921,235.7285,0.6482871,854.74146,233.57362,0.63458085,848.3921,234.47403,0.5329595,849.37134,233.3647,0.5833878,846.1874,231.76392,0.040501565,849.7761,239.81137,0.030379876,855.6566,230.3039,0.02371919,852.14795,229.42502,0.031098051,850.7049,229.22371,0.017776344,827.93384,237.4811,0.020927511
47,1,1159.2152709960938,473.9253730773926,120.23812866210938,2.5655059166858885,1101.999,482.2849,0.90918225,1148.8235,518.50385,0.92576647,1133.7646,492.52768,0.018482786,1206.1675,513.7088,0.3069636,1238.9636,482.237,0.004435279,1183.7053,521.2715,0.003548145,1163.7195,513.93396,0.0004994572,1092.5374,494.06943,0.0026126923,1167.572,489.22714,0.00073058513,1089.5986,499.55228,0.0016002276
47,2,1035.8594970703125,531.5512733459473,119.48190307617188,1.9122844207048038,989.93097,536.028,0.805817,1021.3321,588.117,0.67803794,988.42554,526.50885,0.13944535,1067.6154,578.54675,0.19802833,1033.6184,648.1676,0.044305224,1049.2571,603.39166,0.05946397,1035.7336,553.31854,0.040621124,996.65686,552.1804,0.019066995,1011.2174,551.65393,0.039398283,964.057,562.14056,0.044812653
47,3,885.0858764648438,350.39177799224854,43.032989501953125,21.748021045117802,864.61096,357.30566,0.75210476,875.2411,369.99976,0.7771396,885.75824,359.27542,0.23340398,906.30774,367.998,0.5389449,917.42633,361.12134,0.039882693,891.1031,373.03625,0.034515493,885.11865,365.8875,0.015298703,859.02997,356.90573,0.0313376,880.5813,352.00153,0.017792303,849.84467,363.8953,0.0237734
47,7,833.863037109375,250.55373573303223,20.752899169921875,0.7600064032099674,825.87354,258.40884,0.6645899,832.895,261.39948,0.66553444,836.5415,257.096,0.39377186,843.7567,261.02585,0.52998805,850.0027,255.42358,0.042041425,835.5434,266.50842,0.027646424,835.5099,260.14948,0.01981369,826.327,254.74532,0.029409776,835.4906,251.33061,0.018028142,803.1249,258.13995,0.021333398
47,8,868.11767578125,243.72391319274902,22.44287109375,0.7813415472638104,874.7805,249.09044,0.6708803,870.31915,247.06099,0.6079765,865.30664,248.47098,0.53488714,863.2483,246.89421,0.5727784,865.5269,243.92232,0.05641902,868.6712,251.48401,0.06575833,880.4383,245.46092,0.04317903,866.99506,243.91109,0.055682376,880.1651,242.09589,0.03586882,851.1839,252.85698,0.050417747
47,11,802.9690246582031,194.7769374847412,11.9388427734375,0.27134950049204265,807.6469,197.3125,0.6321584,804.40027,196.06187,0.59902376,799.44556,197.08661,0.53754616,798.6114,196.71606,0.58988214,798.61615,193.99081,0.06388526,802.4537,200.29482,0.06352491,808.4706,193.37053,0.048122134,802.26416,191.6209,0.055720713,805.2427,191.59276,0.03867519,781.55914,200.35342,0.050407656
47,18,850.4493713378906,226.14668083190918,16.14569091796875,0.47589250766714686,855.7025,234.10913,0.6548774,853.1135,231.94298,0.63664854,846.7941,232.97343,0.5336566,848.33203,231.88562,0.590722,845.8722,230.11386,0.04362248,849.061,238.00038,0.035217106,855.3755,229.33202,0.027423054,850.5831,228.29135,0.034950398,851.4963,227.53906,0.02080093,828.57227,236.38933,0.024442634
48,1,1158.6060791015625,475.2373466491699,120.80511474609375,2.55564778399911,1101.7703,483.77393,0.9084709,1149.0193,519.8302,0.92435354,1134.0818,494.07892,0.019006973,1206.3345,514.68915,0.30372694,1240.6874,483.54904,0.004301268,1184.7024,522.3729,0.0030753142,1163.9473,515.6003,0.00045421848,1092.5845,495.37823,0.0024082335,1168.8878,490.2996,0.00066872593,1088.3622,500.21567,0.0014064902
48,2,1043.7284545898438,543.7924461364746,124.32797241210938,1.8660543414424484,993.1829,550.1657,0.8089014,1030.6433,605.6828,0.7079031,1033.0593,542.355,0.116823606,1101.7986,594.3826,0.21374555,1081.6416,653.49536,0.016522396,1040.2749,600.56067,0.0033352962,1040.4276,566.1125,0.0010108083,1010.36096,566.93005,0.0026385994,1045.8562,561.18634,0.0031209965,989.0092,562.30994,0.0014303275
48,3,886.3127746582031,354.2805519104004,43.2081298828125,14.421199887347923,865.3717,361.46844,0.7753297,876.5526,374.53857,0.7923825,887.99304,365.3267,0.22616361,907.5654,372.52078,0.56045103,922.26953,361.029,0.021533163,890.7085,377.75848,0.023823228,894.8867,377.0536,0.009930974,864.5454,364.76666,0.019074237,911.79614,361.13113,0.008496218,862.5654,368.25912,0.015286445
48,7,833.34228515625,251.31611824035645,21.004486083984375,0.781440404152991,823.33496,257.5469,0.6753507,829.8469,261.12823,0.6899595,834.7794,256.83655,0.40636784,842.8849,260.52176,0.5622059,847.9498,256.86343,0.044712316,834.697,265.82193,0.03131851,835.11584,259.94217,0.022307076,823.4032,254.34695,0.03352556,834.7921,249.41922,0.020322906,805.96014,258.2431,0.023513382
48,8,867.2633056640625,244.90219688415527,22.817138671875,0.8021968969362554,872.4225,249.9384,0.6645721,868.0967,248.33008,0.6176849,864.8154,249.49663,0.52905023,863.20514,248.0855,0.58297765,863.98267,245.99821,0.05915143,867.48267,252.76765,0.07097679,879.6781,246.67047,0.046107855,864.95483,245.0439,0.061898604,878.7461,242.15797,0.039208684,851.9043,253.37894,0.052553374
48,11,802.5770874023438,195.6532859802246,11.910552978515625,0.27235989436499525,807.40735,198.04472,0.63204694,804.3833,196.84204,0.6038982,799.2526,197.94643,0.5408745,798.27637,197.42343,0.59776384,797.7843,195.15817,0.06324545,802.3211,201.05008,0.06249526,808.4753,193.95822,0.04769008,801.5829,192.38045,0.055657085,804.61096,191.89566,0.03832007,781.922,200.67741,0.04888236
48,18,848.9643859863281,226.80699348449707,16.73638916015625,0.495069235079558,854.1777,234.42134,0.6577183,851.2152,232.37099,0.64157623,846.1919,233.03094,0.52577055,847.5456,232.16484,0.5867812,845.30066,230.78873,0.044169158,848.19666,238.35497,0.035405293,854.8506,229.95462,0.026867423,848.99927,228.53894,0.03594178,851.9668,227.11407,0.020969655,827.56995,236.4161,0.024274684
49,1,1158.8624267578125,475.76309394836426,121.16848754882812,2.5525698954425593,1101.8884,484.47272,0.9032939,1149.7399,520.1568,0.9217826,1133.4321,494.31268,0.02014434,1206.2157,514.9591,0.30400673,1239.679,484.5666,0.004439606,1184.9293,522.5174,0.0030278624,1164.2997,515.74133,0.00047507702,1093.0729,495.65533,0.0024359517,1168.3269,490.57397,0.00068221317,1088.4302,500.50354,0.0014101382
49,2,1052.53125,555.5273895263672,129.9503173828125,1.8339589831923742,998.1488,562.16675,0.78486156,1039.0071,621.2817,0.69977295,1038.2126,554.64545,0.11784217,1112.5023,608.8198,0.21754178,1091.4847,668.5787,0.014748355,1037.1471,609.21136,0.0020692744,1041.7346,576.4945,0.00053002127,1016.8991,577.9448,0.0016394665,1052.8951,574.5916,0.0020506508,990.1983,572.6016,0.00074695237
49,3,887.9910278320312,358.1450443267822,43.290435791015625,10.727802907589073,871.1605,365.24667,0.7084419,880.1216,378.04507,0.730505,891.3389,367.8243,0.27309233,910.6104,375.73547,0.53813446,919.3207,370.65106,0.043524757,892.3462,379.6601,0.040599205,889.6752,371.81943,0.01777213,864.4953,364.27557,0.033007726,877.59753,361.7828,0.020617185,854.2521,372.91425,0.03130303
49,7,833.4872131347656,254.1276741027832,21.525146484375,0.8244212149481929,823.7328,260.14807,0.6648264,829.7635,263.42642,0.68715286,835.4275,259.00967,0.40537232,843.2706,263.0191,0.55439,847.9693,259.84262,0.04260969,834.36273,268.48184,0.027004203,834.0913,262.03806,0.020343356,825.1167,256.4512,0.031299893,834.87177,251.78563,0.01828516,805.6785,260.2481,0.020284617
49,8,867.4473266601562,245.8447208404541,22.130767822265625,0.7829594038681721,872.6834,250.91711,0.65434223,868.1824,248.92749,0.6166094,865.4358,250.42554,0.5453278,863.5327,249.0385,0.5901575,863.8142,247.21492,0.059031915,867.745,253.54297,0.068206504,879.3649,247.23528,0.046123758,865.2804,245.80525,0.0617084,878.33374,242.54932,0.038076647,852.3447,253.89662,0.050755553
49,11,801.9467468261719,196.21593189239502,12.91278076171875,0.29707000024798513,806.4441,198.87044,0.63583595,803.74036,197.53798,0.6112229,797.80725,198.73181,0.54071444,796.81366,198.02077,0.60900617,795.22876,196.49753,0.06617382,801.98456,201.81616,0.06670744,808.121,194.61584,0.051305678,799.29346,193.19986,0.06082298,803.6156,191.6435,0.04218039,782.2692,200.55652,0.05060819
49,18,847.2568359375,226.927396774292,18.025177001953125,0.5331926311005216,853.6625,234.7255,0.65816915,851.1102,232.38898,0.6372653,844.69244,233.47815,0.5273482,845.1111,231.90634,0.58830655,842.51685,230.56184,0.044810906,848.0648,238.3108,0.035865728,854.96045,229.50697,0.027147222,847.4097,228.15607,0.037023693,850.6843,226.81685,0.021212421,826.64856,236.15694,0.024409698
50,1,1159.3408813476562,475.99303436279297,118.578369140625,2.503468991117316,1107.4661,485.64862,0.78366023,1147.8284,521.1184,0.6478023,1141.1003,486.557,0.18009517,1210.1261,513.77155,0.29093477,1208.4705,553.9638,0.028218664,1183.1023,526.19965,0.010283223,1163.0536,502.21716,0.004792048,1114.5151,501.28998,0.0057268054,1151.4707,490.99695,0.00705041,1135.47,491.21066,0.004645511
50,2,1062.5711059570312,567.3915939331055,137.7945556640625,1.8358262228550652,1006.7701,576.0674,0.8411071,1047.8491,634.1505,0.70790625,1029.2578,567.0012,0.096941896,1115.4415,624.8847,0.16496027,1095.3073,686.2039,0.015348014,1094.2688,640.32324,0.0077304123,1071.6545,600.69336,0.0032490212,1011.7965,600.8277,0.0030800765,1042.243,584.96234,0.003688862,1027.7296,594.68,0.0037996664
50,3,891.1466674804688,361.8193016052246,45.10858154296875,8.494055798070606,871.71204,369.54437,0.72750986,882.03827,383.38104,0.7618634,891.18256,371.30383,0.2309125,913.4724,380.69284,0.52277666,922.97644,375.615,0.04022649,896.1914,385.52924,0.0327093,889.3888,376.02533,0.014328387,864.5642,368.02634,0.029225396,876.7833,365.1701,0.017227206,851.08655,377.06107,0.023317944
50,7,833.8359375,255.96500873565674,22.096893310546875,0.8637515146395089,823.15704,260.87457,0.6554921,829.2131,264.6472,0.67724603,835.2911,259.99292,0.3877721,842.86835,264.06192,0.5381245,847.8563,260.85107,0.04036047,833.3202,269.72034,0.024809517,834.03864,262.73636,0.018500125,825.42175,257.1441,0.029485494,834.741,253.08838,0.017007042,804.10046,261.31738,0.018559154
50,8,867.0518188476562,246.12018585205078,23.14947509765625,0.8226567698116025,872.95953,251.38034,0.66691893,867.79614,249.53615,0.6284846,863.4739,250.92877,0.5263588,860.8386,249.84921,0.5906413,860.8812,247.9616,0.06081172,867.42993,254.27103,0.07196919,877.7604,247.26605,0.048609093,863.497,245.99568,0.066674,877.85205,242.76198,0.040740594,851.3484,253.83194,0.05207183
50,11,800.8240356445312,197.07958602905273,13.604827880859375,0.31448598029138997,804.74976,199.46996,0.635077,802.6271,198.14943,0.6144928,796.6747,199.51436,0.53439516,795.5422,198.74701,0.61088395,793.6376,197.30058,0.066288404,801.1112,202.63972,0.06700998,807.7134,195.25449,0.051520813,798.2679,193.86578,0.062471114,802.99316,192.02864,0.042561438,782.1581,201.49854,0.04983986
50,18,846.0163879394531,226.2330436706543,18.966064453125,0.5573382136979966,854.5157,234.44048,0.6696306,851.6135,232.40343,0.64540696,843.68396,233.60739,0.51338893,842.33887,231.92294,0.58991915,840.1741,229.68097,0.044213984,848.5232,238.36519,0.035955098,854.81934,228.8203,0.027456407,847.15894,227.42397,0.037266783,850.60876,227.04909,0.020701192,825.8043,236.39543,0.024150368
50,22,1725.5908813476562,603.9999618530273,153.69287109375,1.6110989814683911,1777.5385,639.79346,0.5441833,1681.6025,619.0015,0.5040891,1781.1284,634.3181,0.28942797,1684.3086,623.51385,0.35199857,1630.9827,629.1808,0.025055852,1750.4462,664.75006,0.011419749,1718.8457,639.825,0.0015924248,1787.4612,624.07574,0.006966018,1780.173,624.4097,0.0027868357,1699.3552,640.2557,0.0021708452
51,1,1159.1192321777344,476.2982654571533,117.6624755859375,2.4801846416887265,1107.8633,486.55954,0.78274137,1147.7631,521.7796,0.64630675,1142.0989,487.48734,0.18029651,1210.6211,514.13525,0.2931331,1208.4231,554.3164,0.028224368,1183.7963,526.7985,0.01008365,1162.8989,502.81195,0.0046467814,1115.0232,501.8544,0.0056649023,1152.603,491.7682,0.0069434172,1135.7411,491.61127,0.0045278235
51,2,1072.8674926757812,581.1517639160156,143.48171997070312,1.802247909596874,1016.82263,585.8766,0.7794279,1061.576,651.4937,0.6761771,1026.2883,575.3142,0.13294594,1106.415,641.19446,0.17902617,1125.9846,702.2136,0.027304782,1126.5339,649.0766,0.022316406,1083.7804,617.6687,0.012077328,1013.7955,598.14246,0.004836453,1036.7808,596.26575,0.008273119,1084.4153,606.69086,0.012157233
51,3,893.1699829101562,365.12372303009033,45.792388916015625,7.197129284669352,872.4464,373.57248,0.7477406,883.62177,387.40518,0.7804164,890.6854,374.7598,0.21188113,914.2586,384.7162,0.5110062,924.5224,378.4972,0.0354084,897.7837,390.43552,0.02523158,887.7501,380.6162,0.011325249,865.773,371.99597,0.023610102,878.2013,369.2268,0.013431085,848.5006,380.32812,0.017261421
51,7,834.4384460449219,257.3055896759033,22.05157470703125,0.8720296543804787,824.1998,261.8744,0.67555,828.8882,266.48782,0.6787354,836.68506,261.95135,0.433332,844.3856,265.6731,0.59070617,851.3904,261.6876,0.05192528,835.84534,269.53983,0.04913881,836.7988,264.72327,0.031064622,821.8482,258.7132,0.043322746,834.4184,255.321,0.027514374,808.33435,264.91385,0.040175308
51,8,866.0826416015625,245.92217445373535,24.4229736328125,0.8687094147699967,872.3878,251.82361,0.67183465,866.98145,249.93527,0.632134,861.9426,251.30353,0.5176059,859.09424,250.11945,0.58746845,858.4737,248.33041,0.061874505,866.31165,254.75871,0.07473648,877.0673,247.54378,0.04984125,862.2116,246.44162,0.069312185,877.343,242.98164,0.042340685,850.7328,254.03175,0.052923333
51,22,1703.42724609375,597.8573341369629,197.07659912109375,2.0713502800593138,1793.5807,642.7821,0.49468657,1654.4905,608.88086,0.47395027,1774.8365,638.1941,0.2450973,1647.4128,614.5519,0.30012557,1603.5641,605.2326,0.03268293,1748.2861,677.3487,0.013790662,1701.4468,635.5209,0.0011428054,1790.1193,615.0518,0.0054606004,1782.0488,624.48755,0.0018121153,1692.6277,637.67706,0.0016236032
52,1,1159.3445434570312,476.180025100708,117.7371826171875,2.4839553564420793,1107.4602,486.6528,0.7829816,1147.4033,521.7068,0.64496064,1142.1018,487.65485,0.1825454,1211.1414,513.93933,0.29596624,1209.4431,554.33545,0.028257547,1184.5208,526.73346,0.010100174,1162.8019,502.9693,0.0046845297,1114.4478,501.88336,0.005755483,1153.1329,491.74017,0.007040549,1135.6299,491.68903,0.0045799213
52,2,1085.964111328125,594.8251075744629,150.7177734375,1.7846360468576035,1027.2997,599.2316,0.79620683,1071.7725,669.1669,0.6541986,1042.4177,589.28467,0.118095905,1122.3552,657.5495,0.16727161,1132.878,719.7623,0.016419513,1128.5425,663.1285,0.009410567,1088.205,635.19965,0.0045293304,1031.0864,618.72394,0.0027715203,1054.157,607.4706,0.003345246,1082.068,623.2928,0.004766345
52,3,895.4373779296875,367.9344549179077,47.089324951171875,6.396348126470756,874.3783,376.40265,0.7273936,885.11523,390.24747,0.74121124,895.73895,380.42377,0.25464228,915.3913,387.8529,0.5621233,921.7826,380.07074,0.047753856,897.9274,391.60062,0.069018066,901.75616,387.76492,0.027172502,870.37524,377.9383,0.04888271,900.9414,375.9528,0.028577989,873.1019,385.58698,0.051082123
52,7,835.0693359375,258.2897758483887,22.02886962890625,0.877609878811733,824.0315,262.61996,0.6766955,829.2915,267.3088,0.6764512,837.51794,262.85965,0.42937288,845.3729,266.40665,0.5866215,853.43115,262.02872,0.04940211,836.4194,270.48837,0.044582535,836.96497,265.67456,0.028074529,821.8984,259.49167,0.040003307,834.6896,256.34113,0.025118658,807.70374,265.47116,0.03659592
52,8,865.5750732421875,245.67606353759766,25.017059326171875,0.8870282545374866,871.46246,251.74324,0.67613447,865.93414,250.0227,0.6367986,861.5698,251.28937,0.50880754,858.56323,250.10825,0.5843232,858.1959,248.19809,0.061269112,865.54083,254.80981,0.07518665,876.5795,247.90916,0.04929472,861.78406,246.60541,0.06945788,877.7626,243.00134,0.041987296,850.6792,253.98636,0.05285774
52,22,1679.28369140625,587.4452819824219,243.5592041015625,2.6302366765069083,1776.0374,632.5742,0.45244545,1600.8416,582.3491,0.4231194,1741.2473,632.5472,0.33489317,1591.1597,587.73676,0.36814818,1523.3148,572.1688,0.043444883,1746.8418,662.7919,0.039422642,1666.2411,624.83813,0.0046497774,1758.7053,607.9718,0.014259449,1751.686,605.90216,0.003111856,1711.3291,624.51416,0.0052009043
53,1,1160.0912475585938,475.9376735687256,117.86151123046875,2.489609568331682,1108.1614,486.49738,0.7833791,1147.6122,521.5243,0.64545304,1143.4753,487.37305,0.18272209,1212.0289,513.7814,0.29656425,1209.9259,554.1591,0.028473774,1184.8708,526.32166,0.0101505425,1163.4226,502.78766,0.0047255224,1115.1888,501.78015,0.0058777053,1154.6526,491.49426,0.0071533066,1135.6714,491.28146,0.004628778
53,2,1101.1577453613281,610.5567398071289,163.77685546875,1.8190205111747555,1032.5208,616.48346,0.8765284,1089.3628,686.0269,0.7443085,1043.5824,604.35205,0.06705217,1129.693,679.06995,0.11751671,1113.5581,750.8477,0.010889383,1092.218,700.8697,0.0064827236,1099.4327,644.52594,0.0020543104,1052.4708,644.8441,0.0029849538,1044.9468,628.02936,0.0034516465,1020.2689,653.1477,0.003093579
53,3,898.8248291015625,370.8446559906006,47.208160400390625,5.740957492512453,877.2855,379.64514,0.7450821,889.21765,392.39526,0.75808805,897.7988,383.15015,0.25701344,920.2599,390.1907,0.5642946,928.3939,381.47916,0.044401053,903.4973,394.5167,0.05597686,902.322,390.3181,0.023056135,871.7883,380.57996,0.041550428,901.0901,377.90564,0.023718538,872.8317,387.31415,0.04042482
53,7,836.1831665039062,259.6237392425537,22.200347900390625,0.8938295337655493,825.52826,263.93988,0.67404646,831.0596,268.25543,0.66933084,839.272,263.95163,0.42775497,846.6312,267.55386,0.57513034,855.8037,262.4672,0.046996556,837.53186,271.70343,0.03899446,836.891,266.75803,0.02508587,823.53754,260.611,0.036076892,835.33167,257.92902,0.022440927,806.9324,265.81744,0.03256775
53,22,1659.0955810546875,577.7097129821777,284.7036437988281,3.136469560771921,1761.05,628.55493,0.40593854,1543.8962,564.84515,0.46069115,1714.0552,624.87695,0.27129364,1536.9141,571.20557,0.2771084,1478.5872,541.9684,0.122058116,1713.5564,673.44165,0.1069907,1631.0088,601.0847,0.0073939483,1724.3435,588.7944,0.025723523,1728.6024,598.73376,0.006450425,1694.4906,609.3011,0.009797537
54,1,1159.4839782714844,476.1708068847656,117.943359375,2.488497902783783,1107.4392,486.53827,0.7843323,1147.1989,521.8116,0.6460989,1143.0961,487.53394,0.18276785,1211.9961,514.14435,0.29572922,1210.5027,554.5171,0.02801992,1184.4392,526.3126,0.0099338675,1163.022,503.18445,0.0046639405,1114.419,502.17163,0.0057620327,1154.2941,491.59238,0.007000891,1135.7094,491.47702,0.0045311493
54,2,1113.71337890625,627.3805503845215,176.083740234375,1.8265715736968045,1038.5146,629.59326,0.87796235,1103.566,708.7124,0.731956,1040.8949,618.804,0.06336544,1127.5688,701.20557,0.10802459,1126.321,775.74945,0.012413417,1094.479,716.1936,0.00870247,1107.4308,661.16705,0.0029556267,1062.8091,657.3302,0.0036253056,1045.5283,644.01465,0.004754988,1018.55566,672.3399,0.0045800777
54,3,901.1173095703125,374.212703704834,47.14581298828125,5.085385686561411,878.6653,382.74255,0.7716431,890.9386,395.89526,0.78537285,899.60614,386.13733,0.2303009,922.57745,393.64087,0.55560714,933.5963,383.67294,0.038740866,906.8432,398.72913,0.043626804,902.1637,394.29092,0.01786354,873.5912,384.04874,0.03405068,903.4945,380.68286,0.01852864,871.22876,390.26678,0.029743465
54,7,837.0362548828125,261.3782901763916,22.5157470703125,0.9229102050510876,826.041,267.61203,0.6672453,832.792,271.50168,0.6586637,839.8882,266.84717,0.39995342,848.0206,271.1319,0.5459285,857.7043,264.73956,0.043267958,838.14606,275.62402,0.03132634,835.61755,269.73148,0.021263404,825.0924,263.35873,0.031702943,835.3841,262.10062,0.019160436,804.2988,268.11633,0.026197804
54,22,1638.74560546875,571.8041839599609,326.5967102050781,3.642857846279656,1751.9026,637.0822,0.46000007,1507.3671,558.4138,0.48890388,1689.6932,633.658,0.2791982,1493.1849,564.5322,0.2840916,1437.0894,533.53864,0.07343456,1695.5757,684.0811,0.08440698,1605.0339,607.2942,0.0048694895,1720.4912,590.08966,0.017983288,1719.9412,605.2199,0.0038404416,1661.8516,618.03845,0.006879287
55,1,1158.9028930664062,477.21581268310547,117.73443603515625,2.4752940943539112,1106.8717,487.24225,0.7816785,1147.0326,522.73175,0.64437133,1141.6702,488.52615,0.18582442,1210.023,515.0905,0.29951587,1210.8687,554.2823,0.02809495,1183.119,526.5182,0.009844742,1161.6279,504.28915,0.004644779,1113.406,502.58383,0.0056833248,1152.28,492.56116,0.0069168457,1136.7156,492.26657,0.0044393423
55,2,1127.3604125976562,647.0631408691406,185.8271484375,1.7908029565370467,1047.8152,644.77936,0.84643036,1120.0684,727.9302,0.71447074,1054.1511,629.0335,0.07309554,1145.4473,719.52655,0.11327725,1140.347,795.8852,0.013922343,1085.8057,724.9785,0.0064983717,1118.2887,677.3551,0.0016782793,1076.3058,668.32166,0.0040377956,1067.2971,660.48566,0.004494873,1031.6257,683.26855,0.003086229
55,3,903.3984375,378.02255630493164,47.530059814453125,4.56963995781061,879.38416,385.54974,0.79180974,893.2805,399.47882,0.8065405,900.0079,388.8912,0.20158306,924.5028,397.2429,0.5385432,937.1022,385.771,0.033913005,909.603,402.9928,0.033978365,902.1105,398.16312,0.014000032,875.4098,387.58932,0.0273455,905.2324,383.61017,0.014532882,869.282,393.1404,0.022232365
55,7,838.0468139648438,264.3555164337158,23.4979248046875,0.9988517326980719,828.29114,277.43646,0.64023376,835.1958,281.09824,0.64035,840.7578,273.77487,0.30628386,849.52905,281.16718,0.46115842,856.4286,273.05402,0.039597936,837.3318,286.74637,0.022362353,831.3063,276.6848,0.017038671,828.21313,270.2351,0.028927473,833.51685,271.89987,0.016005864,796.8209,273.84573,0.017799871
55,22,1619.9745483398438,562.8198738098145,359.5978088378906,4.145290026484096,1700.7878,619.0274,0.427982,1459.5574,553.0571,0.45670965,1658.0771,615.1384,0.31301355,1458.5353,557.5915,0.33363125,1390.5657,526.4701,0.10795946,1676.2239,665.58075,0.13642776,1562.0247,590.0365,0.008789069,1658.9506,579.57654,0.038921434,1664.0654,581.61316,0.0073226537,1657.7838,600.55835,0.012333294
56,1,1158.6589965820312,478.92504501342773,117.34048461914062,2.44720509276018,1106.5596,488.5206,0.7774365,1147.5701,524.3713,0.64207745,1139.405,489.82977,0.18904716,1207.2125,516.89136,0.30200475,1210.8373,554.59784,0.027882667,1181.0588,527.4044,0.009579805,1160.3556,506.338,0.0044607543,1112.6589,503.45905,0.0055213785,1149.3037,494.09695,0.0066552516,1138.4574,494.01294,0.0042116106
56,2,1144.2346801757812,667.121618270874,202.11337280273438,1.8140310953560823,1058.4647,663.12836,0.8539967,1137.8788,757.4978,0.676435,1057.6439,642.13464,0.0609971,1160.8167,751.5679,0.0952236,1170.5997,830.34094,0.009761598,1127.2529,751.4148,0.005432707,1124.1814,711.3328,0.0020119348,1084.2318,692.36163,0.002388293,1064.0377,671.80444,0.0023252734,1065.6802,713.74475,0.0025795677
56,3,905.90625,381.99524688720703,48.883209228515625,4.172523230489677,881.08685,391.09833,0.8223324,895.48004,406.13568,0.83869517,901.843,393.97916,0.16315539,929.1151,403.32477,0.5054978,944.0286,390.62753,0.027487937,914.3629,410.82654,0.021649864,899.7933,405.95242,0.0086430255,877.9679,393.72827,0.019318523,907.96484,389.48962,0.009341383,865.75085,398.0259,0.013077141
56,7,838.4855346679688,266.16025257110596,23.652008056640625,1.0294464665025844,828.17786,275.68518,0.65020365,834.19025,279.19876,0.6610293,840.52167,273.39914,0.3545559,847.6138,279.37164,0.5064005,854.59717,272.7782,0.03944496,836.91223,284.57773,0.022988945,832.4899,276.05185,0.01752267,828.69714,270.23117,0.027993005,834.3312,269.66006,0.015689041,801.26825,273.55658,0.01816509
56,22,1605.6324462890625,546.6979866027832,387.4247131347656,4.783523461088583,1647.8987,603.5884,0.36451092,1418.4208,549.98047,0.456639,1614.9221,594.83374,0.3492772,1428.0942,558.3244,0.3568258,1360.1372,525.8197,0.1903346,1651.4419,649.92725,0.23779169,1528.6154,576.22046,0.016783476,1588.1466,565.0034,0.08139283,1602.2693,565.92316,0.017421119,1657.8754,582.52155,0.023893135
57,1,1157.6820373535156,480.95191955566406,117.0150146484375,2.4156632866018533,1105.8059,490.06064,0.7727452,1148.1515,526.41547,0.64037764,1137.648,491.2156,0.19178444,1205.7961,518.9292,0.30373812,1211.194,555.91473,0.027468933,1178.794,528.7605,0.009147627,1159.0626,508.28445,0.0042026388,1112.0137,504.70706,0.0052570454,1146.8213,495.85138,0.006334187,1139.4448,495.95468,0.003925685
57,2,1161.40283203125,691.257740020752,217.24539184570312,1.7992288527630076,1077.9922,704.1269,0.84635824,1173.2953,801.0215,0.6482854,1072.2751,689.5967,0.073375195,1194.5293,796.4613,0.10862287,1233.0231,877.14374,0.011484604,1173.3192,796.04083,0.0077245035,1152.0347,754.27313,0.0044429535,1100.3574,732.62354,0.002346164,1075.5873,715.1237,0.0034158423,1097.4977,760.1958,0.0044795703
57,3,908.1023254394531,387.42539405822754,50.94818115234375,3.8949937665683008,883.2715,394.48093,0.7808795,895.8243,410.24606,0.7966932,906.1636,398.64066,0.19046137,931.862,407.14908,0.5321782,944.45593,398.21976,0.038186476,914.46765,412.59787,0.04000731,907.55554,405.7228,0.014110488,875.31177,395.80984,0.03188646,901.203,392.03925,0.017649777,871.68896,403.4912,0.026410716
57,7,838.8316040039062,267.7847957611084,24.091278076171875,1.0740559634569686,829.17786,275.51364,0.6509385,834.9569,278.47452,0.66768765,840.95105,273.89944,0.38686123,847.2808,278.8599,0.5299461,853.68835,273.057,0.039593693,837.7095,283.97668,0.022648888,833.4329,275.57623,0.017789645,829.8389,270.41635,0.027509995,833.7936,268.9324,0.015380059,804.22833,273.85706,0.017898636
57,22,1578.3665771484375,533.0093479156494,384.55682373046875,5.133550094900106,1626.6625,593.2151,0.38130265,1422.3848,542.8129,0.43549457,1581.6833,591.5789,0.32070366,1422.509,545.7017,0.35515302,1364.865,513.22955,0.13159573,1605.0436,638.16626,0.11659466,1505.5325,565.618,0.008694962,1580.5669,557.62366,0.028075395,1579.3809,565.7527,0.0077104634,1598.8638,573.92847,0.0102792885
58,1,1157.9765625,482.20446395874023,117.28875732421875,2.4047019758238393,1106.2094,491.66638,0.7701735,1148.0768,527.93787,0.6402987,1138.4604,492.7965,0.19333215,1206.0197,520.2795,0.307241,1211.7435,556.5182,0.027267648,1178.5189,529.4651,0.008746071,1158.5814,509.61923,0.0039855246,1112.2166,505.91068,0.0050408607,1147.5984,497.60934,0.00609751,1140.4349,496.85062,0.0036840495
58,2,1184.8741149902344,718.1484603881836,249.1915283203125,1.8824669954539326,1089.5521,728.60333,0.8508564,1208.6526,843.51514,0.5928708,1072.5122,709.7168,0.058936987,1211.2206,839.7719,0.08536029,1259.8201,930.31903,0.008708181,1180.2662,825.59735,0.0048619607,1166.5653,789.7652,0.0022795212,1124.171,758.78394,0.0022864062,1090.7319,741.4334,0.0024187774,1103.8019,795.2816,0.002601038
58,3,911.4814453125,391.87493419647217,51.615142822265625,3.621469685185209,885.92194,398.67938,0.7930387,898.4403,414.6264,0.81727666,907.1472,401.62213,0.17053045,933.30115,411.66803,0.5120225,946.51587,402.33597,0.03406542,917.0059,417.8333,0.030158553,906.8593,410.41293,0.01121297,879.5519,400.16336,0.025607226,903.56213,395.86996,0.013661563,869.6334,407.33508,0.018980678
58,7,838.878662109375,270.1140947341919,24.50830078125,1.1303955001013402,830.1266,274.37756,0.6485066,834.8812,277.63754,0.67386174,839.91675,273.35202,0.40168086,845.3516,277.67786,0.5435394,849.9492,272.30896,0.04041117,837.04956,282.83398,0.024869332,834.27405,274.07486,0.019787023,831.9192,269.4538,0.028745024,832.7328,268.50742,0.015975043,805.87036,274.90494,0.019265624
58,22,1538.6918334960938,521.9724655151367,353.4121398925781,5.0718392249543545,1583.6626,579.66406,0.42411688,1388.7803,533.08826,0.43179134,1537.7778,579.636,0.34590286,1385.0205,534.7759,0.3942492,1318.6246,506.2885,0.0928274,1571.6062,618.7333,0.09912094,1468.5437,559.91003,0.009349316,1540.7998,552.63947,0.031405367,1536.6917,551.57404,0.0069507165,1564.3574,564.6772,0.010609714
59,1,1158.9169921875,482.09817123413086,117.45382690429688,2.4074511257519826,1106.3892,491.81076,0.7703758,1148.0199,528.01227,0.6393074,1139.1737,492.94073,0.19247654,1206.4828,520.32263,0.3072872,1211.9995,556.46844,0.027296897,1179.26,529.3158,0.008693323,1158.7637,509.75198,0.0039485823,1112.3163,505.9972,0.005028748,1148.5248,497.65222,0.0060593197,1140.4985,496.64682,0.0036488755
59,2,1215.48193359375,749.2543258666992,277.7518615722656,1.9146058367766423,1126.2588,753.3401,0.8260241,1237.2826,882.14166,0.5693004,1101.9585,729.1465,0.061563306,1237.3011,878.55316,0.07740844,1293.05,972.1548,0.0069323783,1209.8525,854.3016,0.0040000463,1190.339,827.14014,0.002043247,1158.1292,787.5575,0.0015074564,1113.432,762.2572,0.0014402706,1149.7935,830.0193,0.0018925421
59,3,914.5250244140625,395.115291595459,52.295013427734375,3.427493652398648,889.75543,403.68347,0.80365247,901.6924,419.59085,0.83157504,910.03845,405.41318,0.154212,936.5436,416.49103,0.48866436,950.3143,407.5564,0.030971158,920.8844,423.74384,0.021352544,906.1345,415.75284,0.00837385,884.6738,404.66772,0.020366581,906.0434,400.2859,0.010540061,867.854,411.32065,0.012883629
59,7,840.6981811523438,271.1858797073364,24.770782470703125,1.155500738167392,832.05963,275.90085,0.68447375,833.40326,278.77377,0.68028367,842.63654,275.47943,0.40741715,847.4182,278.13733,0.5653323,852.00696,274.03802,0.06922038,842.11707,282.08032,0.084927514,852.0116,280.62762,0.04857033,832.7732,274.24066,0.07709817,858.1547,268.59537,0.047111046,828.728,278.8456,0.06235179
59,22,1501.98779296875,510.9891929626465,306.4340515136719,4.730371259089413,1549.7871,560.99664,0.42655358,1381.3073,524.2858,0.43336648,1516.6953,563.7954,0.37340677,1379.8817,525.17645,0.41464138,1318.4786,504.6966,0.11186571,1556.7651,595.9214,0.12938565,1460.1982,549.1054,0.016302723,1506.3447,540.39795,0.05130121,1508.6815,538.12744,0.012403132,1576.2261,544.7425,0.016568802
60,1,1158.978515625,481.95871353149414,117.18594360351562,2.4033426648893226,1106.5619,491.5488,0.7695444,1148.1404,527.5361,0.6381537,1139.1011,492.78482,0.19372246,1205.7461,519.97296,0.3084377,1211.8406,555.75214,0.02763712,1179.0718,528.90717,0.00887359,1158.7114,509.57944,0.0040442557,1112.4806,505.62698,0.005138478,1148.1843,497.30447,0.006179309,1140.5374,496.53458,0.0037357504
60,2,1246.2089538574219,776.0774803161621,303.18365478515625,1.9490183674166506,1122.2711,769.0695,0.54170936,1262.3679,914.52,0.65571177,1116.5543,743.5468,0.25676998,1252.7168,910.17737,0.24113163,1272.5483,963.931,0.0668948,1143.199,838.4946,0.071635865,1156.9441,888.7389,0.024061283,1317.9496,880.2898,0.016630903,1156.7029,896.03955,0.011447068,1103.2424,849.0297,0.026885152
60,3,916.4976196289062,398.84593963623047,53.64202880859375,3.235902953397041,891.8729,408.2564,0.75599337,904.8806,424.43582,0.7777943,914.9731,411.91415,0.196222,942.46234,420.87436,0.5080743,956.1982,414.44907,0.032742906,923.06085,426.35345,0.026505044,914.0913,417.37823,0.00965862,883.475,408.01184,0.02329308,900.56665,405.51636,0.01285796,873.2633,417.50803,0.018506683
60,7,841.72705078125,271.73925590515137,24.233367919921875,1.1373990513235035,833.8541,276.94223,0.68329376,834.7436,279.51794,0.68048865,843.3283,276.2361,0.4164628,847.9968,278.76724,0.5697197,851.98,275.21878,0.06748023,842.85297,282.90704,0.08078556,852.27686,281.13513,0.047533624,833.7728,275.01654,0.07437619,858.0979,269.2336,0.04550299,829.0109,279.16364,0.058883086
60,22,1461.960205078125,502.3429183959961,272.8400573730469,4.476772440176666,1514.6959,548.5328,0.577642,1372.9574,514.9032,0.5046805,1467.3655,552.76135,0.31923547,1339.8502,514.26447,0.3985592,1328.5353,502.5204,0.024021856,1489.1158,579.5856,0.016022343,1417.3955,541.709,0.0014964346,1503.1035,514.52386,0.006559602,1483.1759,535.39185,0.002410669,1433.0474,547.5876,0.00245466
60,32,802.0805969238281,207.51331901550293,12.73773193359375,0.31625075659857105,806.9053,211.4829,0.6447679,802.6765,210.76529,0.6286633,798.30676,210.94623,0.52859205,797.52637,211.07368,0.59370023,796.5027,209.39546,0.06704155,802.4241,214.63585,0.06767757,806.72864,207.91133,0.04917565,799.10547,205.75417,0.06204674,804.48706,204.44373,0.040247742,781.1758,213.32726,0.051489796
61,1,1158.9855651855469,481.70420837402344,116.833740234375,2.4002526432826907,1106.4221,491.47794,0.76967293,1148.0906,527.0605,0.63910985,1139.6683,492.93137,0.1948523,1206.1106,519.6226,0.31005788,1212.3235,555.28754,0.027774865,1178.575,528.7518,0.008917737,1158.8708,509.1852,0.0040884465,1112.4933,505.63275,0.005169354,1148.1807,497.37173,0.006280271,1140.1611,496.5097,0.0037558118
61,2,1257.2623901367188,807.8030261993408,299.2563171386719,1.8007028148521804,1148.0658,787.7253,0.7805359,1274.6351,897.4977,0.5521197,1128.5476,767.5403,0.097223766,1270.166,896.0008,0.112864524,1346.5042,981.7843,0.014027163,1247.378,875.11676,0.0076268567,1223.4329,852.16296,0.004859767,1176.1982,810.42737,0.0027446982,1139.0448,794.77313,0.0036133926,1202.2197,858.0317,0.004382511
61,3,919.4639282226562,402.1490478515625,54.734893798828125,3.1056687709768354,892.74915,409.79102,0.8204937,907.31445,426.0758,0.8166586,918.5421,415.08826,0.16645119,946.0331,423.23892,0.535368,963.7544,408.9655,0.023477465,927.2528,429.31186,0.028074255,922.4282,426.44006,0.008426513,885.7649,413.20435,0.020374762,931.1527,410.44626,0.009474631,886.776,418.4471,0.017597035
61,7,842.5931396484375,272.3313846588135,23.4708251953125,1.11129282472728,835.3574,278.0935,0.6824979,835.9989,280.56064,0.6841216,843.8626,277.24442,0.42067787,848.41614,279.86398,0.5746042,851.82654,276.7722,0.06534282,843.47363,284.0111,0.0761468,852.31165,281.7688,0.046167705,834.5276,276.00027,0.071620755,857.8357,270.0285,0.0435121,829.38477,279.6482,0.054977432
61,22,1432.0658569335938,493.392391204834,245.89407348632812,4.277284415929381,1494.156,540.88776,0.5044643,1366.8884,513.63367,0.43616518,1444.3221,546.3392,0.34431595,1340.342,509.26523,0.43148595,1303.5083,491.9613,0.048464287,1489.6508,572.03906,0.04003395,1410.3794,536.9801,0.005226548,1466.8004,521.0325,0.015296174,1445.3457,527.437,0.0045467205,1482.5476,533.1659,0.0054871873
61,32,801.7701416015625,207.7886552810669,12.81646728515625,0.3187966735344372,806.34717,211.75694,0.64563394,802.24536,211.16328,0.6307737,797.9392,211.27293,0.5234954,797.2639,211.43414,0.59447634,796.2234,209.90527,0.06737552,802.20575,215.02077,0.0680421,806.42175,208.29399,0.049370285,798.5906,206.07419,0.06293838,804.2609,204.68077,0.04078309,781.1201,213.5274,0.051377594
62,1,1159.1827697753906,481.32260513305664,116.8963623046875,2.4060425655400373,1106.6326,491.18204,0.7711538,1148.2684,526.54297,0.64298683,1140.3616,492.83548,0.19568206,1206.4342,519.2694,0.31141692,1213.2366,554.73944,0.0278693,1177.7112,528.55054,0.008971351,1159.226,508.49738,0.0041624396,1112.7461,505.42484,0.005186457,1147.9712,497.50327,0.0064388104,1139.5784,496.45572,0.0038070523
62,2,1283.7463989257812,806.8195095062256,318.9463806152344,1.979431786987222,1153.9166,804.6725,0.7991592,1282.4497,893.938,0.57430243,1136.0192,791.36475,0.121030524,1276.8893,894.87683,0.13357575,1349.4722,967.9243,0.010710206,1246.3164,892.5363,0.0054014153,1236.8994,859.936,0.002550814,1182.8617,827.0298,0.0024048907,1140.883,812.71594,0.002752497,1208.779,869.11194,0.002634439
62,3,922.4622802734375,404.6535186767578,55.66864013671875,2.9931958216972925,893.9468,411.56824,0.7564856,911.0574,430.4338,0.7405296,920.3402,418.74954,0.19029881,946.83887,426.7072,0.5276331,954.3721,415.45056,0.036914717,924.1157,431.4362,0.058121543,929.2473,426.78854,0.016356055,889.8544,415.21603,0.034910746,922.2018,416.25323,0.020903999,894.41327,426.08093,0.04314535
62,7,843.1737670898438,272.25537300109863,22.988983154296875,1.0861914580614773,836.16113,277.70813,0.68523836,836.82446,280.45105,0.6883845,844.41797,277.0607,0.4233518,849.4829,279.69467,0.5828942,852.6946,276.58505,0.06692851,844.5581,283.71045,0.079802245,852.2507,281.15686,0.04893457,834.4852,275.49133,0.07431264,857.0928,269.75327,0.0453241,829.9858,279.32407,0.05803803
62,22,1406.9618225097656,484.84365463256836,220.503662109375,4.080790747553989,1460.6628,525.6,0.5960147,1345.4755,500.2798,0.485946,1412.0394,532.19415,0.40542784,1309.0376,497.1182,0.47024715,1299.4098,489.02307,0.019456321,1448.4033,552.52454,0.017515678,1385.1586,527.49457,0.0018844419,1450.5829,501.86234,0.0088687185,1425.4126,512.2932,0.0033250055,1392.1506,530.40125,0.00296916
62,32,802.1479797363281,207.44016551971436,12.79229736328125,0.3176903731381557,806.9328,211.54922,0.64560956,802.83124,211.186,0.6335108,798.5558,211.06702,0.5241091,797.8607,211.39642,0.5960812,796.88104,209.9303,0.06642264,802.64374,214.82605,0.06699094,806.6578,208.25258,0.048919573,798.88916,205.98125,0.061593335,804.62585,204.52538,0.039880767,781.478,213.03795,0.050905652
63,1,1158.1034545898438,481.6673355102539,116.03384399414062,2.3829487850232,1107.4037,491.58707,0.76875764,1148.1708,526.16296,0.6432301,1142.5803,493.79114,0.2011263,1206.7732,518.68994,0.32099608,1215.2928,552.7556,0.02905691,1177.762,527.0928,0.009167374,1159.6116,507.92438,0.0043123798,1113.4147,505.02264,0.005281096,1149.9019,498.2711,0.0067882086,1140.1461,495.7525,0.0039016218
63,2,1309.1966857910156,828.739912033081,335.73651123046875,2.0126551715156524,1177.358,826.49054,0.6855241,1299.019,905.4997,0.5256172,1161.6346,814.4818,0.21444969,1290.842,903.3292,0.1800845,1379.2454,958.8576,0.015611242,1266.2595,895.2532,0.0065687685,1260.6337,882.4559,0.002561537,1195.8613,841.75525,0.0021884493,1164.4259,830.73096,0.0024462652,1277.0741,877.2398,0.0023774428
63,3,925.0827941894531,408.5822296142578,56.354736328125,2.8443135405618523,897.0405,416.50195,0.84838665,915.08875,434.07962,0.8509905,921.6308,421.6594,0.13020058,952.4672,430.924,0.49318781,972.5038,414.07642,0.019949209,936.2811,438.77533,0.01718546,922.29254,434.9987,0.0054000732,892.1578,421.37274,0.013804345,933.0068,417.1181,0.0061906893,883.4347,424.46466,0.009980583
63,7,843.0352478027344,272.74455642700195,22.7889404296875,1.0828867247451115,835.6009,277.6509,0.6880011,836.7123,280.70963,0.6924596,844.56006,277.19122,0.4196989,850.1882,279.9757,0.5885311,853.7045,276.72232,0.06630527,844.84955,283.88922,0.079732016,852.0425,281.2654,0.049153507,833.73425,275.4446,0.07433021,857.0486,269.76953,0.045198016,830.1377,279.24353,0.05822194
63,22,1379.1706237792969,479.42931747436523,203.79345703125,3.958967802971393,1433.1077,514.69525,0.5933375,1316.2706,494.0355,0.4956475,1390.5023,521.548,0.45176312,1286.9702,489.398,0.48846814,1277.8732,486.38443,0.01820764,1411.0044,544.8385,0.017667595,1354.7399,516.89,0.0019523825,1427.6835,489.18097,0.008265025,1405.2303,502.15,0.004269866,1332.8818,521.9888,0.0033989567
63,32,802.4547729492188,207.60851383209229,12.8426513671875,0.31954614549877836,807.27704,211.54787,0.6449347,803.1184,211.25891,0.6349519,798.86487,211.0447,0.5272929,798.3214,211.50972,0.5987374,797.37506,210.0612,0.06610292,802.95026,214.81009,0.06641559,806.7001,208.26016,0.049035165,799.0657,205.99843,0.0610357,804.75085,204.54663,0.039493814,781.66016,212.96312,0.05073568
64,1,1157.2283935546875,481.9292049407959,114.87222290039062,2.3551080754591442,1108.0787,492.08392,0.7663906,1147.5138,525.8323,0.6478281,1144.7672,494.4392,0.20783904,1207.905,517.73737,0.33026683,1216.8508,551.44855,0.030604342,1177.8197,524.99524,0.009428618,1160.5242,506.67764,0.0045555686,1114.0605,504.5951,0.005441762,1153.5154,499.31506,0.007387931,1141.105,494.90274,0.0041396334
64,2,1340.6993408203125,852.6133918762207,358.8208923339844,2.069987371597359,1189.5258,858.55536,0.5449635,1291.1606,900.9635,0.53908044,1182.2463,844.86847,0.3406365,1292.2589,906.6747,0.23435333,1373.804,955.73126,0.05305322,1308.3636,892.24304,0.025443235,1287.185,895.6252,0.011485861,1197.4558,852.65765,0.0071509467,1205.0908,856.22736,0.010665846,1360.644,883.62494,0.010639939
64,3,928.1356201171875,413.12598609924316,57.419036865234375,2.695081540679427,901.66174,421.47476,0.8079107,917.297,439.5492,0.8214527,925.0662,426.5969,0.15208726,955.76184,436.47675,0.51905113,969.8212,424.447,0.030168483,937.3644,442.04434,0.03291923,928.6952,435.37402,0.010126033,892.6355,423.7896,0.024856478,925.33215,421.00287,0.01262275,890.942,431.51022,0.020802645
64,7,843.0999755859375,273.5329713821411,22.87078857421875,1.099369663258683,834.84973,278.46655,0.6915564,836.5023,281.72076,0.6966492,844.2909,278.11554,0.4156859,850.6628,280.92938,0.59202856,854.4075,277.6138,0.062840834,844.8148,284.95175,0.07422375,851.59973,282.3091,0.045969106,832.6865,276.25845,0.07016784,857.13776,270.5894,0.042020626,829.8075,279.64258,0.053933877
64,22,1355.384765625,471.8687324523926,180.26971435546875,3.7399934807439075,1414.3496,501.29904,0.56011885,1366.4984,487.912,0.43426317,1372.6519,508.36078,0.8116489,1299.3484,484.35406,0.5863404,1299.6337,480.64514,0.017463377,1349.3783,497.3187,0.0053581195,1365.8324,496.18918,0.00564124,1386.3989,491.61447,0.007647825,1389.061,495.20926,0.0032762447,1317.7855,483.84277,0.0028739788
64,32,802.4646606445312,208.01318836212158,12.94830322265625,0.3231933923251435,806.8193,211.75645,0.6436856,802.98694,211.55882,0.63284117,798.69525,211.31227,0.5234839,798.3413,211.72362,0.5971884,797.45703,210.40727,0.06541174,802.7363,215.0994,0.065248795,806.6969,208.57346,0.048125487,798.8014,206.25426,0.060327936,804.66406,204.82051,0.03918645,781.6031,213.0582,0.049785797
65,1,1156.9736938476562,481.9851837158203,114.050537109375,2.3375646250715967,1107.6713,492.721,0.7642302,1147.5979,526.2279,0.64714855,1144.1606,495.2462,0.21258299,1207.1729,517.80835,0.33513165,1217.9722,550.75653,0.030464418,1177.3212,524.8472,0.009344663,1160.5402,507.2345,0.004477032,1113.8442,504.84863,0.0053183767,1153.1201,500.06622,0.0073258886,1142.2734,495.21683,0.00402983
65,3,932.2760925292969,417.246374130249,60.002197265625,2.657272860520553,904.07227,425.30237,0.83658713,921.2532,445.0919,0.8522109,926.6003,430.12863,0.11287928,961.28894,441.5904,0.47998568,977.8867,427.85803,0.027231107,944.04,448.3917,0.02464483,928.6917,440.7159,0.0072791954,895.2585,428.53467,0.019630458,926.4906,424.83835,0.009716406,887.58923,435.54056,0.0143716335
65,7,843.955078125,274.2220973968506,22.699676513671875,1.1039365720139276,835.43335,279.27863,0.69447106,837.5692,282.472,0.7001802,844.75793,278.73184,0.41569695,852.0364,281.61646,0.5948091,855.4923,278.50882,0.061157804,845.9208,285.8517,0.07041226,851.57837,282.9663,0.04424192,832.80927,276.80167,0.06758672,857.0177,271.0811,0.040306684,829.8341,280.03558,0.05090541
65,22,1336.7053527832031,465.4002227783203,166.9757080078125,3.651767145975786,1402.1666,498.0955,0.6253452,1310.6556,479.83105,0.52868634,1350.1748,504.71365,0.36209434,1267.4498,478.01892,0.45174974,1269.5073,468.9903,0.02261319,1385.7024,528.28534,0.016996793,1337.3192,498.42743,0.0019451662,1389.8568,475.658,0.009302443,1357.0742,491.96317,0.0042147934,1340.0847,505.11777,0.0030750863
65,32,802.0960693359375,208.4500880241394,13.151458740234375,0.32903508573564305,805.9268,212.19586,0.6451081,802.6188,212.04596,0.6337424,797.9786,211.80525,0.51790196,797.85706,212.07722,0.5986214,796.6824,210.96976,0.065995984,802.47235,215.65724,0.065948166,806.5534,208.94817,0.04845617,797.8417,206.59964,0.061576046,804.0271,205.04198,0.04006411,781.396,213.38062,0.04974602
65,8,855.0609741210938,246.83766174316406,19.4044189453125,0.6873796554552569,860.8285,252.35945,0.6446761,854.48785,250.36046,0.5922412,850.9418,252.40076,0.56906635,849.8311,250.31503,0.55100834,853.4569,245.38289,0.053783525,852.0452,254.6138,0.045322254,855.8539,251.08308,0.03748061,858.8223,248.72849,0.038693953,860.4168,250.09985,0.026596392,829.8616,256.36777,0.037668
66,1,1156.5401000976562,482.69143295288086,114.56973266601562,2.343535506911093,1107.192,493.55786,0.7585583,1146.8268,527.38873,0.6428994,1143.3242,496.42957,0.21610776,1205.4615,518.5185,0.34043542,1217.55,550.03326,0.030405225,1177.1564,524.338,0.00924109,1159.5326,508.42664,0.0044025616,1113.0045,505.36386,0.0051021753,1152.8453,501.077,0.0070511913,1144.2372,495.0531,0.0038408707
66,3,935.7041015625,422.18646240234375,63.154541015625,2.625176824671023,908.40436,431.11353,0.7850523,926.3916,450.3887,0.80656254,930.6001,436.42618,0.15600212,965.1101,446.96857,0.5093214,975.9075,436.90924,0.033434115,945.10034,452.14725,0.03575324,934.16797,442.6053,0.010712641,897.7926,432.28732,0.02619121,918.8706,431.26532,0.013991082,894.7846,443.1683,0.024135638
66,7,844.4835205078125,274.7127742767334,22.41064453125,1.0979191402918649,836.025,279.33142,0.6946099,838.48584,282.52426,0.7012425,845.4634,278.9651,0.41965768,852.60144,281.83118,0.60060215,856.08386,278.534,0.060177054,846.5246,285.9518,0.06918601,851.60547,282.9119,0.044264812,833.3544,276.858,0.066452,856.97076,271.23364,0.03957017,830.46484,279.96176,0.050345242
66,22,1318.4446105957031,459.62462425231934,151.32293701171875,3.48155142752969,1379.9341,490.6291,0.6049303,1330.8661,480.52118,0.4664177,1340.4862,496.5313,0.7865244,1269.9817,475.76367,0.6375201,1278.5745,476.03165,0.019610487,1320.2734,485.7889,0.0052760635,1333.8488,484.6555,0.007693142,1348.4846,478.79733,0.009111729,1367.1641,483.86322,0.004087371,1291.8824,468.72348,0.0035406137
66,32,801.3869018554688,208.69747352600098,13.569122314453125,0.3399315200095292,805.2006,212.20645,0.6484657,802.56866,212.34438,0.6371437,797.2749,211.95361,0.5060433,797.00146,212.23549,0.59631014,795.4828,211.17917,0.06493952,801.849,215.92896,0.06613412,806.57684,209.18777,0.047778104,797.1062,206.8937,0.061176572,803.8572,205.01321,0.0398719,781.2644,213.3048,0.04919076
66,8,854.0079345703125,246.41442203521729,19.398101806640625,0.6824811950402156,859.05225,251.77098,0.6477084,853.9983,249.96379,0.6009032,851.15936,251.91034,0.56848156,850.6665,250.19456,0.563384,854.7529,245.04178,0.052538715,851.90894,254.43617,0.046206508,856.37024,251.13495,0.037901293,858.07104,248.7051,0.03857935,860.9471,249.25262,0.02663698,830.7656,256.2793,0.038214106
67,1,1157.296875,482.7385540008545,115.42153930664062,2.361334537976353,1107.9392,493.45413,0.7558203,1144.8805,528.28076,0.63919806,1141.463,497.24283,0.21979064,1200.8773,519.07214,0.34692892,1214.9385,548.5497,0.02914405,1177.3235,524.54504,0.009298936,1157.6143,509.90933,0.0044053025,1112.3274,505.6505,0.004946967,1150.72,501.42853,0.0066510476,1146.8287,494.65247,0.0036563324
67,3,938.7800903320312,426.2478847503662,62.975738525390625,2.4881623511293776,910.8122,435.51794,0.7989511,927.3803,454.65018,0.8248142,932.4741,439.6098,0.1375222,967.2706,450.9508,0.48933077,980.62115,441.43683,0.03145289,948.6798,456.96674,0.027869307,934.9096,446.8027,0.008563147,899.9273,436.17523,0.022982012,921.42737,433.7278,0.011874334,892.3153,446.45184,0.017520512
67,7,844.8107299804688,275.01759338378906,22.075103759765625,1.087607554730546,835.87994,279.99753,0.69443125,838.5789,283.18066,0.7040281,845.0107,279.56714,0.41894877,852.5603,282.54852,0.60325974,855.4823,279.43936,0.059628733,846.3237,286.65314,0.06826832,851.1656,283.44522,0.04435711,833.03174,277.48248,0.066293836,856.5653,271.77118,0.039328657,830.60144,280.36862,0.04932206
67,22,1301.1647644042969,456.2939643859863,143.1895751953125,3.3923157047498806,1362.5276,482.86365,0.6321487,1310.5286,476.3783,0.51320475,1320.3203,490.2285,0.69654113,1248.247,471.3311,0.6209739,1255.9634,472.5728,0.0126738185,1295.1111,483.00403,0.0029792744,1309.0571,475.17126,0.003996966,1330.7288,471.53064,0.005065787,1337.5312,480.19556,0.0021016493,1267.5929,464.24896,0.0017989632
67,32,801.2051696777344,208.59698724746704,13.76275634765625,0.34447027490626925,804.9894,212.33377,0.6487058,802.6028,212.46606,0.6382078,797.0608,212.04193,0.50547874,796.9387,212.34851,0.5974129,795.2186,211.39139,0.06456789,801.79224,216.08217,0.06595314,806.6327,209.27425,0.047534153,796.7913,207.01556,0.06107213,803.6611,204.98935,0.03972927,781.2422,213.37224,0.048813038
67,8,854.0615844726562,246.33565521240234,19.377227783203125,0.6814646769080462,859.35114,252.18271,0.64941853,854.3561,250.32011,0.6045545,851.42487,252.25478,0.5694418,850.93634,250.60434,0.56491214,855.1423,245.50443,0.051752627,852.2767,254.86359,0.044932276,856.3622,251.49622,0.03718096,858.13086,249.13907,0.037949346,861.08044,249.45113,0.025992176,830.85474,256.45816,0.037016008
68,1,1158.825439453125,482.07252502441406,115.9954833984375,2.3789629365742813,1108.0004,492.8774,0.7624229,1143.9944,528.44543,0.64463216,1141.6304,496.69318,0.21586369,1202.6357,519.0142,0.34234357,1214.73,550.0166,0.027759964,1178.2242,525.0567,0.008992404,1158.1885,509.783,0.0042873365,1112.006,506.33163,0.0048319683,1152.0459,501.00134,0.006442829,1146.2771,494.50018,0.0035617186
68,3,943.4691467285156,429.9005126953125,63.43597412109375,2.3701398246006917,910.8927,438.09338,0.80365616,929.22314,460.79306,0.76766723,935.89343,447.29117,0.1218079,973.5552,455.4171,0.45565483,979.28955,440.1571,0.033334203,947.1224,461.17322,0.048696306,947.4717,457.4185,0.011202735,906.5319,440.73785,0.029472552,946.04663,448.8639,0.01627292,912.87396,456.44974,0.034507442
68,7,845.3414611816406,274.4659938812256,22.494140625,1.1001631892351706,836.612,279.89157,0.69794,839.0333,283.2796,0.70591563,844.8015,279.58322,0.41981763,852.6814,282.41153,0.60692143,855.43896,279.34015,0.061801504,847.0135,286.49673,0.07138036,850.76495,283.28656,0.047451667,833.1018,277.26758,0.06894183,856.2395,271.9755,0.04144995,830.8149,280.15378,0.05197239
68,22,1289.4375915527344,449.26329803466797,132.46636962890625,3.3237556943230784,1349.5652,477.0957,0.6868551,1307.1599,469.33337,0.5097414,1302.8928,482.1184,0.6813955,1237.888,462.00745,0.5699272,1246.2119,462.736,0.022791106,1290.7634,472.02118,0.008020568,1300.7621,470.93454,0.012283459,1315.8661,468.268,0.011690993,1335.3917,472.41064,0.0055762012,1270.3883,453.89938,0.005843447
68,32,801.6200866699219,207.63019466400146,13.449462890625,0.3345491979869363,805.5266,211.46648,0.645378,802.5946,211.42859,0.62984025,797.82214,211.21349,0.516364,797.56934,211.4411,0.59641486,796.8748,209.9737,0.064697534,802.02045,215.01901,0.065919034,806.9835,208.4589,0.048079506,798.01697,206.1244,0.060024094,804.5531,204.72368,0.039488256,781.3589,213.1045,0.050240558
68,8,853.6942749023438,244.5750274658203,18.7196044921875,0.64617859080989,857.93005,250.67705,0.64380217,851.8729,249.32205,0.60416645,850.73816,250.56578,0.5577111,849.16095,249.44,0.5611798,853.33887,244.82274,0.05762732,851.222,253.34312,0.05228371,856.6981,250.1952,0.04261299,857.0733,247.37119,0.04447097,861.6905,247.44696,0.030699056,830.46936,255.35678,0.04309008
69,1,1158.592529296875,481.84119415283203,116.71234130859375,2.3959379855037053,1108.3864,494.65997,0.7620613,1149.9397,528.2527,0.6749619,1137.6941,496.5406,0.1982011,1200.0986,520.10614,0.32688522,1194.2854,556.94305,0.027791275,1138.4877,536.705,0.007909473,1155.7726,501.84384,0.0022261147,1125.0208,505.54633,0.0051681306,1142.5944,503.689,0.007606057,1089.1658,497.89282,0.002641433
69,3,947.1016845703125,433.2172164916992,65.33834838867188,2.34443775308609,917.5349,443.0167,0.8236005,933.6787,464.27417,0.8114259,944.7299,450.74033,0.124040045,979.43677,459.64954,0.48954853,993.4204,445.66937,0.026349891,955.34924,465.78568,0.034747593,950.4827,460.6469,0.007749319,908.1647,446.4272,0.022790132,948.2516,447.58707,0.01131114,912.01556,456.77423,0.022003587
69,7,845.5897521972656,274.04051399230957,22.83929443359375,1.1108931351070626,837.21704,279.36185,0.70171237,839.63354,282.81845,0.7059781,845.1432,279.0597,0.41770065,853.4769,281.74628,0.6033813,856.33826,278.4655,0.06383997,847.9037,286.00266,0.07428562,851.1744,282.78598,0.048464634,833.3439,276.76324,0.07030629,855.89703,271.57956,0.04292611,830.7131,279.8619,0.054208353
69,22,1275.5394287109375,443.2991123199463,126.24911499023438,3.3586856831602634,1331.177,467.62595,0.71236503,1286.6823,466.60385,0.5949264,1285.9163,475.09882,0.55576664,1222.0525,459.63687,0.5886207,1228.5728,460.36542,0.013732636,1264.6521,469.56934,0.004316725,1278.6031,463.67352,0.0059250956,1301.4387,460.6389,0.0057943133,1312.3688,471.19952,0.0028349939,1246.5792,451.4406,0.002647947
69,32,801.9299926757812,206.73669719696045,13.006072998046875,0.3212989085242223,806.39856,210.53305,0.6452022,803.0587,210.48666,0.6277919,798.6714,210.29286,0.5229102,798.1289,210.51353,0.59694946,797.90607,208.65208,0.064823195,802.5065,214.00621,0.06704169,807.5096,207.64441,0.04897391,799.17334,205.27512,0.059428316,805.2153,204.18755,0.03936076,781.7324,212.61632,0.051935762
69,8,853.6259765625,243.9847011566162,18.487518310546875,0.6337835575024106,858.87195,250.40385,0.64397293,852.24884,248.79636,0.60224146,850.92944,250.12527,0.5623697,849.0558,248.93867,0.5575195,853.2753,244.29846,0.0575435,851.33923,252.90173,0.052169815,856.67456,249.8066,0.042219874,857.80176,247.04172,0.043855615,861.9875,247.19766,0.030266423,830.3646,255.018,0.04324452
70,1,1158.5613098144531,481.37389755249023,116.80609130859375,2.405579328279373,1107.7386,494.3052,0.7629961,1149.3154,527.5211,0.67288554,1135.6605,496.02786,0.20021465,1198.3054,519.1905,0.32833478,1194.0349,555.2827,0.02792539,1139.5566,535.9095,0.00815876,1155.6962,502.11978,0.0022834006,1124.0212,504.8834,0.0052493857,1141.716,502.7823,0.0076462035,1090.4623,497.14606,0.0027025293
70,3,951.3169555664062,437.2099914550781,69.51434326171875,2.3692995282522404,918.4598,448.2201,0.8756564,939.81903,469.61322,0.8921697,943.94434,450.19608,0.0686899,983.2252,465.61734,0.36411855,1012.3491,446.71484,0.005843021,964.1725,476.24457,0.0017585903,942.4613,473.4796,0.0006079899,919.00183,453.12723,0.0021441174,974.36707,449.224,0.000693272,886.28076,452.95306,0.0009299208
70,7,845.4797973632812,273.72480297088623,23.029266357421875,1.118741975726905,836.2468,279.52707,0.7043921,838.94727,282.98743,0.70553434,844.70215,279.1213,0.4115267,853.2178,281.85385,0.59900874,856.59204,278.37778,0.062147986,847.3861,286.26196,0.071717754,851.17053,283.25635,0.045799337,832.3069,277.03137,0.06776852,856.36084,271.5974,0.04127466,829.91956,279.71722,0.05218612
70,22,1260.9108581542969,437.83286476135254,119.15643310546875,3.3750146320937153,1312.127,463.38577,0.70121205,1276.3772,458.86502,0.5746899,1270.4417,469.14813,0.6127955,1220.9075,452.66327,0.5692423,1227.6213,452.12094,0.02503156,1262.0908,460.7567,0.010914819,1266.6816,459.75055,0.016379861,1285.2454,457.48764,0.01373905,1301.8788,462.8099,0.0062762015,1249.6869,446.1978,0.008304139
70,8,853.8162231445312,243.66850090026855,18.248748779296875,0.62351767392434,859.1161,249.91498,0.6433444,851.7402,248.36107,0.6021091,851.19885,249.69026,0.56654596,848.9705,248.4204,0.5600666,853.2899,244.08102,0.05964871,851.2308,252.29358,0.054857712,856.53094,249.34082,0.044037197,857.7716,246.53104,0.045977537,862.0637,246.61241,0.031983502,830.68726,254.3467,0.045704562
71,1,1158.5802612304688,480.3386764526367,116.89828491210938,2.4170306457566917,1108.8046,494.51227,0.76234525,1147.7472,527.29285,0.67142546,1135.6609,496.25198,0.20389998,1198.0499,518.05786,0.33465186,1192.2065,553.78503,0.028221864,1141.6924,535.3587,0.008412385,1155.7006,502.17297,0.0023339842,1124.3395,504.86392,0.0053462926,1143.9089,502.39813,0.007707611,1092.2278,495.7194,0.0027432004
71,3,956.5131225585938,440.6285591125488,73.81704711914062,2.391314818187266,921.971,450.74475,0.86013556,946.3103,474.91302,0.88990223,945.6079,453.07733,0.05155013,988.2648,470.68237,0.31389096,1016.9496,452.53284,0.005865069,969.5637,480.2901,0.0013085484,947.28937,475.06302,0.0005451433,925.31665,455.6943,0.0018485095,973.88416,452.41238,0.0006490521,885.6633,456.61334,0.0007065752
71,7,845.4743041992188,272.76912117004395,22.911346435546875,1.097804923413886,835.9173,278.22,0.7012866,837.86664,281.83313,0.7011658,845.47876,277.95688,0.4175811,853.59314,280.47888,0.5973891,857.79016,276.9897,0.06296055,847.3213,284.8315,0.073620945,851.5527,282.31042,0.04536207,832.47253,275.64206,0.06843826,856.8053,270.6349,0.041158307,829.74194,279.04642,0.054414064
71,22,1245.434326171875,432.7822093963623,118.88516235351562,3.5410968070623565,1295.8645,457.59482,0.71962076,1259.273,453.21802,0.58618504,1250.0499,463.72015,0.59863716,1197.5211,445.75537,0.57872707,1203.6599,445.34418,0.0137622915,1242.3547,456.86246,0.004145805,1248.7211,451.2064,0.006000825,1262.821,448.1425,0.006112808,1278.0297,456.74216,0.0024014122,1219.3652,438.96536,0.0027515094
71,8,852.8054809570312,241.97482109069824,17.602935791015625,0.594664341252399,858.33344,248.59277,0.66351646,855.7253,246.59474,0.65986484,849.4314,248.45401,0.5405331,848.8643,246.83867,0.60681665,846.4198,245.05762,0.04515551,852.4999,252.19525,0.033395365,852.4682,244.25468,0.029030912,851.4247,242.56079,0.03586812,852.20764,241.58194,0.020006334,831.36255,247.89392,0.023959715
72,1,1157.606689453125,480.24304389953613,116.41763305664062,2.408857740774824,1109.821,494.07248,0.76145524,1146.9128,526.8518,0.67168003,1135.2205,495.8166,0.20603968,1196.9835,517.42725,0.3388245,1190.2703,552.17126,0.028539604,1142.251,534.84985,0.008798808,1156.008,502.026,0.0024374712,1124.094,504.64618,0.0055389223,1143.7731,502.05334,0.007897897,1093.5693,494.5005,0.0028175132
72,3,959.6893615722656,444.40813064575195,73.74224853515625,2.296220431882402,927.1499,454.9647,0.7990696,947.3872,478.403,0.82447666,951.1747,461.12097,0.11414362,993.4601,474.83978,0.46920592,1004.11475,462.75186,0.02400364,967.87854,479.2076,0.02718434,957.0813,469.62292,0.006545618,915.90765,456.89026,0.019238675,942.58136,458.76486,0.008943477,915.60077,470.22012,0.018185942
72,7,845.4957275390625,272.5001449584961,22.765228271484375,1.0836580113485548,835.54193,277.17093,0.7014729,837.73035,280.77808,0.6979419,846.40466,277.02286,0.41543466,854.0952,279.56033,0.5924254,859.09265,275.42435,0.0633106,847.7047,283.92365,0.07387495,852.2533,281.74762,0.044619586,833.0722,274.71832,0.067662075,857.86414,269.85358,0.040739186,829.59827,278.82895,0.055132296
72,22,1233.1248779296875,426.65348625183105,114.91159057617188,3.655082849205685,1284.8563,451.04834,0.6949332,1248.2317,445.64285,0.56554955,1240.0681,456.3759,0.60919774,1191.022,439.85242,0.5537829,1196.4736,437.84058,0.02052138,1233.3865,448.77988,0.009546018,1240.7505,446.1685,0.012808257,1255.1862,444.80368,0.01118987,1274.4934,448.53284,0.0046292194,1219.3129,433.18167,0.006997726
72,8,852.7611694335938,241.43820762634277,16.612152099609375,0.5583972634781524,858.7822,247.09639,0.6564041,855.4202,245.26941,0.64831233,850.23047,247.03804,0.5472636,849.4419,245.44211,0.6017363,848.06433,243.4735,0.0467569,852.35175,250.49274,0.035388056,853.0867,242.75798,0.03013233,852.32104,241.1586,0.03679714,852.62024,240.66556,0.021071382,830.9794,246.95946,0.02618209
73,1,1157.5940551757812,480.253137588501,116.21731567382812,2.4059246435479658,1110.5671,492.83218,0.76965535,1145.7214,526.2421,0.68344074,1134.3485,494.17392,0.20270886,1196.679,516.54297,0.33481026,1188.1805,552.31366,0.028026382,1142.595,533.70374,0.008835362,1155.8995,500.34988,0.0025343073,1123.8649,503.94608,0.005626411,1144.4731,501.21558,0.008132951,1094.1786,493.86304,0.0029695595
73,3,962.9820556640625,448.7267875671387,75.7415771484375,2.2603614902932883,928.04675,459.01706,0.82117057,949.814,483.14926,0.8484678,951.2656,464.67532,0.089257024,998.0089,479.2323,0.4414251,1012.1347,466.45145,0.021518316,974.0907,484.36298,0.020243699,958.32654,473.69434,0.0047926283,915.7227,460.63596,0.015796743,943.2933,461.23297,0.007057196,911.833,473.85013,0.012401233
73,7,846.114990234375,272.6792049407959,22.83563232421875,1.0886047026977945,835.6033,277.04642,0.70483196,837.6615,280.83936,0.7020098,846.48755,276.98624,0.41286623,854.47974,279.53946,0.59246606,859.73975,275.25668,0.06355346,848.21924,283.87546,0.07385962,851.93616,281.81396,0.044361457,832.93854,274.51694,0.06783073,857.8339,269.99756,0.04032786,829.49414,278.87204,0.05510711
73,22,1221.778564453125,422.2657699584961,112.33493041992188,3.7655541049060584,1270.7397,445.30463,0.6983472,1235.9636,440.65744,0.5793595,1231.1597,450.0911,0.61338216,1178.5311,435.14166,0.56872857,1184.1154,434.3974,0.025741797,1218.5342,443.19476,0.011973813,1227.8599,443.6954,0.015938586,1246.7517,440.18726,0.014365272,1263.8567,444.4238,0.007716324,1204.1635,427.93826,0.008324379
73,8,851.8893127441406,241.29161739349365,16.59228515625,0.556915854866422,857.03186,247.10754,0.6628873,853.65344,245.30278,0.6574442,848.7244,246.91911,0.5404718,847.9083,245.46758,0.6046892,846.57227,244.06491,0.04873652,851.5948,250.35413,0.03753093,852.0033,243.28409,0.03210879,850.0718,241.31044,0.040150866,853.21436,239.91739,0.022849444,831.27155,246.26343,0.027410123
74,1,1158.8987731933594,479.67136001586914,117.075439453125,2.4332823391046086,1107.6414,489.8323,0.8055234,1143.8994,524.10785,0.6852326,1135.228,486.25467,0.18196216,1212.6453,515.6256,0.27091107,1199.5315,565.6526,0.03775023,1189.4762,534.6971,0.024189545,1172.934,502.44925,0.015043201,1113.6165,506.7074,0.01106216,1153.3748,495.39114,0.017474696,1123.3982,498.1713,0.016242826
74,3,968.1014099121094,453.37699127197266,79.22607421875,2.261751984353598,930.90283,464.29733,0.8385474,954.4076,489.412,0.86613506,953.50134,469.7541,0.07062731,1004.09674,484.44275,0.40528792,1022.7911,471.69162,0.020150634,982.77264,490.9595,0.01397489,960.20605,479.4348,0.003418713,918.3118,466.09485,0.012541933,944.5834,465.03156,0.0055931997,908.00885,478.13965,0.007997927
74,7,847.1540222167969,272.8091354370117,23.4364013671875,1.1186317021391528,836.2079,276.87863,0.70801795,838.2063,280.70023,0.70249027,847.0384,276.76846,0.4098816,855.423,279.27332,0.58576566,860.9459,274.72165,0.06213255,849.00165,283.83612,0.07093229,852.15454,281.8803,0.041631438,833.6681,274.3039,0.06470306,858.0907,270.2092,0.038072944,829.09814,279.122,0.052807175
74,22,1211.824951171875,417.8877353668213,106.98641967773438,3.770533344346199,1260.8973,441.67734,0.72930104,1228.2335,437.93854,0.5994415,1220.3044,446.4902,0.53888863,1172.2891,432.49536,0.52720714,1178.0371,430.30966,0.031581268,1213.8076,440.4408,0.020657865,1221.3282,441.86487,0.02256685,1235.2583,439.39383,0.021206293,1258.7399,438.94205,0.011350953,1201.3386,425.1228,0.014107543
74,8,850.970947265625,240.939471244812,17.6055908203125,0.5893665098165956,856.4375,246.92422,0.66876405,852.91724,244.97414,0.66329885,847.7254,246.74335,0.54206955,846.26685,245.16986,0.6133616,844.5305,244.11563,0.050368972,851.0854,249.96362,0.040025532,851.41675,243.27621,0.034697834,848.66174,241.15857,0.043303363,853.58765,239.27988,0.024713315,832.0237,245.57791,0.028859653
75,1,1159.3619384765625,479.45923805236816,118.30645751953125,2.4647148118828732,1107.8364,488.801,0.80263233,1144.3317,523.49243,0.68213207,1134.7957,485.9345,0.18421464,1211.2319,515.14185,0.2756385,1199.9928,564.4899,0.039638102,1188.5254,533.9637,0.025772188,1171.8992,501.22382,0.016259992,1113.7394,505.19455,0.011605651,1151.5767,494.6336,0.01868325,1122.5684,497.42816,0.017425438
75,3,973.8652954101562,459.18910217285156,81.05996704101562,2.1923504865640164,935.8784,468.48337,0.8274742,957.3013,496.40802,0.8767314,954.2678,473.9317,0.054094,1002.6655,490.55008,0.36559278,1020.0875,479.58875,0.02188233,983.522,496.99213,0.012453724,960.6538,483.9062,0.0036367713,927.65845,471.26495,0.012224014,946.1629,470.63593,0.0058308737,906.7528,483.5621,0.0067853862
75,7,847.8988037109375,272.731990814209,24.266876220703125,1.156744888355268,836.17126,276.50836,0.71315706,838.98804,280.2279,0.6998828,847.10547,276.24078,0.4001667,856.5895,278.74304,0.5732134,862.46545,273.35452,0.060053546,849.9084,283.70383,0.06744465,852.7814,281.78674,0.03796074,834.1587,273.80832,0.06018173,858.243,270.3843,0.035302017,828.04816,279.65442,0.0500029
75,22,1200.2260437011719,414.02210998535156,98.6839599609375,3.659734980197233,1244.4807,434.64264,0.7460229,1215.6587,435.13544,0.62601316,1203.7228,441.2777,0.5083631,1157.2173,427.4265,0.5685714,1159.4553,427.89905,0.010640552,1189.131,438.9951,0.0038243274,1196.5453,428.67728,0.0032883328,1214.312,426.72247,0.0042870073,1206.1909,439.4976,0.002186218,1158.1382,423.6827,0.002135592
75,8,850.29638671875,240.38583755493164,18.489715576171875,0.6162975962399083,856.3247,246.18874,0.67247266,852.8646,244.41151,0.6654716,847.6343,246.22478,0.54026043,845.7212,244.58432,0.6204893,843.615,243.43288,0.052646585,850.9746,249.29625,0.043848705,851.5307,242.77336,0.038153224,848.2004,240.62186,0.046670202,853.73145,238.68144,0.027312798,832.8246,244.92882,0.03140843
76,1,1160.0894165039062,478.00657081604004,118.93661499023438,2.4902457074036004,1108.518,486.88965,0.80219334,1144.6031,522.17584,0.6801479,1133.8545,484.24097,0.1818341,1209.8302,514.5403,0.27079213,1198.1238,563.7449,0.039427284,1187.8416,533.85114,0.026755396,1172.1532,499.8831,0.016720077,1113.9386,503.9764,0.011849558,1148.949,492.83496,0.018723147,1121.9834,496.5211,0.017679617
76,3,978.1627807617188,463.4259796142578,84.95947265625,2.2046410949324278,937.9623,473.2863,0.87577623,962.40564,501.76355,0.8918577,961.5696,480.81644,0.05096511,1016.32556,497.38367,0.40868226,1032.669,477.49915,0.016274728,991.7168,503.33405,0.01786324,972.1917,494.72058,0.0031617759,923.62573,477.5488,0.0122804865,969.3508,479.28156,0.0047047627,924.79785,489.1312,0.009605128
76,7,848.496826171875,272.483304977417,25.557403564453125,1.217032621630157,834.41766,276.36578,0.7213739,838.34436,280.14307,0.7021616,846.6883,276.13013,0.38859197,857.48157,278.597,0.5671385,864.2298,272.16595,0.05770057,850.32074,283.94736,0.064210385,852.6688,282.30765,0.03479768,833.0257,273.50833,0.056840263,858.68713,270.67694,0.032593608,826.7777,280.3161,0.047373164
76,22,1189.8240966796875,409.255313873291,94.88223266601562,3.7827729329116457,1231.7657,430.32462,0.73689836,1203.9772,425.9228,0.60107476,1191.3489,434.172,0.5436604,1151.2703,419.87244,0.52089715,1155.7948,418.19672,0.033228356,1189.0277,427.8921,0.021679945,1194.4413,428.76074,0.023731206,1205.8123,427.0595,0.022338606,1228.0825,426.70935,0.011967502,1178.0859,412.55276,0.015532276
76,8,850.9572143554688,239.3639030456543,18.973480224609375,0.6278935288391281,856.9151,245.34843,0.6718693,853.9033,243.37239,0.65893143,848.42413,245.52751,0.551471,846.7201,243.59239,0.6229416,844.839,242.14322,0.053016044,851.72546,248.25194,0.044794623,852.3466,241.84074,0.038969025,848.5996,239.84305,0.04686977,853.8748,237.96255,0.027998911,833.4435,244.19255,0.032625753
77,1,1160.8766784667969,476.2581481933594,118.875,2.508310098492474,1109.0881,486.0963,0.7988398,1145.6646,520.7603,0.67734516,1134.8264,482.7588,0.18253419,1210.9321,513.1079,0.27038375,1197.135,563.0069,0.041854214,1187.9187,532.42883,0.028680487,1172.6847,498.40396,0.018127276,1115.498,502.6828,0.012821993,1150.8469,491.43555,0.020372793,1121.2822,495.36642,0.019334415
77,3,983.635986328125,468.1561088562012,88.58514404296875,2.211686158741845,944.9437,477.68393,0.894482,969.32007,507.49615,0.8972178,974.9983,487.21326,0.04446636,1023.9133,501.95148,0.41034105,1051.3713,477.56693,0.008003728,999.2489,509.36417,0.0094102025,989.3898,506.07883,0.0014312528,933.26294,486.43686,0.0058845184,1004.909,485.7056,0.0019194185,934.2753,491.6771,0.0046920436
77,7,848.6116333007812,271.2216968536377,26.4715576171875,1.2398961244135178,833.6289,274.79022,0.7266852,838.2893,278.79303,0.6982183,846.35284,274.89944,0.37501398,857.8093,277.29895,0.5585421,865.1918,269.47867,0.05878977,850.7327,282.75153,0.06728286,853.02466,281.1457,0.03577024,833.39734,271.79193,0.05750333,859.0294,270.42572,0.03333274,826.3113,280.7055,0.050135564
77,22,1181.6013793945312,403.9774475097656,95.59982299804688,4.149178629665888,1225.127,424.71143,0.71901447,1196.2511,418.29892,0.5722706,1186.6814,428.70236,0.5535625,1144.7953,412.8008,0.4765373,1150.0406,409.78418,0.045462146,1189.3191,421.70837,0.03649214,1194.8191,423.51477,0.030218707,1197.4341,422.1058,0.03744074,1224.0133,415.1344,0.017636102,1174.9299,407.35477,0.025345432
77,8,852.3563232421875,236.84418869018555,18.63336181640625,0.6020680029097734,859.0783,242.66954,0.65952575,854.5918,240.37321,0.6311246,849.6736,242.89304,0.57429785,846.8235,240.59782,0.6148937,847.07043,238.6533,0.053170443,852.2572,245.08604,0.045790806,854.911,238.65941,0.038473397,850.8169,237.11357,0.044961642,855.09283,235.83673,0.028157484,832.01245,242.74385,0.03494201
78,1,1160.4592895507812,475.629301071167,118.65646362304688,2.5118869081509336,1109.0415,485.08014,0.7981128,1146.0986,519.8614,0.6759895,1134.2104,481.53662,0.18152323,1209.9613,512.3505,0.2678948,1195.8801,562.4251,0.042136695,1187.2308,532.0634,0.029660737,1172.2236,497.64334,0.018833183,1115.979,501.70306,0.013051582,1149.5715,490.26547,0.02073102,1120.7301,494.8773,0.01994583
78,3,988.8258361816406,473.854305267334,90.4398193359375,2.1524604434472914,949.1085,482.05893,0.8919184,975.7617,513.31226,0.90812266,978.63293,489.99216,0.03730609,1025.7864,506.635,0.333954,1062.4054,482.0582,0.0029548204,1002.6634,516.13446,0.0012625549,990.48944,514.41223,0.00028011028,946.07385,492.49786,0.0011366047,1021.0469,490.46512,0.000313944,920.34973,492.40265,0.00062252535
78,7,848.4688110351562,270.10806941986084,26.802886962890625,1.2391730527084956,834.59485,273.87674,0.7107657,839.1513,277.59677,0.68208164,847.9594,274.0865,0.39276105,858.1068,276.1908,0.5606868,864.92285,269.0741,0.05929741,850.5009,281.59424,0.06793838,854.81775,279.7383,0.036622323,835.3755,270.85342,0.05725557,859.2909,269.22833,0.03413274,827.1986,280.4051,0.051574666
78,22,1175.5743713378906,399.7030277252197,94.0623779296875,4.307042507546397,1220.2888,420.54468,0.7103845,1187.6064,415.56924,0.5647147,1176.0331,425.96176,0.52515316,1134.1748,410.7781,0.45751256,1141.3662,407.9225,0.023142166,1172.366,419.95593,0.014942622,1180.6925,418.211,0.0131200235,1193.2627,419.77982,0.013455262,1217.2351,415.7491,0.0056155375,1165.4393,402.61896,0.01153234
78,8,850.1158447265625,233.86001014709473,20.426422119140625,0.645117471219219,854.8716,239.81639,0.6579846,849.7092,237.25421,0.6170462,844.6682,239.97333,0.5628376,841.4154,237.48921,0.60257864,842.31506,234.28171,0.059581473,849.077,242.22618,0.05863777,854.92285,236.45622,0.046680856,848.1755,234.35355,0.05429037,856.1616,232.97878,0.035214514,829.32837,241.71269,0.044349864
79,1,1159.82080078125,475.3941078186035,118.40972900390625,2.5144526468354287,1108.1826,484.97916,0.79480773,1145.9904,518.9608,0.67236537,1132.843,481.80258,0.18466395,1208.5427,511.55716,0.2706852,1194.8508,561.1039,0.042637877,1186.6714,531.9177,0.030639816,1171.4397,497.2614,0.019364122,1115.1929,501.39755,0.013241668,1147.5647,489.973,0.02108311,1121.1484,494.73337,0.020184282
79,3,994.4351806640625,479.80020904541016,94.0572509765625,2.137968005112498,953.5104,488.69717,0.8405966,980.7379,521.2249,0.8884478,971.6614,495.70813,0.040324915,1029.4304,515.61084,0.35050434,1045.469,500.0717,0.01745334,1006.00397,520.79675,0.013431356,982.11096,507.01407,0.0029909357,942.8325,493.07242,0.010231218,964.9331,495.92224,0.0045150965,926.71124,507.37622,0.007578288
79,7,848.2738952636719,268.91508293151855,26.77496337890625,1.226295652575452,836.5148,273.76822,0.68687975,841.02264,277.2518,0.7126758,846.9033,273.2403,0.4174266,857.2925,276.34723,0.58575314,861.2357,273.44208,0.04231834,848.48785,281.42142,0.033186104,850.6658,278.40283,0.024137687,837.7161,271.36578,0.037026413,859.0117,266.1804,0.020024812,827.99023,273.58844,0.023782542
79,22,1167.2559814453125,395.9389057159424,89.83941650390625,4.351574091485876,1206.4738,416.13342,0.77276945,1182.5101,412.41476,0.64255744,1164.7114,418.9802,0.45698506,1125.4573,405.6995,0.45202696,1126.4716,402.99124,0.06178445,1173.6189,414.07452,0.06504807,1181.1133,416.19534,0.03691762,1173.9048,412.806,0.05992352,1205.4648,404.6798,0.034140207,1149.5453,398.59436,0.037129562
79,8,849.7197875976562,232.6581916809082,20.62939453125,0.6448478452847811,854.32324,239.55467,0.6600943,849.1107,237.14035,0.61767167,845.96436,239.63545,0.5604292,842.97375,237.10855,0.59135646,845.1295,233.9397,0.05740153,849.229,241.8135,0.05507917,854.975,237.05402,0.042332157,848.5772,234.51262,0.051424608,857.47943,232.84294,0.0326703,829.2625,241.36609,0.041932132
80,1,1159.8099975585938,474.99478912353516,117.73114013671875,2.5082004325918974,1107.4595,483.73386,0.7960558,1146.7334,518.1825,0.67301154,1130.9352,480.02237,0.18029569,1208.3574,510.86823,0.26425675,1193.834,561.60144,0.04229795,1187.0869,531.83954,0.031348,1171.4929,496.0552,0.019785918,1114.7262,500.1836,0.013266576,1145.8633,488.755,0.021288777,1120.5642,494.28214,0.020698166
80,3,1000.4161376953125,485.40951919555664,96.82571411132812,2.099132877915961,958.88025,491.5613,0.90557855,985.6243,527.5192,0.92300427,987.72144,499.49655,0.020698553,1037.4153,520.81726,0.29651418,1076.6057,496.3044,0.0047231033,1017.692,529.1707,0.0018569203,997.2185,522.672,0.0004272761,952.86194,501.71063,0.0018059871,1020.05115,498.9881,0.00061635184,924.2925,503.35794,0.0009238687
80,7,848.2975158691406,267.837890625,27.0113525390625,1.2265157879582476,835.65216,272.99496,0.7026576,840.41675,276.66745,0.72586274,846.7055,272.23486,0.4059391,857.49976,275.81427,0.5919142,861.9746,272.2133,0.042162366,848.81104,280.97574,0.035057846,849.9073,278.18454,0.02468087,835.86096,270.5133,0.03824014,859.6659,265.2855,0.020293016,827.77454,272.66324,0.024903277
80,22,1160.2604370117188,391.7588052749634,85.32467651367188,4.486403184669708,1201.2825,408.03897,0.7304439,1178.6771,408.50226,0.6259317,1162.5656,415.47125,0.5346216,1123.5887,402.24643,0.5825273,1123.9032,401.3522,0.007877135,1149.6482,413.86002,0.0025849668,1153.492,399.90027,0.002137371,1174.0171,399.73117,0.00280919,1151.5779,415.06943,0.0013287511,1114.3005,401.89343,0.0014546798
80,8,849.4971313476562,231.3338327407837,20.693115234375,0.6398620146081276,853.5029,238.18953,0.6640119,847.7558,236.06146,0.62425756,845.1841,237.80814,0.5429129,843.08435,235.92584,0.57113326,845.6354,232.45784,0.060231213,848.95593,240.53018,0.059002094,854.68054,236.18344,0.043326806,849.3799,233.11005,0.05413878,858.1851,231.85654,0.033906724,828.611,241.38197,0.04499885
81,1,1158.92431640625,475.0280570983887,116.52639770507812,2.4819049707924927,1106.8712,485.1671,0.77304095,1149.9019,520.5455,0.65313566,1143.8953,486.8506,0.18813172,1208.8518,514.3986,0.29745686,1209.589,552.7991,0.03151623,1171.81,525.2942,0.011012278,1160.7368,500.72385,0.005628498,1116.358,501.08966,0.006193187,1147.3635,492.05704,0.008249429,1131.6165,492.22858,0.0052237343
81,3,1006.4534912109375,493.6670322418213,99.34286499023438,2.032346296012203,963.98456,503.32645,0.89822954,991.3898,537.6677,0.9151509,990.8589,511.92697,0.02575165,1051.3875,531.5992,0.33846864,1075.5648,510.46274,0.010768839,1026.1313,538.9633,0.008622747,1001.4603,527.7579,0.0012924032,948.9014,509.1336,0.0067346757,996.7141,509.84552,0.002418246,941.5254,520.69055,0.0041755647
81,7,848.3836669921875,267.3850908279419,27.64178466796875,1.2550284863414414,835.6137,272.44696,0.71426105,840.8252,276.192,0.73528165,847.54944,271.78128,0.40142,858.78467,275.4388,0.59740114,864.208,271.1433,0.04235542,850.31885,280.59726,0.0358375,849.4199,278.08984,0.025044877,835.4445,269.91446,0.03905267,860.19086,264.87338,0.020376956,828.3708,272.08176,0.025529016
81,22,1151.6700439453125,389.5373954772949,81.82369995117188,4.596162156938737,1188.7704,407.12946,0.7539172,1162.817,403.49573,0.6029465,1149.742,411.51508,0.4062185,1115.0618,399.61447,0.39484295,1123.7456,394.68082,0.04069054,1152.608,407.4206,0.045542106,1160.0756,409.33847,0.022056278,1160.7942,410.25964,0.033638816,1192.3611,400.279,0.016437426,1143.4661,390.84814,0.030679949
81,8,849.9310913085938,228.8448371887207,19.178009033203125,0.5816192248444451,856.04956,234.44246,0.66070336,853.40063,232.47896,0.65790945,847.329,233.96872,0.5317893,845.39233,232.29152,0.6106333,841.69507,231.7235,0.049864773,850.7776,237.80443,0.039531138,852.70056,229.96802,0.03351075,847.454,228.13702,0.04325247,851.4293,225.75787,0.024402,831.349,232.37129,0.027679661
82,1,1158.9577331542969,474.99072074890137,116.35784912109375,2.477941312290243,1106.478,485.6256,0.77403563,1148.7328,520.8101,0.6521078,1143.8888,487.27444,0.1872536,1210.1448,514.38196,0.29695928,1209.4592,553.36774,0.030923346,1173.7168,525.56946,0.010752363,1161.0117,501.00195,0.0054103606,1115.6892,501.72,0.0059957276,1148.9609,492.07672,0.007923472,1131.8767,491.90167,0.005023273
82,3,1013.0356750488281,501.4204788208008,102.7459716796875,1.9824937196411465,969.9396,508.61392,0.9139873,999.0674,548.2853,0.92795324,999.88135,519.02124,0.016286846,1054.6694,541.971,0.3102892,1092.8228,512.80615,0.0040752497,1030.1196,548.7853,0.0031791076,1018.32,542.9511,0.0004874627,959.6427,522.4809,0.0020145809,1038.6697,519.9402,0.0006700599,944.79584,524.2344,0.0015201595
82,7,849.2891235351562,268.0364942550659,27.767120361328125,1.2699413223850944,837.0083,273.1364,0.70593166,841.8305,276.7137,0.7299318,848.6339,272.5422,0.40751994,859.19,275.9718,0.5926129,864.5459,272.09348,0.041531254,850.8262,281.16626,0.03316612,850.25256,278.36942,0.02346871,837.54803,270.5505,0.0369903,860.0067,265.62,0.019237082,828.6217,272.94907,0.023592364
82,22,1144.9638061523438,386.18644523620605,79.49533081054688,4.727300023542901,1181.1725,401.6994,0.74174064,1161.8071,399.6164,0.61441404,1144.8943,407.7734,0.5856113,1110.2297,393.36465,0.5982319,1110.9502,391.83786,0.023071004,1139.3898,402.03268,0.012194156,1141.5265,397.2885,0.012150403,1156.4767,396.03085,0.011896954,1152.9293,404.7918,0.0072419047,1117.0272,390.89523,0.008105307
82,8,850.3970031738281,228.15285301208496,18.30010986328125,0.5519360371554726,856.1263,234.54655,0.658637,853.4987,232.42178,0.65406674,847.2537,234.03734,0.5359542,845.17334,232.20398,0.61149514,841.31433,231.74446,0.050366517,850.73694,237.79434,0.039838612,852.7035,229.915,0.033745546,847.40063,228.13918,0.043604486,851.0925,225.80852,0.02472865,831.2078,232.37721,0.027905347
83,1,1159.5,474.8294792175293,116.7513427734375,2.4889871062132363,1106.4149,485.94742,0.7764398,1148.1819,521.2242,0.65221864,1144.2303,487.32767,0.18550165,1211.8706,514.4114,0.29519814,1210.0552,554.1699,0.03001387,1176.1709,525.5738,0.010373515,1161.8074,501.3201,0.005136116,1115.4216,502.21936,0.005780449,1151.2849,491.93436,0.007569504,1132.3743,491.6088,0.0048029786
83,3,1022.161376953125,510.4461421966553,109.73794555664062,2.0042123877698796,976.77155,516.36475,0.7880332,1010.0217,559.6913,0.6801661,1009.7578,512.5514,0.16541587,1073.9916,547.1723,0.28295818,1065.2605,594.5252,0.026517078,1041.8654,557.12115,0.008221629,1022.69116,529.6287,0.0036104356,985.1791,528.9345,0.005325159,1024.8273,524.821,0.006888062,995.0389,522.37225,0.0041537774
83,7,850.242919921875,268.50847721099854,27.788177490234375,1.27717039978386,838.22644,273.61633,0.69856733,842.7039,276.96027,0.72332424,849.5484,272.97516,0.41400838,859.6141,276.16745,0.5882637,864.89856,272.70804,0.041216202,851.34766,281.41583,0.031471055,850.97925,278.37427,0.022488516,838.989,270.83105,0.035817448,859.79456,265.9805,0.018642366,828.733,273.30722,0.022454996
83,22,1138.992919921875,382.843786239624,79.31680297851562,5.088217491830999,1175.021,398.77332,0.7249762,1154.2795,395.80606,0.593841,1140.8511,404.47504,0.6113734,1106.0208,389.93994,0.59990895,1108.2814,389.31506,0.03298505,1136.259,397.37067,0.019879542,1137.7966,395.9374,0.021128796,1151.3242,394.01743,0.019893218,1154.841,399.9898,0.012781882,1117.8583,386.51868,0.01417839
83,8,850.8243713378906,227.75513076782227,18.557373046875,0.5584571588282428,856.26843,234.62126,0.6578385,853.691,232.34155,0.65262663,847.0608,234.14812,0.5410272,844.95056,232.13208,0.61395824,840.87744,231.91841,0.05142684,850.9755,237.69785,0.04036467,852.5117,229.91408,0.034617532,847.2208,228.12549,0.04469448,850.91797,225.76776,0.025479661,831.5173,232.24338,0.028304296
84,1,1159.6858520507812,475.0231132507324,116.65658569335938,2.484371354649284,1107.411,486.47064,0.7777039,1148.0448,521.7238,0.6522591,1145.3287,487.49326,0.18402262,1212.5608,514.7437,0.29429674,1209.8325,554.6529,0.029622655,1177.8884,525.64984,0.010122162,1162.583,502.0001,0.0049388404,1116.2041,502.62744,0.0057444614,1153.6237,492.10144,0.007367151,1133.3689,491.66693,0.0046728277
84,3,1028.8552551269531,518.4205169677734,111.5408935546875,1.9373161012956637,983.7724,525.17017,0.89928377,1014.4386,567.4201,0.92133915,1016.2406,535.5238,0.015567877,1072.0028,560.33203,0.29185998,1113.4269,531.21704,0.0018917287,1041.3657,566.4987,0.0013435129,1041.5428,563.0174,0.00019918085,976.4686,541.02686,0.00082189473,1069.1252,539.0494,0.00023824237,957.69305,541.1988,0.00065257575
84,7,852.104736328125,270.5053539276123,26.47503662109375,1.2407346530202656,838.5393,275.0192,0.703943,844.6687,278.9606,0.6700344,853.5271,275.48108,0.3768285,862.75085,277.76575,0.53910786,871.2356,269.75226,0.050882284,854.259,283.4273,0.050105963,857.4069,281.05103,0.02726697,840.12695,272.14252,0.04353482,861.20306,271.05695,0.026093049,827.0044,280.9538,0.038582243
84,22,1132.41943359375,380.5242977142334,77.80169677734375,5.297072417535397,1167.8772,395.5473,0.7405287,1149.903,394.52832,0.64348954,1132.2114,401.58838,0.5380203,1099.3428,388.69592,0.5895546,1097.9458,387.71555,0.010369713,1124.6167,400.37857,0.0035869346,1126.1342,387.93292,0.003065532,1142.8475,386.8827,0.004110878,1125.4305,399.58307,0.0019530943,1090.9391,388.62704,0.0020063415
84,8,850.0564270019531,230.27865600585938,19.9332275390625,0.6096017173583687,854.2529,237.30283,0.66259766,848.2044,234.97824,0.6186057,845.68195,237.24963,0.55250204,842.42126,234.78706,0.5781848,844.1161,231.36697,0.063158564,849.2921,239.56671,0.06426766,855.21655,234.60176,0.046127617,848.63916,231.88446,0.058094256,856.651,230.61922,0.036256295,829.1812,240.40733,0.049206216
85,1,1160.1582641601562,474.4683723449707,120.21249389648438,2.5546142418226396,1102.7217,484.16882,0.9088339,1149.1024,519.55865,0.9233645,1136.1335,494.22614,0.01994947,1207.222,514.2606,0.3079719,1242.2181,484.01242,0.0043764175,1185.8231,522.2735,0.0030329463,1164.3484,515.51135,0.0004403761,1093.0522,495.11456,0.0024832415,1169.144,489.75784,0.0006779765,1088.8184,500.1141,0.0013750185
85,3,1037.6279296875,527.2701072692871,116.82000732421875,1.931268265686177,989.02277,534.6833,0.82376456,1025.3761,580.9955,0.7093075,1020.6788,528.6907,0.1293998,1087.2039,571.5175,0.22778633,1070.5583,624.40344,0.022477537,1044.4441,586.002,0.0077831796,1041.9187,549.8921,0.0028802017,1002.1906,551.6887,0.005323424,1032.3804,543.1118,0.0064290534,988.53186,546.43805,0.00386356
85,7,853.8134765625,271.10876083374023,26.225189208984375,1.237418695801158,839.092,276.23425,0.7064305,845.6527,280.62106,0.67236876,854.92896,276.62286,0.3538336,864.6224,279.31314,0.5234974,873.91455,270.7361,0.048106965,855.4435,285.24,0.044254147,857.2202,282.55695,0.023876073,840.8679,273.1503,0.03986452,861.6079,272.8261,0.023326917,825.8882,281.84857,0.033841345
85,22,1124.726806640625,377.90050506591797,74.64385986328125,5.401896786231474,1157.3533,396.14572,0.71975803,1138.1719,392.45905,0.6026426,1122.385,399.02066,0.5531822,1094.7589,387.27103,0.5496711,1093.2109,385.8542,0.05506261,1126.2899,394.05835,0.047732588,1130.6759,393.4787,0.045022238,1132.4021,392.0226,0.044848792,1148.8783,390.46515,0.028662,1112.1416,382.30286,0.03388676
85,8,849.8943786621094,230.58617877960205,20.68597412109375,0.633069976356151,853.78296,237.0218,0.66318727,848.23596,234.76093,0.61799824,845.72003,237.18483,0.5496227,842.7372,234.6268,0.57908213,844.41907,230.86487,0.06371573,849.4596,239.48003,0.06541454,855.49915,234.33974,0.04689488,848.7434,231.6386,0.0588192,856.2505,230.64099,0.03682201,829.677,240.67719,0.050166126
85,43,846.9891357421875,227.9805393218994,20.756103515625,0.6249747402767747,852.1139,234.89268,0.6618811,850.63055,232.67538,0.65457034,843.3598,234.62894,0.52672243,841.7254,232.39081,0.6094053,838.28784,231.93054,0.05006568,848.7959,238.1977,0.04048829,851.1216,230.8193,0.033556003,843.516,228.72531,0.04536851,850.41003,225.76439,0.025002025,829.78546,232.63995,0.027785813
86,1,1160.3625183105469,473.78272247314453,121.34014892578125,2.577226160336572,1103.4186,483.2931,0.9022606,1150.1167,519.316,0.9232691,1134.8204,493.0528,0.019736622,1205.8601,514.49493,0.30929297,1238.5215,484.23294,0.0045952876,1184.4325,521.93744,0.0033851373,1164.4309,514.52167,0.00051179226,1094.8573,494.83765,0.0026020526,1167.8383,489.87424,0.00073504413,1089.6538,500.3146,0.0015494366
86,3,1046.5897521972656,536.4347648620605,122.9827880859375,1.9246447395390125,995.2855,538.8401,0.8144275,1032.1244,591.72864,0.6899045,1001.4736,528.34875,0.1234151,1087.663,581.94775,0.17827603,1040.2919,656.62787,0.038363986,1052.8682,606.2902,0.046143923,1050.1082,553.5485,0.027483944,1008.17236,558.2426,0.01594282,1028.9132,554.30786,0.03155611,963.28723,563.18164,0.033274617
86,7,854.5669555664062,271.097225189209,26.37103271484375,1.2475685846870141,839.7964,276.08817,0.7082294,846.30676,280.74707,0.67828375,855.68494,276.50784,0.3534201,865.25,279.40195,0.5293301,874.6913,271.25986,0.048712455,856.2158,285.22165,0.04499672,857.6808,282.38507,0.024346014,841.0995,273.22546,0.040303424,861.5609,272.24704,0.023902938,826.4263,281.4958,0.034336343
86,22,1118.99267578125,374.4611577987671,70.55538940429688,5.6520507366057275,1151.4819,391.52313,0.7322961,1131.4384,388.05505,0.61954594,1116.8275,393.95288,0.5051611,1088.7885,383.12122,0.5062397,1088.6116,381.3457,0.06233842,1123.0874,390.14935,0.064770445,1130.7305,389.76578,0.04532415,1125.1774,388.13843,0.058244023,1149.604,381.97318,0.035734333,1106.8076,377.4649,0.042974297
86,43,846.7911987304688,226.8440980911255,21.460418701171875,0.6407764271783645,852.8041,233.41507,0.6677467,851.6267,231.39427,0.65937805,842.8202,233.3743,0.5299868,841.5077,231.25034,0.61980855,837.17554,230.43086,0.053559337,849.12415,236.66531,0.046884082,851.10187,229.60915,0.039733503,843.7209,227.62894,0.050401483,850.61597,224.94417,0.029099207,831.46497,231.49136,0.032242652
87,1,1159.5115356445312,474.00231170654297,121.58120727539062,2.577011328774176,1103.0503,483.80515,0.90424603,1149.728,519.7749,0.9234073,1134.9435,493.74716,0.019625679,1205.7358,514.86914,0.30769435,1239.3268,484.3107,0.004405449,1184.2917,522.4472,0.0031591842,1164.1924,515.3584,0.00047680826,1094.5625,495.46948,0.002453525,1168.811,490.42615,0.00068895397,1089.0012,500.52173,0.001445159
87,3,1054.3580932617188,546.1910877227783,127.72421264648438,1.8908196038882032,1001.83984,552.5535,0.8032752,1040.3894,608.8463,0.70845795,1040.4755,545.2014,0.11779363,1109.9863,596.2625,0.21953414,1088.3412,656.9182,0.016457614,1042.4055,603.73193,0.0031174482,1046.6371,566.03815,0.00085214514,1021.53534,568.0019,0.0024648025,1053.1666,564.12726,0.0030975612,987.77527,564.4055,0.0012759228
87,7,854.6174011230469,270.894681930542,26.69879150390625,1.2661277288701898,839.66846,275.12714,0.7059852,846.1624,279.93405,0.6804428,856.5333,275.852,0.36923286,865.9264,278.50912,0.54507405,875.3912,271.42206,0.05030542,856.5752,284.0859,0.04789252,858.5032,281.4049,0.02550011,840.1943,272.68335,0.042303152,860.9989,270.3256,0.025521364,827.8009,280.26672,0.036764435
87,22,1113.2384033203125,372.16641426086426,67.37896728515625,5.723832065502523,1145.3151,390.02563,0.7321971,1124.2395,386.2385,0.6258289,1112.2434,392.63995,0.47950137,1083.3936,382.43265,0.469394,1085.0018,379.2261,0.063993946,1117.4868,389.13397,0.070819214,1125.9578,389.9872,0.042251613,1121.7766,388.30807,0.061068952,1149.0006,380.46136,0.034438055,1103.6514,377.4567,0.046358958
87,43,846.0856018066406,225.77594375610352,21.25506591796875,0.62820076999367,852.7272,232.24635,0.6688526,851.2722,230.26651,0.65738755,842.2251,232.33066,0.5313945,840.72766,230.19266,0.6235853,836.2117,229.12978,0.056797653,848.6791,235.33482,0.05299259,851.1089,228.40143,0.044788573,843.23804,226.61964,0.055338826,850.5111,223.91904,0.032943994,831.9879,230.3953,0.03666759
88,1,1159.3070068359375,473.64455223083496,121.57342529296875,2.5822926145480345,1102.1458,482.97076,0.901509,1149.14,519.2415,0.9226317,1133.6735,492.8458,0.019450644,1204.906,514.53577,0.30825442,1237.5193,483.91324,0.0043943888,1182.7714,521.7989,0.003332126,1164.0763,514.5642,0.0004964475,1093.6746,494.90005,0.0024927207,1168.075,489.9526,0.00070492603,1089.0264,500.0462,0.0015309872
88,3,1064.3754272460938,555.9797515869141,133.63641357421875,1.8717938547838888,1007.354,563.66235,0.7743166,1051.3567,620.04083,0.70126396,1046.768,554.42285,0.12543799,1121.0657,606.0926,0.23437928,1099.4452,665.7049,0.016364725,1041.5234,609.3329,0.00231879,1049.0388,573.42346,0.00056271016,1029.4128,575.22504,0.0017993785,1061.1135,575.41797,0.0025409504,989.1449,572.78156,0.0008394403
88,7,854.6947631835938,269.55706214904785,28.845428466796875,1.357426415609157,839.1916,274.58905,0.7065233,845.9804,278.76642,0.7287759,853.53394,274.59238,0.39527866,865.47455,277.74478,0.57584876,873.16205,273.36798,0.037208945,856.0404,283.4891,0.024625167,852.6134,280.2097,0.017010335,840.6703,272.052,0.02923522,860.28955,267.35144,0.014900147,827.9105,274.6206,0.017625835
88,22,1108.1390991210938,368.6082344055176,66.55654907226562,6.3506343555420806,1138.4885,382.91086,0.72483194,1124.873,381.30087,0.6577072,1105.7332,387.97516,0.54718214,1079.614,376.77032,0.5885011,1075.3352,374.71378,0.0122416215,1101.6637,387.82333,0.004207163,1101.7026,374.58807,0.0038985983,1118.1041,374.03503,0.00498952,1097.8159,385.29535,0.0022851436,1068.4893,378.28583,0.002400558
88,43,846.2354736328125,224.73516082763672,20.23809814453125,0.5918957155810967,853.11194,231.236,0.67076325,851.3175,229.62885,0.6601398,843.102,231.47847,0.52917975,841.4552,229.57939,0.6248222,837.99207,228.0913,0.05604317,849.1357,234.42883,0.05338498,852.0835,227.32492,0.044317584,843.9904,225.59695,0.054737672,850.85065,223.34648,0.03240371,832.1262,230.19492,0.037264552
89,1,1159.61572265625,474.11303329467773,121.86740112304688,2.5805252351768915,1102.2245,483.294,0.8997954,1149.3994,519.4864,0.9214902,1133.9725,493.23337,0.019804388,1205.0728,514.7393,0.30760074,1237.8765,484.45596,0.0044309245,1183.1606,521.9338,0.003235225,1164.4501,514.8091,0.0004925435,1094.0581,495.16678,0.0024819744,1168.2573,490.10416,0.0007044455,1089.1313,500.2868,0.0014945242
89,3,1076.4622192382812,567.3822212219238,141.79037475585938,1.8754219914593655,1020.6775,575.49005,0.7613601,1066.0635,636.75525,0.6572658,1036.5209,564.7366,0.13912766,1123.0272,624.4607,0.1881386,1125.3414,687.9256,0.025473878,1127.3387,629.2053,0.014028251,1085.1381,602.07166,0.007205114,1022.7849,588.5924,0.003930573,1058.8839,582.94336,0.0058469055,1086.5496,592.5279,0.007814839
89,7,854.6050415039062,270.0918731689453,29.87969970703125,1.4290882410667247,838.66223,276.03912,0.7102824,845.8947,280.19543,0.7336761,853.8144,275.86954,0.3870105,865.99713,279.23874,0.5693427,874.29895,274.60803,0.035578363,856.38257,285.19415,0.021926375,852.0831,282.12698,0.015247777,840.812,273.5499,0.027089605,861.21954,268.6308,0.013512342,827.0387,275.66617,0.015546845
89,22,1102.7013244628906,366.7384557723999,64.5640869140625,6.518066745967563,1131.2196,382.71948,0.73797697,1117.4462,380.46646,0.66512907,1100.1736,386.9429,0.54351294,1074.4521,375.59088,0.59146774,1070.4731,373.3567,0.016079448,1096.9026,386.3799,0.006236015,1096.2231,376.30795,0.006217582,1112.7389,374.34384,0.0074705794,1099.9553,384.19287,0.0035746815,1069.1238,375.93747,0.0036664547
89,43,846.0250854492188,224.83202934265137,20.218780517578125,0.5914690489235391,852.728,230.98155,0.6701943,851.0576,229.3928,0.65883607,842.90845,231.29843,0.52923304,841.1161,229.35498,0.6256262,837.4693,227.77579,0.056966446,848.7466,234.23178,0.05533641,852.0884,227.19849,0.04587504,843.8285,225.52182,0.056185335,850.8628,223.12712,0.03360029,832.2688,230.05656,0.03861609
90,1,1159.440673828125,474.8078498840332,122.30960083007812,2.581325854602798,1102.0375,484.8158,0.9032335,1150.5431,520.4995,0.9229424,1134.0376,494.72522,0.019939166,1206.17,515.68005,0.30508372,1240.116,484.86472,0.0042324634,1185.2787,523.32587,0.0028569864,1164.2324,516.3878,0.0004457271,1094.2109,496.37607,0.0023057964,1168.648,491.18518,0.0006356942,1088.4071,501.32733,0.0013132816
90,3,1088.2355346679688,581.5952682495117,149.1009521484375,1.8557353389218585,1031.3977,589.1126,0.8241614,1077.6647,653.32733,0.6890519,1043.7084,580.7556,0.11556594,1129.2,644.02814,0.17076536,1139.3594,704.5205,0.017565409,1133.4958,658.3135,0.013428065,1099.8755,621.33026,0.0069516087,1032.2008,609.89575,0.0035412817,1050.2655,599.9854,0.0051736203,1075.089,614.1384,0.007127689
90,7,855.277587890625,271.9164619445801,27.443115234375,1.347500715283664,840.1687,277.9333,0.7151533,847.3275,283.10526,0.7061914,857.27563,278.51434,0.36790586,867.506,281.7638,0.5615168,877.1116,275.24405,0.045608565,858.0559,287.3988,0.040598646,857.7633,284.49533,0.022200493,838.9271,275.93088,0.037270617,861.0001,271.80173,0.021583887,827.5359,281.3836,0.030145263
90,22,1096.5939331054688,365.8286075592041,64.28585815429688,6.84119920835984,1126.3024,382.05817,0.6938366,1111.2117,378.62418,0.5761824,1096.3989,386.14557,0.6355912,1068.9786,374.45068,0.61666644,1067.7968,373.25955,0.03790558,1093.5364,380.77267,0.024937488,1096.6497,376.6656,0.025670577,1103.5718,376.0326,0.023743482,1102.4968,380.67184,0.01650737,1072.3552,371.8089,0.018583715
90,43,845.1948852539062,225.6322374343872,20.1002197265625,0.5902683513398526,850.1221,231.2823,0.6674743,849.3651,229.69145,0.6557545,840.98645,231.73294,0.52338713,839.63257,229.67134,0.6239709,835.9558,228.15234,0.05641635,847.33264,234.76466,0.055435933,851.3318,227.82944,0.044928268,841.6492,226.0478,0.056489564,850.15173,223.18506,0.033440456,831.18616,230.45653,0.038252786
91,1,1160.0304565429688,474.8097038269043,120.2369384765625,2.5472563302336972,1109.268,485.86758,0.7829909,1148.9196,520.5812,0.64952075,1143.9789,486.43048,0.18207075,1211.9677,513.00024,0.2954958,1209.1517,553.5574,0.029346,1183.7092,526.1785,0.010606237,1164.3147,501.341,0.0049469997,1116.8877,500.76923,0.0060909395,1154.2281,491.119,0.0075885984,1134.8055,491.1242,0.0049213874
91,3,1102.4745483398438,596.5730667114258,161.03237915039062,1.8807928337993667,1030.3033,601.3014,0.87246376,1089.9783,669.02057,0.7246574,1034.6099,593.74316,0.07808005,1121.8651,662.25934,0.13442475,1118.1586,731.5235,0.015872607,1095.8025,682.4408,0.012912649,1098.2399,628.7405,0.0055312784,1049.6312,628.5288,0.0048752953,1039.1954,613.5836,0.007131699,1013.7127,639.42737,0.0073520322
91,7,856.5928344726562,274.341908454895,25.956298828125,1.3135891598144653,841.74994,280.7912,0.71468514,848.8076,285.75696,0.71575284,858.35925,281.12128,0.38932353,868.98804,284.432,0.5798622,878.29443,279.0301,0.040919516,858.7238,290.06125,0.033593956,856.73645,286.67667,0.01940751,838.93225,278.53564,0.03248162,860.2323,273.85498,0.018041458,828.18896,282.21002,0.0250773
91,22,1090.4701538085938,363.2138271331787,61.996856689453125,7.609927192947861,1119.7751,378.35638,0.7019026,1104.044,375.37997,0.5905389,1087.9678,381.88068,0.5988899,1063.2615,371.34418,0.5966658,1061.0399,369.5055,0.05081881,1089.7568,377.15552,0.04344869,1093.512,374.13547,0.040180746,1095.5945,373.50006,0.03738402,1101.0818,374.94858,0.026961498,1069.2505,368.3911,0.0315183
91,43,844.1984252929688,225.948823928833,21.20654296875,0.623641926027454,849.2016,231.86084,0.6686676,849.0874,230.08716,0.6562329,839.4324,232.10893,0.5197021,838.2848,230.09753,0.62262833,834.0328,228.68861,0.05463595,846.5874,235.31425,0.05385794,850.55383,228.3855,0.04332421,840.0316,226.51956,0.05550025,849.6942,223.45172,0.03224696,830.4072,230.46938,0.03664534
92,1,1160.3878784179688,475.2238540649414,119.32745361328125,2.525216040691101,1109.2751,485.94495,0.78342503,1149.396,521.0741,0.6485953,1143.218,486.4191,0.18182248,1210.9924,513.72314,0.29420036,1209.4629,553.9506,0.028884027,1183.3062,526.58,0.010439193,1164.123,502.19897,0.004837883,1116.741,500.90033,0.006079726,1153.137,491.24908,0.007436002,1135.4087,491.8096,0.0048168222
92,3,1116.44970703125,612.2633972167969,172.15484619140625,1.8835293115721112,1039.5989,615.7643,0.86506313,1109.6798,685.9105,0.7271118,1049.4246,605.38586,0.07269406,1143.073,678.66144,0.122432865,1130.9093,752.8888,0.01341889,1095.2295,697.91144,0.0075824787,1113.6356,641.39514,0.0022087144,1064.5586,641.29095,0.0040319725,1058.0071,629.32587,0.0049273106,1023.43835,652.02716,0.0037519939
92,7,857.6757202148438,276.45970344543457,25.6395263671875,1.3371136613903927,841.7657,282.61807,0.72055155,849.54474,287.75708,0.723836,857.94415,282.8716,0.38501075,870.28357,286.37558,0.57948565,879.7498,280.79523,0.03700333,859.379,292.21542,0.028561458,855.7012,288.63373,0.016680127,838.6093,280.22284,0.028388862,859.8428,275.95868,0.015212039,827.4452,283.4353,0.021241255
92,22,1085.0025329589844,362.089204788208,61.75726318359375,8.141701803496394,1113.8267,376.922,0.71598953,1097.0477,374.926,0.6123431,1082.0283,380.05566,0.54329795,1057.4032,370.17282,0.57058495,1054.7836,369.04138,0.061015896,1085.2972,376.26816,0.060073618,1090.9221,373.7084,0.050625205,1089.1973,372.6232,0.051557317,1100.9281,371.67273,0.03695121,1067.0519,366.46643,0.041733645
92,43,842.5276794433594,226.1641387939453,20.23699951171875,0.5948812095690735,850.0016,232.4717,0.58897996,844.4731,229.6117,0.57622504,835.74866,232.70073,0.45156825,833.34106,230.62576,0.5144052,829.62634,226.98886,0.12861663,843.40045,243.61737,0.10907632,853.1497,236.60449,0.059738062,849.5548,223.92964,0.076154314,846.0767,227.42549,0.07886407,838.5782,230.37477,0.058850028
92,45,855.3235473632812,308.43038177490234,23.6561279296875,3.1832027780437047,847.0629,318.70557,0.67524266,859.4856,327.2669,0.71247804,856.9466,317.98517,0.23826618,874.0963,326.18146,0.46370372,878.9568,319.47006,0.034579355,865.35315,331.84247,0.017583199,858.2163,320.653,0.01207698,845.1548,314.14014,0.023253959,852.76886,312.78665,0.0123633025,819.4894,318.38983,0.012193483
93,1,1159.8241882324219,475.792293548584,118.86474609375,2.510038910763786,1108.4956,486.30194,0.7837397,1148.5059,521.727,0.6480992,1143.1567,487.0068,0.18255462,1211.6123,514.227,0.29503754,1210.3145,554.556,0.028423974,1183.614,526.48553,0.01013002,1163.6382,502.83112,0.00473454,1115.656,501.63086,0.0059148613,1153.7949,491.5965,0.007221255,1135.6251,491.822,0.004661628
93,3,1130.720947265625,628.8940887451172,185.11825561523438,1.8938914982804849,1046.5161,625.5871,0.8513325,1126.008,705.6869,0.69588315,1050.6255,619.30194,0.07299298,1150.7394,697.1025,0.11527307,1142.9283,775.21436,0.017186372,1106.3713,706.4232,0.0128774205,1129.5845,652.3815,0.0041744425,1073.3964,650.407,0.0056333626,1073.1198,646.06323,0.008263333,1026.9259,661.7498,0.0071028355
93,7,858.0071411132812,278.30623054504395,27.070404052734375,1.4692755599204086,840.607,284.26434,0.7332874,848.835,289.98886,0.7422302,858.29175,284.49234,0.3647306,871.9547,288.64548,0.5784611,882.25323,282.7883,0.03682018,860.82886,294.60495,0.026349952,854.2915,291.0829,0.01562446,837.83435,281.75305,0.028093694,860.63074,277.28317,0.014543306,827.0264,284.6963,0.019312868
93,22,1080.5239562988281,361.2733669281006,60.813720703125,8.336920253525298,1111.4747,376.82904,0.66787535,1095.3969,373.7374,0.56493384,1080.2509,380.48254,0.64912045,1053.7434,369.53162,0.5884181,1052.355,368.0492,0.034070637,1077.4331,376.13596,0.02334486,1083.0853,369.30685,0.019810198,1087.6672,370.47745,0.019867832,1076.5865,374.92697,0.013103222,1049.2224,371.0868,0.01698391
93,43,841.0852661132812,227.69207096099854,19.31982421875,0.5732871466764231,848.1793,234.09708,0.5870615,842.52594,231.3005,0.5788556,835.5659,234.26097,0.44862673,833.53784,232.28442,0.5158719,829.10834,228.77116,0.12849668,841.80115,244.99858,0.10464818,850.9055,237.46915,0.05814713,847.61957,225.56177,0.07304206,844.9382,229.38449,0.07644702,837.86865,231.51181,0.056317754
93,45,855.7673950195312,307.8726282119751,24.809783935546875,3.4721952337868878,846.35504,317.8947,0.6693828,858.66077,327.35547,0.70290387,857.7206,317.07968,0.21763997,875.688,325.83847,0.44386283,880.6765,318.68405,0.033531252,864.31036,331.79028,0.017939989,858.7849,319.97922,0.011373434,844.6561,313.19348,0.022966893,852.45447,312.7998,0.012284437,817.58154,318.25122,0.012362144
94,1,1159.8214416503906,475.38808250427246,118.72210693359375,2.514539077391209,1108.0795,486.04044,0.7842597,1147.8301,521.5853,0.64845186,1142.8407,486.75104,0.18298382,1211.6671,513.9784,0.29483268,1210.2617,554.54364,0.028279377,1183.8743,526.1518,0.01014729,1163.4601,502.60165,0.00477714,1115.1172,501.54422,0.005890703,1153.9429,491.26154,0.007207239,1135.5934,491.47128,0.004690307
94,3,1145.3756103515625,645.9508781433105,200.7052001953125,1.9190205765758845,1053.7827,645.6957,0.85802567,1146.6249,733.4321,0.65831167,1048.5544,634.1666,0.066519074,1165.145,728.79016,0.11285533,1180.5139,808.87463,0.014873162,1137.959,735.87933,0.01197488,1126.4346,685.9448,0.006489696,1079.5795,674.29865,0.0043147146,1057.0105,659.3452,0.0062353415,1052.6211,696.8527,0.007028552
94,7,858.1710205078125,278.5462646484375,28.120147705078125,1.5502434137750576,840.8002,284.45044,0.7374261,848.62665,290.3039,0.7490368,858.9823,284.67645,0.36221024,872.29236,289.08548,0.58133954,882.82117,283.3492,0.038194608,861.2644,294.94885,0.026841773,853.8407,291.64627,0.016329939,838.5421,282.1298,0.02919131,861.5282,277.36417,0.015219328,827.9163,284.92633,0.01967139
94,22,1076.6656494140625,358.5438995361328,59.22198486328125,9.628254588534661,1104.8121,371.75714,0.70343345,1089.8472,369.92297,0.6164842,1076.594,374.86966,0.5926483,1054.1594,365.01492,0.5994065,1051.3962,364.44983,0.028432561,1072.4592,372.91754,0.016284205,1074.1578,366.2502,0.015511373,1084.6345,364.81055,0.016031148,1076.2659,372.18002,0.00975709,1048.7242,364.8145,0.011331888
94,43,840.1598510742188,226.68599796295166,18.292510986328125,0.5372196275367844,847.1585,232.43567,0.5854477,841.6786,229.90831,0.5751551,834.3633,232.54982,0.45184383,832.617,230.73393,0.51650566,827.5088,227.43005,0.13333696,841.0424,243.61407,0.11172154,849.9518,236.45529,0.06360172,846.4335,224.03915,0.07832037,843.9443,227.55629,0.08145261,837.8386,229.99203,0.06122782
94,45,855.5245056152344,305.0701103210449,24.8778076171875,3.37622828689531,845.53406,316.6822,0.66182727,857.5679,326.59927,0.68966603,857.092,315.69336,0.20614502,875.2357,324.87146,0.4317907,879.5711,317.5973,0.03479366,862.4237,330.8197,0.020181924,858.8102,318.5668,0.012289524,843.6791,311.86047,0.024863975,851.8793,312.1164,0.013756837,816.64307,317.23917,0.014015627
95,1,1159.4620971679688,475.8769054412842,118.82794189453125,2.5114614366144585,1107.2781,486.28848,0.7845291,1147.2799,522.1212,0.64855576,1141.9712,486.97253,0.18219206,1211.2683,514.45404,0.29384285,1210.241,555.09235,0.027984384,1183.7979,526.4118,0.009978656,1162.7833,502.9971,0.004705475,1114.0686,501.82138,0.0057543535,1153.191,491.62042,0.0070543364,1135.6837,491.7666,0.0046040094
95,3,1169.8895874023438,668.9590301513672,227.63214111328125,2.0000405197052413,1067.5371,674.4468,0.8259354,1176.2043,767.4783,0.61386627,1055.3726,660.31696,0.08722282,1185.1277,765.2592,0.1301725,1239.1825,843.70404,0.01666104,1169.7332,759.58124,0.011774968,1141.7034,724.40106,0.008303056,1090.5961,697.6037,0.0037751214,1063.0829,685.11475,0.0062449784,1101.4683,732.6549,0.0070887655
95,7,858.5667114257812,279.67534160614014,29.00628662109375,1.6390554065942333,841.06067,285.416,0.7385308,849.2569,291.1756,0.7493946,859.5166,285.46732,0.35700014,873.48395,289.88593,0.5756295,884.09125,284.1141,0.03689511,862.2467,296.11984,0.024793224,853.9166,292.40906,0.014754676,838.569,282.7131,0.027701078,861.01086,278.05838,0.014124785,827.05457,285.59464,0.01797289
95,22,1071.4410095214844,356.9436378479004,56.842529296875,10.629145360217777,1098.2288,369.94342,0.69719225,1084.9529,367.202,0.6102887,1069.522,373.343,0.6207626,1050.1948,363.15555,0.6153932,1046.6222,361.1699,0.037166398,1069.6979,369.84586,0.025022646,1070.2587,364.86026,0.025162233,1078.1918,363.63632,0.023337761,1074.1815,369.35162,0.014862405,1048.2637,362.4944,0.018252501
95,43,839.4750366210938,226.80421257019043,18.107208251953125,0.5321844446120315,846.7898,232.63263,0.5862096,841.26654,229.89124,0.57598037,833.5882,232.7383,0.45152596,831.6645,230.79425,0.5167983,826.71924,227.2161,0.13301115,841.0475,243.6188,0.11208629,849.64014,236.57031,0.063960165,845.7898,224.34476,0.07891049,843.1179,227.67024,0.08141337,838.32074,230.11926,0.061508436
95,45,856.1585083007812,305.024019241333,27.2958984375,3.743472374906955,845.57776,317.16122,0.66297203,858.02106,327.33157,0.6924683,856.761,316.14798,0.19995706,875.7013,325.5124,0.4269773,879.4441,318.1748,0.03376151,862.5573,331.7077,0.019392071,858.85315,319.1313,0.011705894,843.7468,312.36243,0.023795642,851.551,312.73404,0.013117665,815.9412,318.09894,0.013258726
96,1,1158.6524047851562,476.78744888305664,118.44570922851562,2.4928204814895993,1106.6798,486.9689,0.78300434,1147.198,522.99994,0.6473381,1140.812,487.8565,0.18376565,1209.7601,515.45715,0.29556456,1210.4453,555.35785,0.027719581,1182.5211,527.08453,0.009768947,1161.5676,504.06384,0.0046033254,1113.3418,502.3601,0.005625657,1151.2054,492.50745,0.0068751085,1136.2706,492.73904,0.0044520367
96,3,1189.2659912109375,692.9762935638428,246.87615966796875,2.0039184457097576,1098.0627,708.2472,0.8056155,1216.1218,809.45026,0.5845474,1085.0808,695.8878,0.09206518,1221.2522,808.61237,0.11234547,1289.9387,886.9095,0.011205143,1204.297,799.20166,0.006620571,1181.1786,766.35364,0.0038109208,1120.795,734.06,0.0019328735,1087.8375,719.92224,0.0027154204,1152.2595,771.24457,0.003352749
96,7,859.6893310546875,281.22423362731934,28.752044677734375,1.661641817147942,843.7677,287.2713,0.7258883,851.9624,292.26794,0.73711,862.25867,286.6316,0.36025327,875.7289,291.123,0.56327766,885.8479,285.97266,0.036081877,864.2071,297.754,0.021682294,855.2599,292.7611,0.013037813,841.32556,283.4708,0.025929358,860.0831,279.02094,0.013094408,826.63696,286.49127,0.015724847
96,22,1066.5649108886719,356.1021795272827,55.41339111328125,10.976759712483782,1093.3779,369.21692,0.6981302,1080.6794,366.33875,0.6128554,1063.7043,372.379,0.60661024,1045.4995,362.8127,0.6086258,1041.1708,360.32724,0.044389334,1066.2686,368.9739,0.03338836,1067.0854,364.5413,0.03377003,1073.2183,363.77335,0.03004221,1072.8114,367.41513,0.019864703,1046.9434,361.37607,0.024491476
96,43,839.1245727539062,227.67669868469238,18.3043212890625,0.5420868846781676,846.8922,233.80666,0.58743733,841.64557,230.84653,0.57988566,833.9165,233.75972,0.44840044,831.74866,231.9596,0.5163805,827.55493,227.89268,0.13080378,841.12646,244.14297,0.10801289,850.2012,237.15503,0.06109355,845.98376,225.49982,0.07614306,843.165,228.9148,0.078726366,838.61633,231.01985,0.058876615
97,1,1159.1742553710938,477.0986022949219,118.587158203125,2.492622538685571,1106.4515,487.33463,0.7820051,1147.3625,523.2868,0.64577645,1140.4873,488.3218,0.1850137,1209.4214,515.7806,0.2970219,1210.9064,555.2965,0.027655333,1182.2728,527.303,0.009689941,1161.2758,504.59454,0.004547612,1113.104,502.63507,0.005587092,1150.67,492.82782,0.00680867,1136.5363,493.107,0.0043759104
97,3,1215.5648803710938,719.9307174682617,271.8930358886719,2.0165596863555137,1119.6538,723.7028,0.83157355,1244.2805,845.59015,0.5748902,1101.284,700.3038,0.070212506,1242.5491,843.31433,0.07348446,1311.8528,932.3009,0.0042025032,1205.7496,827.0261,0.0015889837,1201.0835,799.4094,0.0004722182,1152.9548,755.255,0.00084908825,1109.7795,731.5787,0.0005925137,1162.5928,799.587,0.00063266064
97,7,860.6876220703125,282.31291007995605,29.7147216796875,1.755680960718049,842.7522,288.35355,0.7276655,851.75555,293.6694,0.73906255,862.333,287.72256,0.3414104,876.9939,292.37036,0.5505012,887.4857,287.0511,0.034153104,864.7434,299.39645,0.019639302,855.1769,294.07367,0.011378255,840.55725,284.39038,0.02452088,859.7371,280.01028,0.011986976,825.30664,287.53357,0.013915283
97,22,1063.564453125,355.1711654663086,54.46710205078125,11.4765689153522,1088.8691,368.28867,0.69562423,1074.9238,365.6105,0.6174881,1060.2301,371.2382,0.5882562,1042.0713,362.27142,0.60162467,1038.8448,360.36633,0.050805908,1063.9404,368.18228,0.040741257,1064.6475,364.49084,0.040056866,1068.7638,363.28635,0.037353206,1073.0049,364.78784,0.024491996,1045.3914,360.02765,0.029782506
97,43,839.5887451171875,228.59517288208008,19.119415283203125,0.5714838088581419,847.63824,235.16138,0.58719987,842.3535,231.90106,0.5809417,833.86194,235.01936,0.4464713,831.3037,233.12675,0.51639557,827.7812,228.44516,0.12824899,841.4783,245.4035,0.10444412,850.58606,238.28806,0.0577764,846.47955,226.66359,0.0736216,842.7768,230.28033,0.075438015,839.1167,232.40137,0.055944607
98,1,1159.1318664550781,478.7917671203613,118.3238525390625,2.4653946963480666,1106.5594,488.6221,0.7790972,1147.8447,524.6848,0.6443167,1139.95,489.7394,0.18736489,1208.2672,517.2022,0.29995716,1211.4795,555.6671,0.027556205,1181.0483,527.98425,0.009380494,1160.5881,506.2103,0.004360436,1112.9899,503.61462,0.0054468745,1149.7107,494.31906,0.0066082017,1137.7125,494.39847,0.004159397
98,3,1245.7586059570312,752.7887649536133,303.09686279296875,2.035185209570076,1138.5632,750.89105,0.55440533,1270.4915,893.8794,0.6244022,1131.3857,730.2587,0.23001434,1262.52,889.3952,0.19917452,1313.4656,923.80304,0.03996451,1147.1565,818.26385,0.03728956,1213.0138,855.85315,0.01138807,1317.9878,856.7832,0.0064895484,1168.4391,871.73114,0.004934912,1092.9407,849.2398,0.0099699255
98,7,861.9848327636719,284.99613189697266,29.1646728515625,1.77849055543238,847.7643,290.23242,0.68851376,857.71875,295.80984,0.66333455,865.9863,291.22665,0.38597962,879.1943,294.3749,0.54708886,890.6702,288.07184,0.0416345,865.6581,299.81073,0.031788733,864.1195,295.2012,0.01757597,845.7422,288.23694,0.027864946,858.9761,285.07562,0.018486943,829.3456,293.48212,0.026182875
98,22,1059.3035888671875,353.8403949737549,55.013031005859375,13.213793543011812,1081.4901,365.01764,0.70424074,1068.6411,363.01117,0.65022194,1054.3107,368.5504,0.56576025,1033.7559,359.58322,0.59915864,1029.3413,358.89062,0.020443961,1050.4247,368.75238,0.008941381,1050.2898,358.0556,0.008729608,1065.5549,357.25803,0.010304657,1049.5725,365.4249,0.0053638583,1024.6877,361.1299,0.00560236
98,43,840.19189453125,230.83319091796875,19.5791015625,0.5969098562561943,848.2154,237.30922,0.58811784,843.4641,234.1516,0.5867027,835.292,236.99821,0.44148004,832.41486,235.46628,0.51661843,830.1199,230.5758,0.124900796,840.66797,247.6352,0.09688407,850.8606,239.51549,0.05246248,847.5198,228.43077,0.06824956,842.712,233.01765,0.07133402,838.36633,234.57782,0.051029205
99,1,1158.8490600585938,479.8194694519043,117.51974487304688,2.435413696535658,1106.5332,489.18585,0.77637064,1148.3958,525.4061,0.64351434,1138.6919,490.28625,0.18915609,1206.6528,518.12427,0.30097562,1211.2185,555.72046,0.02752648,1179.4817,528.5149,0.009308407,1160.0753,507.1162,0.0042882487,1112.8018,503.98047,0.0053927405,1147.7205,495.1076,0.006516906,1138.5764,495.36267,0.0040629846
99,3,1277.8734741210938,779.0015602111816,347.0014343261719,2.183146796637153,1130.1542,774.19855,0.52636635,1337.8706,946.6908,0.6805941,1124.0234,746.47614,0.2912585,1310.3086,944.6238,0.26552206,1282.003,1015.47833,0.079027236,1151.0073,847.72156,0.11097995,1123.3218,929.2765,0.03173238,1360.5684,916.46497,0.027994862,1160.0522,911.7549,0.01457531,1147.7687,843.3856,0.050590977
99,7,863.9208984375,287.66575813293457,28.07867431640625,1.7540098230019268,846.26733,293.48944,0.7112287,853.80817,297.86362,0.6978518,865.4215,294.06006,0.36140415,876.23206,296.8422,0.57974476,885.4993,290.7163,0.042759452,864.36646,302.6715,0.04787757,875.2926,301.89664,0.02518984,849.5375,292.98706,0.042938773,885.45984,287.23904,0.024582222,847.6397,297.36276,0.033497907
99,22,1055.17236328125,353.25573348999023,53.825042724609375,13.90571301563644,1077.2606,365.52554,0.71913034,1065.4543,362.66656,0.657845,1049.8618,368.34344,0.55986243,1030.3246,359.458,0.6008476,1025.2993,358.1534,0.023260945,1047.9233,368.4865,0.011063778,1046.4878,359.33066,0.011323941,1061.823,357.99246,0.012860411,1050.3168,365.19595,0.0068374085,1024.7595,360.2338,0.0069239833
100,1,1159.3075561523438,480.46711349487305,117.19564819335938,2.4195942220594486,1107.0016,489.96295,0.7749643,1149.1143,526.2794,0.6433695,1139.041,490.9299,0.18933648,1206.7897,519.03925,0.30171052,1211.7148,556.136,0.027405038,1179.0789,528.98987,0.009080158,1160.1731,507.97607,0.004139376,1113.2537,504.59247,0.0052940724,1147.842,495.9367,0.0063780835,1139.1284,496.02454,0.0039106384
100,3,1304.0220336914062,794.1000709533691,368.6058654785156,2.2571576675760396,1153.866,787.60126,0.52802086,1348.6907,950.1738,0.67389065,1145.6447,762.01764,0.28637728,1328.8013,949.75555,0.26211756,1310.5991,1010.2248,0.08813072,1178.8279,856.97205,0.107514,1160.9529,933.1643,0.031936254,1378.356,922.03687,0.026901204,1188.767,920.0992,0.015218935,1165.6199,858.81934,0.049786225
100,7,865.0770263671875,289.1298065185547,27.234100341796875,1.7131239167120842,846.4718,296.67706,0.71225995,854.3736,301.10107,0.70694864,865.73,297.1163,0.35314193,876.5785,300.31274,0.56775934,887.05664,293.74445,0.03627495,864.34845,306.34464,0.03494295,874.17114,306.15616,0.019247262,851.41406,296.77826,0.033181347,887.78613,290.99084,0.018109923,846.14746,299.92664,0.024094932
100,22,1050.6048889160156,352.50720405578613,51.66998291015625,15.187399240561476,1073.1986,364.59198,0.7209526,1061.7206,361.89822,0.6607593,1046.3967,367.57785,0.5535309,1026.6016,359.0686,0.60723627,1020.9606,356.65607,0.027499622,1044.667,367.3407,0.014828332,1043.2197,359.84866,0.01591984,1059.2983,358.1454,0.016548255,1051.083,364.63544,0.009250044,1024.9882,358.969,0.009376127
100,43,841.2064819335938,233.6796112060547,20.31060791015625,0.6369521566878711,847.87665,239.91725,0.5920833,844.0435,236.8597,0.5961424,836.64514,239.4317,0.43635464,834.2599,238.36024,0.5165221,834.4232,233.35265,0.11763479,839.7633,250.49008,0.08578995,851.1996,241.02893,0.045329247,847.7162,230.57812,0.059067056,842.12427,236.76408,0.06481575,837.0631,237.25102,0.0439307
101,1,1158.91552734375,481.24793243408203,117.11105346679688,2.40677508612655,1106.779,491.06564,0.7725232,1148.4993,527.33685,0.6427431,1139.3838,491.95578,0.19029514,1206.823,519.98016,0.30341062,1211.4941,556.8214,0.027306288,1178.757,529.3649,0.008804653,1159.4906,508.89667,0.0040116115,1112.9524,505.493,0.005141552,1148.3523,497.07135,0.0061997646,1139.7139,496.62485,0.0037606196
101,3,1338.7981567382812,805.6799011230469,404.275634765625,2.4508536533898395,1159.5623,801.1543,0.53097874,1350.5876,946.40735,0.6593875,1144.3889,777.9167,0.28261238,1333.5945,944.30426,0.26982,1331.3873,999.8898,0.099101245,1188.1213,862.2702,0.10445007,1174.2046,931.5731,0.035707593,1376.9104,914.234,0.029845672,1196.1392,915.3612,0.016440317,1164.5466,864.7314,0.051768545
101,7,865.8099975585938,290.1737308502197,26.651641845703125,1.7120334201140834,849.90393,296.95285,0.71073216,857.04944,300.95435,0.71444905,868.1113,297.1433,0.37335163,877.9264,300.4652,0.5853288,886.7977,295.00784,0.0386878,866.4551,306.09824,0.037572384,874.03906,305.20032,0.022043014,852.22253,296.62485,0.036901914,887.02795,289.66837,0.020100659,848.71704,298.34937,0.026135197
101,22,1045.9464111328125,351.70073890686035,51.2021484375,16.360300390229202,1070.4548,365.2771,0.68637526,1058.2675,362.4495,0.6020822,1041.968,368.18396,0.6118735,1023.24536,359.67523,0.617681,1018.7371,357.6069,0.051927183,1044.4873,364.76654,0.04360937,1047.7123,359.21606,0.041595753,1049.1405,359.30673,0.03849035,1048.9872,361.6461,0.027280753,1023.72125,358.21167,0.03207419
101,43,841.317626953125,234.28317260742188,20.90936279296875,0.660708961280442,847.58704,240.02519,0.5927065,843.863,237.12906,0.59657127,836.3257,239.69504,0.43546215,833.6864,238.6506,0.51583976,834.07666,233.68362,0.117341645,839.0874,250.91547,0.08525984,850.75244,241.27048,0.04496676,847.27167,230.88086,0.05910562,841.27405,237.06667,0.06464554,836.9276,237.63765,0.043620728
102,1,1158.7247314453125,481.0319995880127,116.8077392578125,2.4028241359282947,1106.7933,490.92664,0.7722693,1148.5083,527.0588,0.64249974,1139.2583,491.8872,0.19144064,1206.6848,519.6747,0.30472264,1211.6003,556.4221,0.027534975,1178.7882,529.06964,0.008921501,1159.5122,508.72635,0.0040844586,1112.9431,505.2846,0.005210836,1148.3672,496.90463,0.006300154,1139.7615,496.45068,0.0038284806
102,3,1344.415283203125,825.7985286712646,380.4580993652344,2.2277387320907507,1203.1624,831.0659,0.7268161,1336.4058,910.6179,0.5716247,1183.8223,813.42975,0.17270075,1328.5374,910.55475,0.16539054,1402.439,971.1567,0.013497972,1277.3096,902.7556,0.004334567,1289.3462,880.88727,0.0014720801,1228.599,845.62915,0.0021011871,1191.6008,837.69885,0.0024189844,1275.5198,884.3408,0.001639802
102,7,866.5698852539062,290.34236240386963,26.259796142578125,1.6964678964877573,851.38916,297.834,0.7125424,858.421,301.83893,0.72001195,869.23956,297.8366,0.37221172,878.85486,301.55408,0.5858469,887.5985,296.11664,0.03827933,867.45776,307.0751,0.035614245,873.76917,306.0444,0.021708155,853.5769,297.54556,0.035698406,887.6461,290.37128,0.019497335,849.1372,298.61145,0.02481551
102,22,1041.6951599121094,349.8017349243164,50.62994384765625,19.142009484682767,1065.8804,363.35425,0.6815499,1053.3295,360.45642,0.59953594,1039.5942,365.94476,0.59983915,1020.51746,357.7087,0.6129815,1015.3915,355.86746,0.065123655,1042.4578,362.8164,0.0612506,1047.3809,357.7278,0.055496536,1044.877,357.50238,0.054299757,1048.887,357.39465,0.039790496,1022.7523,355.95227,0.044358786
102,43,841.1139221191406,233.84203720092773,20.7301025390625,0.6526816545259063,847.3646,239.73328,0.5932876,843.7069,237.02559,0.5975097,835.99805,239.39055,0.43529892,833.3882,238.46603,0.5161971,833.686,233.57138,0.11882176,838.4961,250.70117,0.0866256,850.44226,240.91583,0.046053454,846.9967,230.60837,0.060474113,840.8154,236.92363,0.06619237,837.0786,237.33963,0.04467098
103,1,1158.19775390625,481.21749687194824,116.9820556640625,2.4055217624689993,1106.1594,491.0282,0.77298266,1148.1774,527.14685,0.6422788,1139.4358,492.10617,0.19138066,1207.6222,519.5713,0.30522832,1212.4572,556.6517,0.02737654,1179.3013,529.0367,0.008816221,1159.4482,508.68082,0.0040503084,1112.3846,505.49316,0.0051264595,1148.8914,496.98434,0.0062523806,1139.3413,496.28537,0.003784192
103,3,1365.9196472167969,843.4554290771484,379.31048583984375,2.1811080376218475,1238.2383,868.24524,0.5343188,1411.4973,965.91095,0.5885163,1211.0437,858.0775,0.32581758,1410.1001,971.4198,0.33630943,1408.48,1003.9707,0.11241026,1260.7153,896.9554,0.111567244,1273.3054,960.25494,0.040298827,1385.4027,941.4566,0.038021903,1238.9976,941.0325,0.020763226,1260.4539,919.3588,0.0567836
103,7,866.7650756835938,290.6590518951416,26.106903076171875,1.7018905983986845,852.2935,297.70602,0.7130305,859.18555,301.7221,0.7235348,869.4071,297.54648,0.3718782,879.07056,301.61057,0.5885198,886.91345,296.19434,0.039136473,867.64087,306.92053,0.03735296,873.49426,305.58466,0.023280164,854.0834,297.372,0.03722239,887.2993,290.16452,0.020463178,849.99866,298.29126,0.026064444
103,22,1038.3673095703125,348.3798637390137,48.490814208984375,23.331037064314856,1062.3784,361.21384,0.68424374,1049.8649,358.32846,0.599376,1037.3989,363.64563,0.58710635,1018.9308,355.53107,0.60187566,1014.8334,353.7094,0.07343915,1041.4482,360.51727,0.07523238,1046.6997,356.27036,0.06335401,1041.0377,355.61246,0.0664509,1049.3433,353.80844,0.0490715,1021.4834,353.34885,0.054476943
103,43,840.4422912597656,233.81742095947266,20.09454345703125,0.6318634277937076,846.78845,239.53967,0.5936901,843.3902,236.9763,0.5980659,835.3031,239.14087,0.43474296,832.7646,238.3223,0.5157472,833.15234,233.53241,0.12022696,837.81903,250.60747,0.08786149,849.87726,240.68584,0.04704846,846.4208,230.32509,0.061442185,839.9761,236.88745,0.0674999,837.1405,237.19563,0.0456705
104,1,1158.0413818359375,481.38816261291504,116.991943359375,2.404553388054961,1106.0685,491.1703,0.7730988,1147.928,527.45386,0.64281803,1139.367,492.20978,0.19080053,1207.6505,519.8382,0.30461794,1212.2817,556.99445,0.027189158,1179.2567,529.2134,0.00872328,1159.317,508.81824,0.0040034633,1112.1843,505.6845,0.0050625745,1148.8622,497.23438,0.0061761145,1139.4587,496.38358,0.003734008
104,3,1406.2337036132812,870.411449432373,404.7745056152344,2.2434241189391084,1265.1434,902.80664,0.53711957,1440.9565,995.3356,0.58184326,1226.5171,888.4493,0.28713864,1436.9271,996.44525,0.28240684,1479.1709,1020.9983,0.09612865,1290.9114,927.62537,0.07580847,1326.0278,978.72723,0.029463023,1436.986,958.91486,0.023337452,1280.5701,962.86633,0.013878017,1256.4873,958.74805,0.034493297
104,7,867.0463256835938,291.24742126464844,25.691986083984375,1.69491391853909,853.24243,298.71393,0.7132596,859.99255,302.53714,0.7262861,869.8257,298.25662,0.37274975,879.1864,302.6481,0.5877999,886.8352,297.2894,0.03818943,867.8845,307.8851,0.03493406,873.10376,306.4707,0.022595465,855.1452,298.31604,0.035610456,887.97253,290.9859,0.01951501,850.13513,298.6847,0.024430523
104,22,1034.5102844238281,346.60401821136475,47.490234375,30.58481899258533,1056.5342,359.03418,0.6868875,1043.3829,355.3536,0.620207,1032.69,361.8922,0.59158427,1014.1637,353.05206,0.61176896,1010.842,350.6185,0.053132124,1033.3236,358.74448,0.040797777,1033.9514,356.7704,0.048425995,1043.2524,355.023,0.041671358,1050.2964,355.9787,0.026396627,1023.71826,350.5693,0.030422911
104,43,840.1259765625,233.79810905456543,19.302337646484375,0.605835008732214,846.54846,239.39279,0.5939785,843.2095,236.9236,0.59847736,835.4958,238.9901,0.43455276,832.97656,238.30574,0.51535016,833.4072,233.65268,0.12037347,837.58923,250.44873,0.08771456,849.72473,240.53549,0.047234237,846.31177,230.16013,0.06124296,840.07544,236.84048,0.067736,836.8767,237.06595,0.045766577
105,1,1158.1414489746094,481.1822204589844,117.509765625,2.4220230582725972,1105.6097,490.45612,0.7731436,1148.0787,526.66125,0.64146185,1138.2158,491.58676,0.19158182,1206.9601,519.1322,0.3043615,1212.2606,556.2455,0.027505139,1179.1189,528.7682,0.009013339,1159.3395,508.34058,0.0041490565,1111.7031,505.03076,0.005188027,1147.7152,496.41858,0.006334526,1139.1538,495.99295,0.0038708067
105,3,1429.5596923828125,889.5932693481445,391.6266174316406,2.145899197459018,1292.8718,902.8368,0.57207054,1394.1721,940.15686,0.51654255,1277.832,895.6231,0.3798878,1395.9641,939.4057,0.32547417,1454.1952,972.0697,0.037034176,1365.2888,937.50134,0.013978149,1369.1244,933.7757,0.0058721793,1304.4839,908.6906,0.005281642,1294.1447,900.53687,0.006921295,1391.3563,928.1436,0.0048845783
105,7,867.8036499023438,291.4540328979492,25.805511474609375,1.7145818226717453,854.17725,301.26306,0.71553206,860.82776,305.13486,0.7287226,869.85693,300.17273,0.3596672,879.4508,305.31918,0.57383615,886.98865,299.79407,0.034087643,867.1338,311.0041,0.027987925,872.88135,309.31262,0.018221753,856.32825,301.1539,0.028496973,889.4295,293.44354,0.015874239,847.6212,300.35638,0.019317469
105,22,1030.4578857421875,344.47911643981934,47.238372802734375,46.26807073293079,1051.6234,358.40927,0.69877815,1039.3789,354.1996,0.61168975,1027.4532,359.4619,0.53966683,1009.17883,351.5487,0.5382706,1005.0694,349.01727,0.088407256,1034.3656,357.53015,0.10841005,1042.5555,355.03152,0.071391,1032.4441,353.66168,0.094462104,1049.5588,347.0794,0.06432391,1016.1334,350.55447,0.07360552
105,43,839.8509521484375,233.15105724334717,18.36346435546875,0.5711346832763328,845.9661,238.67838,0.59517896,842.68933,236.30809,0.5994541,835.37695,238.06378,0.43563426,832.97955,237.64638,0.5158047,833.6865,233.10713,0.12205249,837.6454,249.32019,0.089572415,849.5675,239.86119,0.049211513,845.8654,229.26323,0.0625303,840.4293,236.11862,0.06983983,836.9955,236.17278,0.047621414
106,1,1158.5446472167969,481.19988441467285,117.7957763671875,2.429534983172761,1105.707,490.29507,0.7736623,1148.0171,526.57733,0.6416834,1138.2113,491.43134,0.1911878,1206.8951,519.063,0.30386454,1212.1711,556.2194,0.027414305,1179.2224,528.7818,0.009023132,1159.4406,508.26147,0.004147959,1111.7373,504.9323,0.0051869093,1147.657,496.28888,0.0063222772,1139.1289,495.89816,0.003871779
106,7,868.7953491210938,292.1404552459717,26.003997802734375,1.7690968309832042,855.8712,300.37918,0.72034466,862.5833,304.2204,0.7347534,870.91864,299.30408,0.36064723,880.7296,304.6094,0.58160836,887.3833,298.91577,0.037400145,869.1641,309.9608,0.031953502,872.5697,307.92682,0.021630358,857.31134,299.87387,0.03264492,888.67566,292.55222,0.018369135,849.7707,299.47012,0.022298511
106,22,1028.508544921875,343.1199188232422,47.671142578125,61.731917297324884,1050.9028,356.59195,0.6715975,1039.2778,353.25064,0.6005278,1026.9365,358.9062,0.6275334,1008.89856,350.51947,0.6115434,1005.30225,349.4389,0.037277862,1023.8369,357.12106,0.023233986,1027.0164,349.54477,0.024010435,1034.7699,349.9581,0.023041153,1025.7516,353.9473,0.014955337,1003.78033,350.64862,0.017473558
106,43,839.2881774902344,232.79759788513184,17.4019775390625,0.537881794557341,845.2296,237.98997,0.5935227,841.96826,235.60089,0.5975714,834.7667,237.3087,0.43727648,832.2871,236.90517,0.51612127,832.5204,232.30437,0.12463083,837.12506,248.50146,0.092749834,848.8817,239.34189,0.05169688,845.0709,228.62071,0.064699166,839.87933,235.27962,0.072055325,837.11597,235.32622,0.049664058
107,1,1159.0101013183594,481.33213233947754,117.83148193359375,2.4273326855535724,1106.0721,490.39935,0.77425873,1148.4055,526.663,0.6420173,1138.4951,491.51868,0.19080155,1207.0859,519.18427,0.30391088,1212.558,556.173,0.027399214,1179.4287,528.80414,0.008980934,1159.7468,508.44135,0.004116555,1112.0424,504.99353,0.0051933136,1147.9927,496.41235,0.006314912,1139.3123,495.95496,0.00384855
107,7,870.1696472167969,292.96453285217285,25.91217041015625,1.8266221936118192,857.87714,300.0834,0.72211134,864.6555,304.11234,0.740771,872.16223,299.26196,0.3639494,882.6565,304.405,0.58627367,888.69006,298.8437,0.04026415,871.99274,309.4974,0.03385141,872.70996,307.22607,0.024020603,859.1629,299.10202,0.03555858,887.70056,292.59357,0.0199233,851.66656,299.64142,0.023792874
107,22,1025.9284057617188,341.8807382583618,47.786865234375,107.55708788238123,1047.6133,354.3405,0.6656929,1036.8842,350.7327,0.5889807,1023.2653,357.05255,0.6356573,1006.2352,348.35684,0.6217946,1002.1188,346.78528,0.045318767,1022.51733,354.04266,0.032569304,1025.7811,347.48965,0.033621315,1030.3804,348.0093,0.031020947,1024.4408,351.17172,0.02137586,1003.6504,347.96753,0.024811517
107,43,839.340087890625,233.1666612625122,17.12310791015625,0.5305894351037482,845.65173,238.2359,0.5923201,842.3657,235.89351,0.5971485,835.2344,237.60132,0.43747875,832.50934,237.19466,0.51651067,832.85065,232.61885,0.12441193,836.985,249.02954,0.09207399,848.85376,239.5523,0.051050268,845.5477,228.74512,0.06401083,839.8928,235.63074,0.0716594,836.6578,235.69508,0.04909318
108,1,1159.3679809570312,481.3003578186035,117.65203857421875,2.421741881320918,1106.5553,490.62106,0.77408046,1148.6572,526.78815,0.6421572,1139.167,491.6944,0.19030501,1207.2183,519.34607,0.30382934,1212.427,556.189,0.02744299,1179.4457,528.8821,0.008929579,1159.9886,508.60162,0.0040739374,1112.6028,505.1397,0.0051965364,1148.5454,496.6208,0.0062940675,1139.5062,496.06244,0.0038167886
108,7,870.966796875,294.17927742004395,25.844970703125,1.881396768095741,858.4396,300.94803,0.7210639,865.0509,305.08633,0.7432245,872.92914,300.08337,0.362668,883.18524,305.3399,0.5835639,889.5478,300.14624,0.038356803,872.5991,310.4975,0.030285964,872.8331,308.18262,0.021640891,859.9988,299.82568,0.032996003,888.2074,293.44376,0.017998511,851.4003,300.51242,0.021167539
108,22,1023.0210571289062,341.0336151123047,47.409210205078125,167.21892751173436,1045.0946,353.67477,0.670257,1033.6027,350.08926,0.58959067,1020.532,356.22922,0.62726635,1003.50867,347.59174,0.6214963,999.3749,346.23767,0.05177744,1020.7041,353.11166,0.039950646,1023.8391,347.40884,0.040953327,1027.0791,347.532,0.03794401,1024.7031,349.83682,0.027008824,1002.8402,346.44736,0.0303393
108,43,839.3615112304688,233.11436462402344,16.8929443359375,0.5227821765905049,845.4757,237.97934,0.5925906,842.20703,235.51505,0.5965722,835.14606,237.39682,0.43866214,832.4214,236.87675,0.5164596,833.05615,232.32031,0.123697974,837.3576,248.71191,0.09216976,849.0452,239.48994,0.051139407,845.41064,228.5592,0.063701004,839.9758,235.25562,0.07138396,836.5792,235.48988,0.049156178
109,1,1159.0729064941406,481.2626609802246,117.48486328125,2.4186261880473405,1106.533,490.42758,0.77445143,1148.7188,526.6776,0.6425966,1139.0206,491.49786,0.19006936,1207.0588,519.2758,0.30319226,1212.3419,556.18134,0.02737181,1179.2231,528.9204,0.008950668,1159.9983,508.48108,0.00408661,1112.6329,505.02774,0.005200351,1148.184,496.46704,0.0063001,1139.3662,496.06955,0.0038298485
109,7,871.4942321777344,294.7209634780884,26.37249755859375,1.9585296731453563,858.9602,301.38574,0.7250298,865.7761,305.80594,0.7476963,873.8157,300.61346,0.3569601,884.6577,305.8813,0.5796819,891.5325,300.61188,0.03802204,874.0807,311.18954,0.028570311,872.9482,308.89746,0.020412847,860.5816,300.19513,0.03177998,888.42975,293.98834,0.01717436,851.17773,301.00473,0.019940248
109,22,1019.2088928222656,339.5826473236084,46.09991455078125,507.71169693548836,1040.1421,352.1794,0.68032056,1029.774,348.36316,0.5932811,1014.84546,354.36557,0.605803,999.7674,345.94995,0.6155858,994.7438,344.6011,0.06401506,1018.579,351.12598,0.057110958,1021.49615,345.98456,0.0559768,1020.4085,346.1347,0.05347722,1022.9533,346.57678,0.039691523,1001.6922,343.98425,0.042702593
109,43,838.6922607421875,232.72354316711426,16.438934326171875,0.5062066531713152,844.31055,237.36397,0.5944699,841.36755,235.13208,0.59718186,834.10315,236.76704,0.43774194,831.5195,236.44806,0.51541775,832.3262,232.05939,0.12494724,836.7478,248.09232,0.093880646,848.2927,239.05833,0.052861225,844.21045,228.10808,0.06523675,838.92944,234.69725,0.07296295,836.7538,234.94905,0.050725073
110,1,1158.6085510253906,481.1329879760742,117.3321533203125,2.417059442091351,1106.377,490.12317,0.7748281,1148.5559,526.57,0.6424915,1138.5745,491.17432,0.18956147,1206.6873,519.1908,0.3021125,1212.0244,556.1915,0.027316524,1179.208,528.8201,0.009001399,1159.854,508.3629,0.0041186744,1112.3948,504.81964,0.0052155023,1147.76,496.16733,0.0062995153,1139.3347,495.9337,0.0038601332
110,7,872.0352172851562,294.9283218383789,27.218719482421875,2.0517162959689066,858.9335,301.99246,0.73028165,865.59155,306.89734,0.752021,874.9115,301.11703,0.34689856,886.3028,306.64746,0.57227457,894.30615,301.2682,0.03640673,874.8633,312.3458,0.025825903,872.95074,310.21426,0.017831577,860.5538,300.9247,0.028899834,889.27026,294.64716,0.015463887,849.73376,301.4125,0.01799835
110,22,1015.36376953125,337.8069820404053,43.98175048828125,6928.430375220581,1035.0905,349.49573,0.69821537,1024.5933,345.2377,0.64241105,1012.80927,351.2753,0.5850512,997.4745,342.8212,0.6117203,992.42554,341.3741,0.043283187,1014.9369,350.06015,0.026926855,1014.61914,345.16446,0.030074218,1021.6366,343.01727,0.031739127,1025.0771,344.4101,0.018228654,999.1218,341.5129,0.018353742
110,43,837.1025390625,232.1421775817871,15.933380126953125,0.4870614406111222,842.17914,236.76933,0.5961821,839.058,234.67587,0.5977578,831.8561,236.20679,0.43690276,829.2626,235.86868,0.5150343,829.8283,231.55492,0.12730472,835.7053,247.29654,0.09700183,846.3755,238.55443,0.0559733,841.68445,227.75534,0.06784769,836.80493,234.10828,0.075167015,837.46765,234.21672,0.053325005
111,1,1158.0294799804688,480.56006813049316,116.91458129882812,2.419394229750821,1106.0321,489.1475,0.77614737,1148.2864,525.59033,0.64299583,1137.6155,490.3031,0.18982327,1206.0747,518.324,0.30129313,1211.6279,555.5448,0.027446108,1179.1345,528.40216,0.009306416,1159.8735,507.5032,0.004295224,1111.9193,504.03427,0.005351153,1146.7003,495.24078,0.006477063,1138.9244,495.3868,0.004030159
111,7,872.6771850585938,294.29110622406006,28.50567626953125,2.1353322763970968,859.0288,301.57492,0.7369124,865.4308,306.6634,0.7544346,875.8296,300.6768,0.34378847,887.4315,306.15457,0.57251304,896.2699,300.53394,0.03703721,875.78723,312.08685,0.026405936,872.80566,310.11047,0.017651217,859.9258,300.41592,0.029218178,889.43506,294.1666,0.015631039,849.2093,300.7256,0.018493328
111,22,1012.3501281738281,334.4706058502197,44.14434814453125,303.1415658291411,1032.6494,345.72092,0.6881011,1021.4961,341.36514,0.6233098,1009.03125,347.70474,0.60433245,994.5327,338.7081,0.61643165,989.79663,337.194,0.05397748,1013.28613,345.14902,0.040242042,1013.37213,341.5822,0.043789078,1017.0012,339.69055,0.043404665,1023.34607,340.3179,0.026571047,998.97217,336.9532,0.02896101
111,43,836.5050659179688,231.41810989379883,15.8770751953125,0.4820521962139197,842.7484,236.58319,0.5966217,839.52594,234.33228,0.59701234,831.61615,235.93356,0.43714282,828.9388,235.56505,0.51464635,829.56433,230.9463,0.12749644,836.2926,246.91171,0.09816912,847.04016,238.5098,0.05631396,842.0912,227.54327,0.068926565,837.0723,233.75089,0.075478144,838.1749,234.0186,0.05388109
112,1,1157.7996826171875,480.0425090789795,116.8590087890625,2.4271349916339395,1105.9574,488.4331,0.7774811,1148.138,524.91565,0.6425885,1137.2415,489.6981,0.18879227,1205.4003,517.7499,0.29972082,1211.0243,555.0667,0.027396398,1179.276,528.2368,0.009479089,1159.8218,507.0065,0.004379323,1111.8632,503.4782,0.005423753,1145.9724,494.47464,0.0065255533,1138.6082,495.01782,0.0041160975
112,7,873.0619812011719,293.57965564727783,29.1456298828125,2.1559629846854116,858.47656,300.33,0.74025506,865.1435,305.64783,0.75593203,875.8331,299.95514,0.34718686,887.8705,304.9134,0.5796399,897.05804,299.10315,0.03812979,876.5237,310.75162,0.028676858,872.8412,308.92654,0.018746078,858.78577,299.08276,0.031440184,888.49603,293.2184,0.016550655,849.9885,299.97342,0.020144166
112,22,1010.1037902832031,332.21628856658936,44.26739501953125,117.68876855666814,1031.6172,344.67285,0.6902394,1019.5243,340.522,0.61829066,1005.7936,346.65765,0.5978384,991.43463,337.54993,0.6073662,987.0544,336.03598,0.05677948,1011.46387,343.72632,0.045308296,1011.61584,340.95523,0.048087317,1014.1824,339.09286,0.046916995,1022.97107,339.44714,0.029238243,997.5365,335.18842,0.03298014
112,43,835.864013671875,229.96626663208008,16.155303955078125,0.48381519596021405,842.4728,234.70906,0.59704155,839.2329,232.57126,0.59432477,830.1178,233.96342,0.43964797,827.6393,233.52599,0.51454043,827.4878,229.14764,0.13242422,836.49,245.1151,0.10635193,846.8356,237.11368,0.062125497,841.6271,225.77211,0.075408876,836.6041,231.41957,0.08132245,838.9617,232.16676,0.05978137
113,1,1158.2156982421875,479.3031463623047,117.39862060546875,2.4453652198066878,1105.8599,487.97858,0.7800753,1147.6815,524.3956,0.64388573,1138.101,489.22318,0.18701194,1206.7605,517.0137,0.2986301,1211.4276,555.05963,0.027399829,1180.6609,527.73224,0.009515787,1160.2732,506.22055,0.004429911,1111.8689,503.13208,0.0054334123,1147.608,493.8811,0.006589681,1137.926,494.19617,0.0041912515
113,7,873.4572143554688,292.85947608947754,30.427825927734375,2.2255451864608142,857.4102,299.44125,0.748975,864.46674,305.1363,0.7601415,876.02216,299.4674,0.34416017,888.8578,304.13135,0.58326095,899.2792,297.70874,0.038275335,877.40076,310.08688,0.029674655,872.3743,308.70068,0.0186219,857.0476,298.2947,0.03208095,888.38904,292.63324,0.016598703,849.6564,299.1834,0.020971352
113,22,1007.1859130859375,330.2354278564453,43.363677978515625,57.257131005668086,1028.5063,343.1996,0.6984619,1016.6249,339.39734,0.622632,1002.02435,345.1998,0.57280874,988.253,336.40833,0.5946622,984.7235,335.15213,0.057046857,1009.0697,342.55444,0.050371878,1010.9103,339.5343,0.04844874,1009.84143,338.25665,0.05013929,1021.92017,336.99496,0.031024221,995.72656,333.92957,0.036043778
113,43,835.815673828125,228.14260482788086,16.222686767578125,0.4779492025175816,843.0447,232.43199,0.5916767,839.1462,229.98805,0.5865642,830.24744,231.74802,0.44767874,827.5095,230.97708,0.5170968,825.38617,226.62404,0.13918644,836.91394,242.75551,0.11710546,846.91907,235.60306,0.07010391,841.9821,223.75421,0.08413293,837.7216,228.3025,0.08864519,839.13666,229.86026,0.067075156
114,1,1158.9418029785156,478.3143253326416,117.9810791015625,2.4696647478461613,1105.7662,487.30002,0.7818105,1147.3296,523.6202,0.6443344,1139.0173,488.52707,0.18559925,1208.049,516.1706,0.29744324,1211.5177,554.85956,0.027462315,1181.6501,527.21436,0.009640206,1160.7411,505.27652,0.004519857,1111.9812,502.68857,0.0054912586,1148.8379,493.01584,0.006685288,1137.0864,493.26407,0.004286437
114,7,874.3518676757812,292.7651824951172,31.41650390625,2.3010336850870594,858.3668,299.61804,0.7501172,865.5313,305.13705,0.7599355,877.18945,299.59393,0.34839666,890.17114,304.05286,0.5835989,900.8088,297.8074,0.0395535,879.1016,310.133,0.029581113,872.7087,308.6654,0.018732293,857.77094,298.1612,0.032723673,888.2103,292.48743,0.01697462,850.0919,299.10843,0.021051282
114,22,1004.6552124023438,327.73602962493896,42.128265380859375,28.300983202249405,1024.3552,338.19275,0.65930665,1013.65283,334.82764,0.5864243,999.30554,340.3025,0.63849866,985.7727,332.80432,0.60298795,983.107,331.68643,0.042837303,999.78076,338.20682,0.03159302,1004.48914,330.26898,0.028714716,1005.94354,332.02258,0.028254393,998.85,334.0192,0.019291123,978.2781,333.52966,0.02469874
114,43,833.7672729492188,226.2082986831665,16.657745361328125,0.48272485397074005,837.65234,230.63582,0.6356883,833.6477,228.82677,0.62523955,828.741,230.05614,0.57085,828.2529,229.09738,0.6063968,827.271,227.60793,0.051749915,830.9109,233.43156,0.040210962,832.01807,225.40665,0.034472153,829.8594,224.13489,0.040182643,828.1371,224.08847,0.024623118,807.9095,230.56635,0.031610373
115,1,1159.3244018554688,477.7235870361328,118.38619995117188,2.48496199432941,1105.8221,486.94855,0.7829227,1147.6725,523.1054,0.6443421,1139.239,488.16202,0.18539001,1208.6942,515.6279,0.29725567,1212.0077,554.53235,0.027502066,1182.2035,527.0321,0.0097383205,1161.2631,504.86057,0.0045595146,1112.1887,502.39703,0.0055485354,1149.2148,492.51898,0.006766616,1136.7019,492.904,0.0043408466
115,7,874.8935852050781,292.70181369781494,32.104248046875,2.361624830957284,858.32227,299.5895,0.75149363,865.6028,305.23367,0.75946206,877.45264,299.70413,0.3468048,890.61633,304.01788,0.58227044,901.5718,297.6825,0.03949177,879.36475,310.25043,0.029338928,872.88025,308.79614,0.018334525,857.67865,298.25772,0.032237913,888.1588,292.53745,0.016835362,849.80914,299.1176,0.02089034
115,22,1002.5185546875,326.42964363098145,40.571044921875,21.98425620033611,1021.35315,338.15744,0.66094846,1011.4162,334.49805,0.5884618,996.275,339.6302,0.6303931,984.31036,332.7213,0.6059853,979.84546,331.59515,0.0490721,998.2156,337.90628,0.039210975,1002.9363,330.30588,0.03608247,1002.817,331.9103,0.03502189,997.84546,333.15195,0.02472994,978.147,333.14395,0.03019199
115,43,832.9784545898438,225.3617935180664,17.266021728515625,0.4973789740529485,837.68896,230.54356,0.6390028,833.7953,228.71892,0.6285744,828.70996,230.06413,0.5722674,827.8041,229.02304,0.61004776,826.92993,227.56058,0.051162653,830.93994,233.34343,0.039952867,832.2217,225.49792,0.0343727,829.806,224.23997,0.039966185,828.6207,223.8966,0.02452452,808.3668,230.40251,0.031201204
116,1,1159.9392700195312,476.8752021789551,118.52297973632812,2.494887444197281,1106.3007,486.6081,0.7856697,1147.7411,522.6443,0.6459168,1140.8025,487.68167,0.18263572,1210.6201,515.07855,0.2944126,1212.1731,554.83276,0.027183086,1183.5175,526.9282,0.0096430285,1162.4126,504.27957,0.004493064,1112.9814,502.39905,0.005525535,1151.3387,491.95987,0.006719007,1136.056,492.3121,0.00431768
116,7,875.7796325683594,292.6952476501465,32.47979736328125,2.39485472244439,859.41736,299.64258,0.75017977,866.74817,305.26456,0.7581045,878.3806,299.8863,0.35111606,891.7553,303.91568,0.5820174,902.4956,297.7748,0.040473096,880.569,310.24875,0.0293847,873.45874,308.60236,0.018473787,858.80804,298.20047,0.032467984,887.5718,292.63617,0.01712164,850.39966,299.3444,0.020984054
116,22,999.6641235351562,324.29683685302734,39.2230224609375,15.655119988474539,1017.4779,335.5755,0.66498715,1007.8992,331.64645,0.59057564,993.886,336.40628,0.61305463,981.6891,329.96765,0.59581316,977.0398,328.71976,0.059751052,997.04425,335.20282,0.054927226,1002.8359,328.55258,0.04688025,999.3799,329.7529,0.047784135,998.7407,328.42828,0.034889933,976.862,330.6339,0.041132435
116,43,833.0110473632812,224.74020767211914,17.515228271484375,0.5020123519102739,837.9274,230.29832,0.6385013,834.1177,228.29811,0.62575185,828.8608,229.81866,0.57549965,827.8094,228.63,0.60833484,827.32446,226.85905,0.049889166,831.2256,233.06546,0.038877767,832.70154,225.029,0.033184826,830.1267,223.8154,0.038801935,828.59656,223.73509,0.023485595,808.20337,230.41779,0.030500438
117,1,1160.0738525390625,476.9100151062012,118.5750732421875,2.4941155330103246,1106.1846,486.65497,0.7861109,1147.81,522.61334,0.64623624,1140.7593,487.77484,0.18277827,1210.988,514.98816,0.29481247,1212.5452,554.84283,0.0271176,1183.6556,527.0517,0.009619259,1162.5328,504.21515,0.0044757784,1112.8926,502.45868,0.005499165,1151.353,492.03082,0.0067174286,1135.9019,492.31256,0.0043012253
117,7,876.5649719238281,293.8606309890747,32.58966064453125,2.4748262460223502,861.4638,301.2308,0.7504365,868.449,306.63565,0.76054007,879.7388,301.0453,0.34369507,892.6298,305.5074,0.5726933,903.0117,299.66577,0.040412046,881.6962,311.99182,0.02669824,873.60364,309.99603,0.01744658,861.3635,299.6616,0.030765565,888.49457,293.9045,0.016464014,850.5554,300.47675,0.018902317
117,22,996.7424926757812,323.31285667419434,38.578033447265625,13.584835709104471,1014.78314,334.5601,0.67160785,1005.4546,330.827,0.59351474,990.8589,335.4572,0.5975202,978.73694,329.12122,0.59730476,973.2486,327.65707,0.070067555,995.7124,334.05933,0.07078791,1001.029,327.92233,0.05914712,995.4846,328.7324,0.061229944,998.0875,326.75595,0.046271686,975.8289,328.8468,0.052257348
117,43,832.6327514648438,224.91236686706543,17.629852294921875,0.5061863243207672,837.3978,230.3685,0.63957757,833.6907,228.38805,0.62832433,828.3978,229.89427,0.5730907,827.3923,228.79308,0.6102519,826.77594,227.11171,0.050857708,830.9987,233.16403,0.039899074,832.3883,225.24376,0.0342564,829.7649,223.97595,0.040038552,828.6505,223.68361,0.024357973,808.35706,230.47548,0.031122688
118,1,1159.4080810546875,476.9022388458252,118.41513061523438,2.4888709503143525,1106.3507,486.52554,0.78676665,1147.6929,522.7598,0.64760727,1140.3062,487.5483,0.18155825,1210.0819,515.3335,0.29249543,1211.6719,555.2162,0.026836546,1183.0259,527.4106,0.0095646195,1162.2928,504.32855,0.004446961,1112.951,502.435,0.0054763523,1150.4264,492.07892,0.0066410596,1136.0195,492.7013,0.0042849355
118,7,877.1521911621094,294.29265117645264,32.37579345703125,2.5033232759918462,862.3863,301.6849,0.7510126,869.2263,306.9976,0.758882,881.48376,301.42828,0.3408621,893.7336,306.02612,0.56833297,904.7038,300.14987,0.041183118,882.50256,312.6788,0.025877709,873.85345,310.6297,0.016983988,862.706,300.3202,0.030174332,889.32764,294.14783,0.01658336,850.67017,300.59393,0.018436218
118,22,993.4103393554688,322.2427453994751,40.083160400390625,12.870825060752594,1012.54846,333.40396,0.6848819,1003.0395,329.84344,0.5975373,988.1749,334.44083,0.57929367,975.5869,327.7252,0.5901177,970.6875,326.22168,0.07832395,994.6842,332.81836,0.08473374,999.4541,327.3807,0.06705284,991.87555,327.7072,0.072624035,998.21313,324.84845,0.055998474,974.15405,326.79477,0.0618019
118,43,832.0156860351562,224.29448890686035,17.292755126953125,0.4932709827445399,835.75323,229.46277,0.6425533,832.64667,227.55374,0.62594557,827.6001,229.0645,0.5686279,827.003,227.90111,0.6099755,827.10297,225.97871,0.05091729,830.44867,232.33537,0.04160634,832.64746,224.63402,0.034688238,828.5029,223.18962,0.04104092,828.8368,222.819,0.025122484,808.05414,230.07068,0.032486923
119,1,1159.1539306640625,476.2854423522949,118.447998046875,2.496596720808471,1106.3345,486.11835,0.7874697,1147.4371,522.3526,0.6479506,1140.4963,487.07504,0.1809321,1210.2816,514.9061,0.29151374,1211.3931,555.08966,0.026909731,1183.3785,527.04926,0.009663455,1162.485,503.88998,0.0045140525,1112.9958,502.1078,0.0055256397,1150.8546,491.59927,0.006703314,1135.7711,492.2706,0.0043629496
119,7,877.5890808105469,293.2151756286621,32.63763427734375,2.4712543553555872,862.0792,300.36343,0.7495028,869.11633,305.71597,0.75568306,881.1385,300.33093,0.34942406,893.843,304.61017,0.5755748,904.6008,298.6593,0.04167485,882.369,311.1371,0.028082794,874.35144,309.02322,0.018000083,861.817,298.93744,0.031537093,888.16296,293.01865,0.017352397,851.18616,299.69464,0.020176833
119,22,990.3930358886719,319.7797565460205,39.67034912109375,10.364615911079694,1008.5797,330.5291,0.6969066,999.7958,327.11826,0.631397,986.76,332.15564,0.56605977,974.24927,325.03955,0.6143919,969.0862,323.36447,0.053492527,989.72955,330.93613,0.04403205,990.7894,327.00232,0.045513835,993.9038,325.4968,0.044451803,999.9641,325.82083,0.02969583,976.61444,322.7781,0.03108266
119,43,831.1774291992188,221.88838005065918,16.914276123046875,0.4732305647452751,835.0732,226.77267,0.6446958,830.86707,224.9508,0.6209517,826.0442,226.51585,0.567991,824.2915,225.29752,0.6062495,824.8755,223.07411,0.05503823,828.9297,229.40883,0.049811397,832.6553,222.45146,0.03928399,827.4254,220.94298,0.04622327,829.7219,220.32486,0.029212669,807.37994,228.02586,0.039014973
120,1,1159.1195068359375,475.7402801513672,118.39187622070312,2.50312616671782,1106.2933,485.50275,0.78712356,1147.1464,521.9226,0.6481459,1139.8838,486.303,0.18050085,1209.4265,514.59753,0.28965434,1210.2463,554.8685,0.027010655,1182.9784,526.73157,0.009867003,1162.4452,503.43124,0.004620935,1112.9199,501.5706,0.005599236,1150.1055,491.0073,0.0067699277,1135.7999,491.94302,0.0044701835
120,7,877.8717041015625,292.5618152618408,32.8868408203125,2.4645723509279707,861.43195,299.6499,0.7497502,868.67566,305.3013,0.7548508,881.0513,299.80594,0.34709468,893.924,304.1701,0.57657945,905.08093,297.98865,0.041243058,882.0143,310.61093,0.02864541,874.5493,308.56458,0.017923815,861.02563,298.4869,0.031419106,888.0877,292.52078,0.01735346,850.9487,299.24835,0.020670049
120,22,988.0574340820312,317.1969566345215,39.05950927734375,8.523204305610932,1006.67334,328.75485,0.69396085,997.5913,325.5017,0.6229166,983.5783,330.43396,0.56570566,971.6065,323.20856,0.6086083,967.0969,321.69727,0.057181798,988.44116,328.81104,0.050881825,990.08105,325.07257,0.049793985,989.7889,323.8517,0.049545005,998.5743,323.3831,0.033276163,974.66626,320.49942,0.036558215
120,43,830.6048583984375,220.5666217803955,16.725860595703125,0.46269940489583417,834.4866,226.0453,0.64652056,829.9563,224.11787,0.6207963,825.785,225.83177,0.56474453,823.3828,224.42117,0.6055524,824.07825,221.93298,0.057044677,828.51984,228.80774,0.053468343,832.96875,221.99133,0.041470006,827.67114,220.31482,0.048769705,830.19556,219.58179,0.031125367,807.4554,227.90845,0.04146939
121,1,1158.9833679199219,475.3263874053955,118.5443115234375,2.512724116917411,1106.5364,485.15228,0.7866997,1147.4492,521.65027,0.64734906,1139.3425,485.97775,0.18063632,1208.0848,514.44867,0.28899905,1209.5264,554.4265,0.027033446,1182.4421,526.735,0.010012857,1162.2378,503.36572,0.0046760268,1113.3087,501.15454,0.005658164,1148.9403,490.615,0.006795195,1135.9323,492.05597,0.004529922
121,7,878.3695678710938,291.7956476211548,32.6041259765625,2.40668701415491,861.27264,298.42163,0.7466812,868.90015,304.4076,0.75083125,881.3413,298.8811,0.34512287,894.09143,303.37354,0.5778916,905.2857,296.9335,0.04130315,881.5719,309.63275,0.03027847,875.43335,307.38235,0.018431546,861.03625,297.7565,0.03169823,887.59076,291.65768,0.017957639,851.28644,298.70782,0.021954821
121,22,986.6002807617188,314.8420886993408,38.565948486328125,7.2967154572027155,1004.9764,326.55325,0.6968857,996.80444,323.804,0.622835,982.35046,328.4367,0.55360603,970.9502,321.46072,0.60935867,966.99664,320.16855,0.061595332,988.57556,326.6908,0.059757836,990.6535,322.7682,0.05403116,986.3238,321.5921,0.057022512,997.6474,320.43924,0.038948566,973.7298,318.18185,0.042794645
121,43,829.4456176757812,218.75933647155762,16.9647216796875,0.4624970842396147,832.8341,224.20723,0.6490368,827.80786,222.63765,0.62210405,825.2157,224.15794,0.55154604,822.0371,222.6991,0.5983318,822.9188,220.06537,0.06243058,827.4326,227.15283,0.06297007,833.04803,220.98448,0.04642144,827.018,218.94582,0.055595513,830.9512,217.60191,0.03619724,807.3353,226.75632,0.04843087
122,1,1159.19091796875,474.7499141693115,121.03271484375,2.5651855109341923,1101.6039,483.73056,0.89819664,1150.844,520.72046,0.9232243,1131.3467,493.5456,0.018667448,1204.4752,516.0873,0.30067384,1236.8484,484.696,0.0043733395,1183.4884,522.9861,0.0031342325,1163.9269,515.7116,0.00051690056,1094.4418,496.1363,0.0023467569,1167.9689,491.53622,0.00067792425,1088.0627,500.91296,0.0014835994
122,7,880.0486450195312,291.36097526550293,31.736480712890625,2.320975345589116,863.5973,298.1721,0.73874754,871.0115,303.7142,0.7410124,884.14197,298.43396,0.35576668,896.00806,302.89304,0.5779045,907.14935,297.13504,0.043714046,883.3002,309.0981,0.030801632,877.0364,306.30466,0.019016648,863.29114,297.23822,0.032769572,887.3509,290.7136,0.019340102,852.6721,298.11328,0.022764321
122,22,985.7924194335938,312.7265338897705,37.88067626953125,6.334784233370731,1003.32404,324.37332,0.6976635,997.41394,321.65424,0.6196495,980.1124,326.0994,0.5434571,970.2516,319.64865,0.60209066,965.76544,317.8512,0.06479386,988.5355,324.653,0.0691882,991.83124,319.98956,0.057693504,983.55334,319.51807,0.06277874,995.80273,317.40533,0.043795336,972.637,316.49567,0.049423758
122,43,829.5655517578125,217.85365962982178,16.746368408203125,0.4531933377619693,833.5794,222.93907,0.6463725,828.3115,221.45935,0.62073815,826.8217,222.78636,0.54792595,823.724,221.63663,0.5879616,825.0921,218.80174,0.062226545,828.325,225.95392,0.06257823,833.5618,220.06717,0.045031577,829.0316,217.70107,0.05453272,831.8878,216.69589,0.035184015,807.8286,226.32634,0.048824374
123,1,1159.8736267089844,474.96924591064453,119.68670654296875,2.5418224423708558,1107.1543,484.51767,0.78737307,1147.6046,520.4696,0.64969766,1141.1765,485.40503,0.18145885,1209.9219,513.136,0.2911204,1210.0503,553.6864,0.02784703,1182.9152,525.8752,0.010388805,1163.2535,501.75537,0.0049229595,1114.2988,500.45245,0.0058925934,1150.9642,490.0303,0.007239769,1134.8715,491.0105,0.004805003
123,7,881.9312438964844,292.42034912109375,29.97125244140625,2.245521061686299,865.7648,299.41013,0.7382348,872.83093,304.90613,0.74266964,885.94574,299.38104,0.35052943,897.28796,304.20712,0.5705088,908.4806,298.72714,0.042725846,884.73987,310.63712,0.02750135,877.629,307.41852,0.01726456,865.83014,298.389,0.030145857,888.0945,291.7524,0.01792578,852.62573,299.09747,0.020217327
123,22,984.1607666015625,311.6261672973633,38.421844482421875,6.109852471586177,1000.2311,322.6525,0.64201987,992.9143,319.98093,0.58119375,978.05164,323.85974,0.6403805,969.27454,318.2869,0.5931484,966.92554,316.5228,0.038122438,978.8707,323.3853,0.027911298,984.16455,314.25824,0.023799114,982.8909,316.27698,0.023278113,973.17017,318.32587,0.015473168,953.6113,319.7966,0.023071729
123,43,829.3156127929688,218.05929279327393,16.653717041015625,0.45114992445583435,833.14966,222.783,0.64616287,827.7702,221.30032,0.6207042,826.3395,222.55708,0.5475413,823.1886,221.43478,0.5886161,824.2783,218.71649,0.06431502,827.98816,225.7244,0.06577196,833.39136,219.95744,0.04720615,828.3763,217.56773,0.057218634,831.7828,216.28723,0.037214212,807.7036,226.00926,0.05115351
124,1,1160.033935546875,475.0762596130371,119.18307495117188,2.5319794914480256,1107.2134,484.4242,0.787894,1147.8608,520.32117,0.6496931,1141.1454,485.34644,0.18123372,1210.0798,512.99786,0.29103038,1210.336,553.51874,0.027810205,1183.1244,525.88135,0.010405619,1163.5001,501.67978,0.0049162153,1114.3518,500.37558,0.0058929315,1150.9132,489.93314,0.007246582,1134.7842,490.94113,0.0048016477
124,7,882.9179077148438,293.5202522277832,29.238006591796875,2.2639056785184364,865.4995,300.37866,0.74841154,873.3229,306.47922,0.75327504,886.10815,300.53464,0.33054954,898.7639,305.60718,0.5611566,910.81934,299.5986,0.039232805,886.088,312.45163,0.023842063,877.44507,309.16922,0.014380599,865.49945,299.5672,0.026622605,888.45135,293.021,0.015310488,851.22327,300.31848,0.017093271
124,22,982.1518249511719,311.06470584869385,38.08721923828125,5.830459800914508,998.12305,322.2499,0.646928,990.763,319.31726,0.5834352,975.7831,323.24304,0.63101476,967.03516,317.69357,0.59047765,964.2073,316.03506,0.041970767,977.34576,322.67285,0.03281966,983.0202,314.2316,0.027940422,980.8138,316.16025,0.027499674,973.5226,317.29855,0.01869911,953.7178,319.0114,0.026618812
124,43,829.5075988769531,218.3917407989502,16.786376953125,0.4558610938295645,833.18353,223.20116,0.64590275,827.9925,221.68867,0.61954516,826.4243,223.05963,0.5493612,823.28705,221.82748,0.59335357,824.5018,218.9574,0.063596234,828.1981,226.20609,0.06440429,833.708,220.18842,0.046874978,828.2577,217.89311,0.056283854,831.50684,216.74796,0.036757596,807.7457,226.32272,0.05006521
125,1,1160.168701171875,475.1325988769531,118.79241943359375,2.5235390130037807,1107.3787,484.62402,0.78754914,1148.1833,520.3947,0.6494681,1141.4086,485.53806,0.1816871,1210.4639,513.0505,0.29185075,1210.7449,553.44574,0.027895216,1183.2128,525.8893,0.01038266,1163.7596,501.8039,0.004888703,1114.5504,500.51843,0.005898096,1151.2827,490.0863,0.007259265,1134.8798,490.9849,0.0047746557
125,7,883.181396484375,294.0362148284912,30.107574462890625,2.407427024030645,862.77594,300.01175,0.71469975,872.7814,307.77313,0.687951,885.46313,301.99808,0.34421158,898.2519,306.19696,0.5547281,911.3778,297.9618,0.037654042,882.5828,311.64023,0.03646652,885.95605,308.51807,0.016556475,860.8266,300.1964,0.027451206,885.7543,295.58658,0.017624918,849.96704,305.13962,0.02890576
125,22,979.7107543945312,310.3811159133911,37.24786376953125,5.478687299410183,994.5824,321.83145,0.65132624,988.3801,318.93576,0.5865657,972.4043,322.6456,0.6161632,965.04224,317.25797,0.5899957,960.933,315.53812,0.047497023,975.6124,322.16656,0.040654402,981.66736,314.27283,0.034010537,977.15454,316.04312,0.033611298,972.4075,316.31366,0.02361288,953.3452,318.29538,0.032218803
125,43,829.5244445800781,218.81953811645508,16.85430908203125,0.4589610564152459,833.323,223.61076,0.6443082,827.9618,222.09216,0.6184206,826.19824,223.54091,0.55413187,822.82104,222.18233,0.59547347,823.81506,219.45926,0.063128,827.8158,226.52301,0.06351829,833.5133,220.51752,0.046715636,827.9678,218.38373,0.055754606,831.319,217.15936,0.036374986,807.6633,226.42514,0.049362086
126,1,1160.0795288085938,475.4611587524414,118.55657958984375,2.5119178404176923,1107.2625,484.8564,0.7882415,1148.3015,520.9367,0.6495619,1140.9177,485.6837,0.18046325,1210.053,513.6527,0.2899437,1210.6876,554.0271,0.027404575,1183.0442,526.3833,0.010146792,1163.5557,502.43253,0.0047451253,1114.3917,500.85043,0.00577786,1150.688,490.3391,0.007043693,1135.1714,491.50208,0.0046373866
126,7,883.4454345703125,295.31090354919434,31.222869873046875,2.61963251057642,863.30896,302.5415,0.72133946,873.4873,310.0418,0.7041446,886.1134,304.17285,0.34511018,899.552,308.67825,0.5687038,912.4474,301.3315,0.038464718,884.1619,314.18802,0.035350673,884.9304,310.37283,0.016567575,859.95825,302.43588,0.028614393,884.3386,296.6709,0.018009808,850.6511,306.19202,0.027248163
126,22,977.0329284667969,309.21774101257324,37.01312255859375,5.044715290657867,992.7427,319.14532,0.69650465,986.95886,316.52942,0.65836334,970.7378,319.8155,0.5582465,962.3096,314.6026,0.6006032,955.2545,312.68854,0.037107587,973.4339,321.439,0.024492525,974.04474,313.296,0.024226524,979.5729,312.52808,0.024957903,974.22095,315.3589,0.014903045,953.4093,315.11377,0.016757537
126,43,829.4093627929688,219.37263107299805,16.9625244140625,0.46372665826528847,833.45056,224.06354,0.642591,827.9819,222.57686,0.61908036,826.09937,224.03236,0.55818915,822.5873,222.6861,0.59762716,823.2278,220.2434,0.0628566,827.32666,226.88658,0.0629557,833.1268,220.94786,0.046574116,827.7062,219.03017,0.055360977,831.16345,217.48271,0.036234856,807.6056,226.4205,0.04883392
127,1,1159.4382934570312,475.4995765686035,118.28805541992188,2.5052041140230177,1107.0186,485.0235,0.78784204,1147.9684,521.10803,0.64901125,1140.5593,485.85934,0.18095452,1209.7363,513.8197,0.29032332,1210.4954,554.0871,0.027286492,1183.0283,526.4573,0.010096699,1163.2289,502.69785,0.0047233496,1114.0297,501.01898,0.005741614,1150.4335,490.46173,0.0069763605,1135.4388,491.61203,0.0045994404
127,7,883.3550720214844,295.7292251586914,31.76202392578125,2.7243968250333244,863.6812,303.0714,0.723398,873.5682,310.66867,0.71151996,886.4811,304.63174,0.34383288,899.9321,309.38226,0.57328784,912.6304,302.40137,0.03922872,884.7061,314.7444,0.035671186,884.4496,310.6947,0.017014874,859.8977,302.8085,0.029794196,883.9656,296.85593,0.018489132,851.2912,306.36133,0.027323214
127,22,974.2196044921875,307.5592861175537,36.854827880859375,4.682438399778379,990.54004,317.68326,0.6969656,983.8214,314.68756,0.6510074,969.06134,318.4464,0.5652946,959.2053,312.60422,0.60628456,953.0222,311.08273,0.04192092,971.92334,319.11642,0.030052576,972.85254,312.30905,0.02977016,976.38116,311.11575,0.03106662,975.28723,313.12543,0.018856917,953.6867,312.41736,0.020776609
127,43,829.4198913574219,219.11305332183838,17.00775146484375,0.4641189066286322,833.82227,223.78098,0.64193505,828.20703,222.29248,0.6182274,826.4426,223.72075,0.5580376,822.8413,222.45715,0.59689885,823.5261,219.92635,0.063772395,827.6626,226.60889,0.063931465,833.3358,220.65677,0.047483217,828.2349,218.71515,0.0560679,831.3708,217.25874,0.036944177,807.76086,226.31905,0.049762037
128,1,1159.2381591796875,475.2121124267578,118.20501708984375,2.506295346239025,1106.8815,484.78345,0.7879092,1147.6409,521.0474,0.64895594,1140.2998,485.57416,0.1803002,1209.2949,513.76697,0.28904423,1209.8765,554.2193,0.027225282,1182.9601,526.3928,0.010130699,1162.9933,502.55942,0.0047495887,1113.9094,500.8374,0.0057398635,1150.144,490.2135,0.006956861,1135.3525,491.53964,0.004631727
128,7,883.6778869628906,295.8245487213135,32.1796875,2.7854154066197148,863.7031,303.64142,0.7227139,873.9806,311.3994,0.7117398,886.56836,305.45944,0.34577188,900.68005,309.98657,0.57354295,913.6354,302.9952,0.036985528,885.0764,315.44687,0.0326155,884.5891,311.3116,0.015468738,859.9061,303.38693,0.027470525,883.5779,297.73178,0.01674285,850.9193,307.0537,0.024926372
128,22,972.1876831054688,305.97236251831055,37.3780517578125,4.537918249290737,988.7804,316.94678,0.69526875,981.76135,313.5354,0.6439133,966.8948,317.7772,0.5744985,956.95935,311.35748,0.6091553,950.60504,309.70496,0.046430882,970.70526,317.7033,0.035396386,971.5874,311.799,0.035502557,974.1428,310.40646,0.0365031,975.1393,312.12073,0.02254398,953.7081,310.9392,0.024700422
128,43,829.0644836425781,218.27622985839844,16.92919921875,0.459169687728154,833.1586,222.48965,0.644961,827.5161,221.17747,0.6195609,826.0978,222.44617,0.5486678,822.65607,221.40924,0.5911028,823.6258,218.64418,0.0664112,827.6102,225.43546,0.069120415,833.1874,219.7652,0.04993703,828.0185,217.55579,0.059689313,831.75476,216.1186,0.039528396,807.7294,225.68036,0.053893246
129,1,1159.3311767578125,475.13651275634766,118.0777587890625,2.5047208800482945,1106.7781,484.6666,0.7877411,1147.7388,520.99194,0.6491618,1139.9272,485.4212,0.18039364,1209.1066,513.7096,0.2889457,1209.8389,554.1663,0.027331166,1182.7756,526.33826,0.010203684,1162.9835,502.43634,0.0047873138,1113.7878,500.68018,0.0057641556,1149.7688,490.14984,0.0070084664,1135.3281,491.52017,0.004672488
129,7,884.51953125,296.25605392456055,32.027435302734375,2.795673337086779,864.792,303.96463,0.7174041,875.0349,311.6304,0.7038163,887.45013,305.97763,0.35710514,901.5968,310.02524,0.57193816,915.0174,303.131,0.03502299,885.5195,315.58185,0.029547013,884.9928,311.62112,0.014190592,861.288,303.71573,0.024839336,883.7551,298.65112,0.015135667,850.92163,307.29913,0.023017477
129,22,970.1290283203125,304.85798835754395,36.704315185546875,4.308169868811024,985.55505,316.27103,0.69215155,979.0794,313.0023,0.64265186,964.4679,317.20737,0.5721939,955.83563,310.93396,0.6119844,949.6266,309.12158,0.049057003,969.2474,317.01855,0.039723366,970.1911,311.78824,0.03925423,971.04065,310.11987,0.04051,974.5255,311.35074,0.02511532,953.0825,310.21503,0.02777882
129,43,829.6546325683594,218.04724216461182,16.84918212890625,0.45659335216867875,834.55286,222.36835,0.6448552,828.751,221.00055,0.6166959,827.0825,222.3076,0.5500622,823.3191,221.24086,0.5869015,824.53394,218.50163,0.0649232,828.3334,225.22874,0.066315316,833.40295,219.691,0.047911957,829.1398,217.5217,0.05708406,832.265,216.22655,0.037943464,807.8994,225.34795,0.05205134
130,1,1159.3450012207031,474.98933029174805,118.1162109375,2.507069640148787,1106.7991,484.6099,0.78740937,1147.5267,520.87585,0.6491268,1140.0769,485.3519,0.18033877,1209.1145,513.5814,0.28899297,1209.5127,554.06134,0.027464146,1182.8593,526.173,0.010264711,1162.9763,502.24786,0.004822517,1113.7797,500.59784,0.005787406,1149.9922,490.08063,0.0070455945,1135.3148,491.33466,0.0047062323
130,7,884.66162109375,296.8481569290161,32.710052490234375,2.8882442356386746,865.07465,304.61395,0.7676644,874.8949,311.9974,0.78022224,885.8417,305.09668,0.28514695,902.5153,310.4688,0.5311086,915.05994,303.47363,0.030601105,889.3701,318.6174,0.015249323,876.66846,314.91476,0.008609384,866.2352,303.8152,0.01870199,888.4115,298.19626,0.009479645,847.68835,305.54544,0.010033222
130,22,967.3070068359375,303.55286407470703,36.036529541015625,4.05731434339675,982.05524,315.00244,0.69110584,975.6217,312.01892,0.64376754,961.6904,315.89124,0.5651448,953.8983,309.98984,0.61287445,948.1373,308.28085,0.0528437,967.4968,315.7716,0.046462845,968.8502,311.1231,0.043644533,966.9988,309.14578,0.04651639,974.05493,309.4008,0.028861731,951.58655,308.7626,0.032404672
131,1,1159.93212890625,474.99226570129395,118.2440185546875,2.512173491437043,1107.1796,484.55878,0.78753895,1147.2601,520.7921,0.64896846,1141.042,485.3462,0.17996983,1209.759,513.3791,0.28938136,1209.4463,553.9935,0.027565189,1183.4796,525.917,0.010277716,1163.1852,502.0248,0.004838062,1114.1028,500.59268,0.0058083036,1151.2091,489.97363,0.007067837,1135.1982,490.91263,0.0047214716
131,7,886.489013671875,297.4648246765137,32.552398681640625,2.831626328193917,872.09045,305.54694,0.7157135,878.2543,311.62048,0.7174332,890.4147,306.99454,0.36174452,902.5984,309.85464,0.5930006,911.0044,304.97696,0.0423549,890.7235,314.98987,0.048652004,898.46277,313.30795,0.024413865,871.3252,303.85754,0.04490044,906.506,299.71664,0.023235641,872.13025,309.79602,0.034177743
131,22,965.737060546875,302.59803199768066,36.367584228515625,3.9635688600217946,981.088,314.077,0.69468564,974.7962,311.36017,0.6444552,959.44336,315.1669,0.55773205,951.6238,309.32675,0.6119389,945.8214,307.3099,0.05466214,966.47424,314.8467,0.05116211,968.0172,310.30026,0.04691438,964.9053,308.48004,0.049723033,973.43396,308.55496,0.031195126,950.71564,307.63373,0.03564315
132,1,1160.5438842773438,475.4114112854004,118.29483032226562,2.5070521038982005,1107.2278,484.99265,0.78766924,1147.627,521.0853,0.6485468,1141.3082,485.81467,0.18024299,1210.1611,513.66724,0.29019588,1210.1682,554.09283,0.02743342,1183.6158,526.1711,0.010117882,1163.3021,502.50885,0.004741004,1114.2162,500.98016,0.0057554888,1151.4995,490.34555,0.0069868756,1135.3724,491.21555,0.0046214852
132,7,888.1494140625,299.921067237854,31.54229736328125,2.8761661606158624,873.8269,308.47092,0.7194115,880.6324,313.9621,0.7345059,891.68506,309.54605,0.3738145,903.95087,312.71243,0.6059929,911.5714,307.69446,0.038428344,892.2632,317.69986,0.04169695,896.59753,316.12717,0.023080634,871.98944,306.8371,0.04111421,907.09265,301.82297,0.019909576,873.5004,310.41382,0.028897537
132,22,963.46728515625,302.14098358154297,35.624542236328125,3.7635228467872386,978.5259,313.2861,0.69551605,972.1759,310.54062,0.64386207,956.9215,314.25446,0.5502482,948.88635,308.61856,0.6068186,943.5042,306.6274,0.05515771,964.37195,314.07184,0.054777805,967.45264,309.48944,0.0476467,961.8257,307.89664,0.05254325,973.1687,306.83398,0.032491457,949.15405,306.71268,0.03790834
132,43,830.8177185058594,218.89065742492676,17.35675048828125,0.47349163591053794,836.08655,223.52943,0.63931024,829.8977,221.83098,0.61019313,827.4454,223.2628,0.5686396,823.74133,221.9907,0.59430516,824.1887,219.5262,0.06402232,828.63684,226.06436,0.06328015,833.56665,220.14845,0.04730662,829.42883,218.38634,0.05467999,831.4835,217.26225,0.036711164,807.62036,225.76315,0.04999879
133,1,1160.4120483398438,476.010440826416,118.12261962890625,2.4960124029050275,1106.8741,485.43378,0.78759825,1147.8777,521.60474,0.64725536,1140.8846,486.35895,0.18098535,1210.5181,514.10693,0.29143298,1211.2966,554.2915,0.027105927,1183.905,526.51874,0.009913271,1163.2466,503.1742,0.0046074525,1113.7065,501.45148,0.0056345756,1151.2695,490.74188,0.0068301465,1135.6382,491.50638,0.0044637667
133,7,889.6417236328125,302.20736503601074,30.74102783203125,2.956643355979268,874.6183,309.95264,0.72525007,881.46045,315.3261,0.74193716,893.2611,310.9504,0.3775375,905.6581,314.0247,0.60624623,914.32007,308.65894,0.03615036,894.0145,319.22034,0.035930164,895.8402,318.24628,0.020708244,873.395,308.213,0.03725959,908.6519,303.51822,0.017314604,873.5542,311.38834,0.02497888
133,22,961.5673828125,302.38966941833496,34.854400634765625,3.6728004607642424,976.7591,313.6046,0.69074976,970.3898,310.96027,0.64171994,955.923,314.75607,0.55151767,947.5201,309.08612,0.6081692,942.5689,307.1791,0.053301733,962.8584,314.6066,0.052749656,966.91455,310.15286,0.045554545,960.7068,308.5144,0.05081712,973.1393,307.12146,0.030807732,948.45276,307.13828,0.03648778
133,43,831.4716796875,220.57959938049316,17.565765380859375,0.4858552686150085,837.06445,225.60448,0.6366022,831.5266,223.65076,0.61138546,827.9568,225.27113,0.580245,824.8981,224.02843,0.60684067,824.9573,221.7219,0.059832007,829.41016,228.04614,0.05552398,833.7865,221.3876,0.044036012,829.3436,220.12646,0.04971214,830.5265,219.06863,0.03311831,808.11414,226.78181,0.04397656
134,1,1159.8040466308594,476.5374755859375,117.92926025390625,2.4832887712811726,1106.2759,485.97903,0.7876861,1147.3029,522.27484,0.6479254,1140.749,486.90714,0.1805905,1210.8695,514.63617,0.29164612,1211.5719,555.01794,0.026984634,1183.9738,526.75433,0.009699394,1162.7137,503.5822,0.0045308615,1112.9307,501.9649,0.00551706,1151.5374,491.41165,0.006727862,1135.6858,491.8139,0.004381188
134,7,890.956787109375,304.03803062438965,30.832763671875,3.1203463283241075,876.60266,311.22003,0.7321551,883.59503,316.6154,0.751932,893.677,312.10526,0.37584716,906.6242,315.36377,0.6056467,914.9601,309.37827,0.035696782,895.925,320.56506,0.033503488,895.0383,319.59167,0.020754134,875.7301,309.33835,0.035534013,909.16174,305.35425,0.016323596,874.04736,312.44043,0.023370292
134,22,960.4770812988281,302.50046825408936,33.028564453125,3.464380697720432,973.1171,312.8035,0.62652946,967.12244,310.52563,0.59030336,954.57227,313.85684,0.63491637,948.4728,309.24197,0.5985017,944.84094,308.4707,0.036739737,954.0011,314.71307,0.023819253,959.51807,303.96497,0.020911358,958.9836,306.17862,0.021813676,946.446,308.2946,0.013779855,929.7451,311.52072,0.01926639
134,43,830.6724243164062,221.48123359680176,18.0714111328125,0.5038020710223478,834.9614,226.13489,0.6412694,830.3218,224.32423,0.6178875,826.1926,225.9978,0.5702686,823.6968,224.80077,0.6109325,823.63495,222.47086,0.060913347,828.72144,228.75629,0.057346642,833.029,222.08727,0.045690637,827.0583,220.79509,0.052649744,829.8679,219.28885,0.034879915,808.1416,227.05962,0.044665486
135,1,1159.3815307617188,477.069917678833,118.04159545898438,2.479642687461571,1106.046,486.89072,0.78533655,1147.38,522.8526,0.64512205,1140.8679,488.04913,0.18301317,1210.6532,515.17883,0.29538053,1212.2125,554.92487,0.027095178,1183.6908,527.11914,0.009562234,1162.0945,504.45395,0.0044470686,1112.7426,502.61066,0.005464232,1151.3809,492.20602,0.0066518416,1136.0574,492.41443,0.00426441
135,7,891.8397216796875,305.6915159225464,30.438446044921875,3.2525404619886453,877.6633,312.95508,0.7348622,885.0079,318.57315,0.757156,893.50085,313.82034,0.3654724,906.6663,317.34122,0.5969255,914.8602,311.07062,0.03253376,896.20514,322.7366,0.028173646,894.9226,321.61667,0.018045573,877.4348,311.35123,0.030373314,910.07275,307.5898,0.013852114,873.15283,314.13715,0.019376552
135,22,959.167236328125,302.51550579071045,31.969573974609375,3.3107875445954447,971.621,312.85553,0.6268126,965.9502,310.32227,0.5913117,953.16486,313.75067,0.6346693,947.78845,309.20837,0.5987109,943.66724,308.31116,0.038190864,952.92615,314.57373,0.02550412,958.955,304.06232,0.022686787,958.0497,306.40363,0.023287646,946.2949,308.07452,0.014891736,930.0987,311.5933,0.02056156
135,43,829.7733764648438,221.90578651428223,18.340301513671875,0.5132797946252836,833.6171,226.93245,0.643016,829.9343,224.92352,0.6216135,825.114,226.77689,0.5679483,822.7703,225.49051,0.61677796,822.2136,223.30531,0.061343335,828.37805,229.50424,0.057759196,832.72156,222.72154,0.04737054,825.82416,221.45049,0.054650027,829.48804,219.49197,0.035997458,808.6798,227.40344,0.044493955
136,1,1158.6543273925781,477.3464641571045,117.53228759765625,2.4678982759265935,1105.9558,487.2147,0.7829498,1146.9636,523.15424,0.644442,1140.3512,488.43192,0.1851252,1209.4883,515.50903,0.29808187,1211.7837,554.6116,0.02760601,1182.9832,526.7642,0.009674345,1161.3475,504.73898,0.004544392,1112.304,502.58707,0.005533976,1150.87,492.71524,0.006757018,1136.8175,492.55045,0.0043292837
136,7,892.7111206054688,306.3518543243408,31.041412353515625,3.4368654185777694,877.9519,314.00208,0.74016213,885.6127,319.99225,0.763017,893.77,314.95642,0.35389102,907.43713,318.63913,0.58949244,916.01587,311.99472,0.030327652,896.76624,324.34384,0.024787318,894.76135,323.2051,0.015750565,877.9148,312.64047,0.026922313,910.69116,308.99258,0.012088314,872.03406,315.23563,0.016837863
136,22,957.6949768066406,302.1155433654785,32.093994140625,3.2546027764193197,970.0609,312.49628,0.6246142,964.68835,310.23822,0.59240526,952.0228,313.73853,0.63142234,946.90625,309.13196,0.60091126,942.5232,308.18228,0.039781407,951.8638,314.31818,0.027440146,958.51917,304.1196,0.024492314,957.13135,306.45566,0.024819275,946.0392,307.92505,0.016095933,930.4335,311.5418,0.022037098
136,43,829.3818969726562,221.71246147155762,18.327301025390625,0.5122848174342399,833.38086,226.8483,0.64355975,829.75726,224.88339,0.62270004,825.12103,226.72374,0.5654168,822.86774,225.50813,0.61657643,822.40283,223.18056,0.061577,828.30444,229.51184,0.05836286,832.72,222.74588,0.047782227,825.99554,221.47359,0.05501136,829.5324,219.53647,0.03632113,808.8004,227.57883,0.044859525
137,1,1158.5891418457031,477.32900619506836,117.63299560546875,2.471471911586089,1105.8328,487.12384,0.78246176,1146.9398,523.25183,0.644204,1139.7156,488.32217,0.1851289,1208.7556,515.64246,0.29747745,1211.3545,554.6781,0.027567847,1182.5752,526.8508,0.009702326,1161.0245,504.82376,0.0045565916,1112.1466,502.4995,0.0055235913,1150.043,492.64804,0.006731952,1136.8954,492.71268,0.004338926
137,7,893.3523559570312,306.7328395843506,31.231292724609375,3.55296468639943,878.49854,314.85748,0.73898715,885.67456,321.0293,0.7632609,894.76306,315.74286,0.34965426,907.9723,319.5155,0.58330524,917.1055,313.33432,0.02891443,897.05255,325.42642,0.022082716,895.1296,324.2207,0.013989945,878.6028,313.43494,0.024802065,911.5311,309.69907,0.010975601,871.4286,315.8546,0.0149447685
137,22,955.9413757324219,300.8949794769287,32.84161376953125,3.2062263867061365,967.9023,311.2162,0.62819594,961.8583,309.2584,0.59489834,950.37146,312.51758,0.6196199,945.08075,308.08896,0.600392,940.9177,307.2177,0.043723747,950.21533,313.02942,0.032839954,957.4923,303.69952,0.028499573,954.8018,305.68896,0.029139576,946.7218,306.45358,0.019412657,930.24805,310.10788,0.0260785
137,43,829.14404296875,221.39234733581543,18.244903564453125,0.5087211061810212,833.1184,226.70126,0.6435234,829.5631,224.67455,0.6214468,824.6698,226.47557,0.5643691,822.50806,225.2648,0.61521655,821.88586,222.91884,0.0623142,828.1459,229.35289,0.059647575,832.82135,222.50595,0.048417006,825.6466,221.24629,0.055938274,829.30457,219.26471,0.037031572,808.51025,227.50714,0.045744136
138,1,1158.9517822265625,477.42608070373535,117.79010009765625,2.4736498367644444,1105.7952,487.16156,0.7825902,1146.9784,523.374,0.6441953,1139.6152,488.35864,0.18480799,1208.6575,515.80524,0.29700217,1211.3473,554.8094,0.027430762,1182.4481,527.0173,0.00964808,1160.9556,504.9717,0.00452316,1112.1035,502.59433,0.0054923235,1149.793,492.70804,0.0066786073,1136.8992,492.84018,0.004301814
138,7,894.0349731445312,307.80351734161377,31.749481201171875,3.8174395648896176,878.82623,316.1787,0.7421301,885.7059,322.7557,0.7678975,895.56934,317.12244,0.340755,908.78265,320.98187,0.5745119,918.75494,314.86237,0.026765026,897.4913,327.23096,0.018686248,895.0012,326.18707,0.011764098,879.28723,314.88742,0.021666287,912.7075,311.27057,0.009343396,870.2551,317.03845,0.012543686
138,22,954.3152160644531,299.91738510131836,33.39678955078125,3.1662582738780065,966.08624,309.81296,0.62629485,959.6271,308.10657,0.59674186,949.29285,311.1291,0.61332315,943.8369,307.09927,0.60017514,939.57837,306.0044,0.04754215,948.69775,311.7358,0.038698696,956.9994,302.87595,0.032959074,953.68933,304.74796,0.03327806,947.24866,304.86722,0.02265016,930.2069,309.11557,0.030701002
138,43,829.353515625,221.52232933044434,18.32647705078125,0.511659071003421,833.82587,226.93085,0.6426617,830.1227,224.75352,0.6194695,824.849,226.7107,0.5692643,822.46045,225.36151,0.61684716,821.6952,223.1246,0.06229677,828.4468,229.43086,0.05890919,832.8382,222.50598,0.04845911,825.86646,221.36281,0.055598345,829.20575,219.42882,0.036917288,808.6482,227.43272,0.045298398
139,1,1159.2685546875,477.5742416381836,117.91488647460938,2.474929110536399,1105.9392,487.39246,0.78183347,1146.9971,523.42816,0.64365417,1139.7333,488.6533,0.1856747,1208.4991,515.86615,0.29811865,1211.2402,554.6752,0.027483765,1182.3357,527.10364,0.0096419,1160.8671,505.14908,0.004513485,1112.2697,502.7531,0.005496688,1149.8286,492.88843,0.006673431,1137.0741,492.98267,0.0042857816
139,7,894.9781494140625,309.1760787963867,32.84307861328125,4.248893966794547,879.53796,317.8142,0.7441633,886.2439,324.76584,0.77183044,896.4037,318.66138,0.33386856,910.0187,322.63394,0.56390834,920.3423,316.5871,0.02494683,898.2504,329.3006,0.015682489,894.9897,328.33624,0.009822006,880.43176,316.52118,0.01871326,913.4903,313.14075,0.007906413,868.7506,318.5597,0.010430847
139,22,952.9956665039062,299.1925449371338,33.470489501953125,3.113865801570568,964.0145,308.954,0.6222256,958.2709,307.53165,0.6007177,948.1216,310.0871,0.6048389,943.39,306.69986,0.5994968,938.2688,305.39178,0.050637513,947.57263,311.07285,0.043787256,956.5666,302.40512,0.03657459,952.5177,304.12805,0.03655707,946.8173,303.76874,0.025123017,929.94543,308.6973,0.03459117
139,43,829.9476928710938,221.94464206695557,18.441009521484375,0.516991780909662,834.71576,227.71213,0.64103633,831.09796,225.49706,0.6213743,825.7422,227.57527,0.57534546,823.4404,226.16707,0.62005377,822.3999,224.1283,0.059999872,828.9806,230.14682,0.054819047,832.68604,223.16734,0.046148445,826.6536,222.10995,0.052638307,829.1402,220.29088,0.034485526,809.2208,227.87914,0.0422451
140,1,1159.7946166992188,478.05235290527344,118.16693115234375,2.474760742324307,1106.147,487.8144,0.78125495,1147.4204,523.6813,0.6434986,1140.1646,489.13156,0.18684654,1209.0804,516.0558,0.30009082,1212.0642,554.6761,0.027554028,1182.3596,527.22107,0.009562041,1161.0769,505.41656,0.0044630314,1112.5112,503.07172,0.005482266,1150.3264,493.30542,0.0066806157,1137.1981,493.1932,0.0042329337
140,7,896.578125,310.4789113998413,32.806915283203125,4.413291178008,881.71606,318.073,0.7101909,886.42883,324.79156,0.72308433,899.5395,319.60782,0.36676466,909.57776,322.90576,0.59805316,916.23376,318.88824,0.054426547,898.72174,327.93982,0.05967898,902.00806,324.44485,0.032423668,879.1327,316.44736,0.055174485,905.15015,311.1325,0.03173088,876.60815,321.59305,0.04273706
140,22,951.3088989257812,299.19174671173096,33.6024169921875,3.1166475329152057,961.3628,309.3051,0.62539494,956.64307,307.9264,0.6065262,946.925,310.23294,0.593456,942.64294,307.146,0.603946,937.1625,305.94138,0.052354593,946.50604,311.52722,0.04689279,955.3423,303.51514,0.039426517,950.59296,304.66296,0.039820958,947.163,303.83252,0.02747141,930.12976,308.65356,0.036329515
140,43,830.0864868164062,222.37565803527832,18.2120361328125,0.5125742113108919,834.3108,227.8789,0.63743496,830.8104,225.23253,0.6154332,825.1487,227.88058,0.58502483,822.5244,226.10336,0.62553966,821.29456,223.70622,0.060611226,828.57886,230.15027,0.05561958,832.8133,222.97119,0.04772471,826.7811,222.08394,0.053282168,828.79333,220.43062,0.035126634,809.20074,228.38516,0.042942733
141,1,1159.8028564453125,479.2114791870117,117.71319580078125,2.4480622984709344,1106.5361,488.70782,0.77946234,1148.4482,524.8792,0.64311856,1139.0951,489.9428,0.18755573,1207.6931,517.45557,0.30016884,1212.174,555.20276,0.027203709,1181.0312,528.20105,0.009299706,1160.8818,506.85883,0.004260581,1112.6738,503.78638,0.0053664,1148.6299,494.4628,0.006467135,1138.3325,494.58603,0.004031298
141,7,897.7282104492188,312.7397174835205,33.006134033203125,4.84788943295135,882.15137,320.76947,0.7173181,887.5635,327.4763,0.73439384,899.9448,322.307,0.37153497,911.36975,325.3799,0.60015273,918.8311,321.18314,0.04590927,899.9751,330.78098,0.04516357,900.83997,327.6577,0.025175022,879.4791,319.00906,0.0439181,905.6819,314.37875,0.023347557,875.9591,323.53622,0.032048177
141,22,949.8475341796875,300.0560703277588,33.262847900390625,3.1308075511532976,960.67474,309.91837,0.63852197,955.9984,308.6622,0.61816865,945.8454,310.81995,0.5805581,941.3864,307.65176,0.60233414,936.19763,306.53397,0.051020354,946.0222,312.1974,0.04567483,953.9383,304.53287,0.038062554,949.44324,305.19733,0.039386816,947.7023,304.47534,0.026539074,929.5513,308.7476,0.034735415
141,43,828.753662109375,223.05569458007812,17.781280517578125,0.502820976451066,831.6963,228.30768,0.64362204,829.44086,225.67511,0.62413055,822.9194,228.26186,0.57069033,821.0845,226.68196,0.6275149,819.3847,223.71382,0.061035715,827.4531,230.9148,0.05805371,832.1627,223.53566,0.04985258,825.41223,222.51001,0.05549453,828.181,220.7783,0.036258876,808.89685,229.42705,0.043837912
142,1,1159.163818359375,480.27883529663086,116.67416381835938,2.4136469870080175,1106.6036,489.4798,0.7760848,1148.87,525.628,0.64314926,1138.6873,490.58383,0.18974957,1206.9103,518.28784,0.302027,1211.97,555.4322,0.027496256,1179.49,528.44653,0.009233462,1160.4779,507.57202,0.0042276992,1112.7905,504.27484,0.0053453753,1147.8601,495.39264,0.0064651715,1139.0431,495.41153,0.003981837
142,7,898.1632690429688,314.77601623535156,33.686553955078125,5.450310150219278,883.5101,322.5669,0.7264012,889.2516,328.97955,0.74593264,900.5574,323.8051,0.3736476,913.0664,326.8639,0.600667,920.742,322.31586,0.043823585,902.34827,332.4097,0.039570037,899.5891,329.61493,0.023329813,880.7111,320.24832,0.0406494,906.2682,316.4281,0.02055699,876.19385,324.72934,0.028048731
142,22,947.9613647460938,300.93102836608887,33.842742919921875,3.235705280107125,958.20795,310.29803,0.6500486,954.4997,309.57126,0.627904,944.1145,311.90808,0.5647257,939.8552,308.16302,0.60368466,935.0725,306.6853,0.04900081,944.9082,313.06903,0.044901624,952.7367,305.81485,0.036295228,947.15027,305.99005,0.038798727,947.4648,305.40692,0.02547732,928.8917,309.2222,0.033218056
142,43,827.6486206054688,223.92864418029785,17.099212646484375,0.48594216063704715,830.82,228.83989,0.64804506,829.14575,226.37016,0.6327168,822.22705,228.75247,0.5607315,821.0631,227.54535,0.62632835,819.28125,224.20657,0.060278926,827.1825,231.80151,0.057200145,831.5071,224.21375,0.049062256,825.5431,223.14932,0.05469624,827.8235,221.64783,0.035232328,808.6217,230.62978,0.04269193
143,1,1158.8462219238281,480.9840545654297,116.5927734375,2.4012253940838235,1106.3757,490.15933,0.7750452,1148.7424,526.7095,0.64311093,1138.4801,491.11795,0.18897146,1206.603,519.34406,0.30086827,1211.8214,556.4286,0.027083566,1178.8988,529.09015,0.008927536,1159.9045,508.4748,0.0040681455,1112.5688,504.9557,0.005163852,1147.4521,496.1754,0.0062256837,1139.3064,496.16412,0.0038178167
143,7,898.9432067871094,316.16886806488037,34.1627197265625,5.971697381495762,884.2227,323.82864,0.73348427,890.4065,330.2291,0.7540539,901.0974,325.03088,0.3706117,914.36774,328.12122,0.5982759,922.4618,323.09668,0.04175473,903.8043,333.83838,0.035274405,898.83765,331.33783,0.02148411,881.98114,321.47995,0.03729562,907.0552,318.14038,0.01838921,876.1846,325.91763,0.02493231
143,22,946.3371276855469,300.83166217803955,33.69561767578125,3.1867254205976985,955.6265,309.77643,0.6533678,952.37854,309.32462,0.63045925,942.17664,311.27914,0.55344355,938.5655,307.8805,0.5985036,934.0523,306.15628,0.047993526,943.1428,312.88757,0.046087213,952.19727,305.7444,0.035335,944.7691,305.7854,0.038909998,947.4464,304.6671,0.025219187,927.37585,308.99188,0.03379273
143,43,826.400390625,224.18510627746582,16.459625244140625,0.4677628493099602,830.2174,228.83832,0.64986634,828.2646,226.74774,0.63849473,821.97015,228.8816,0.54994094,820.56244,227.89857,0.6246826,819.0032,224.82874,0.060029555,826.7309,232.01204,0.057238445,830.8601,224.6563,0.048576467,825.16736,223.32697,0.055485398,828.19885,221.78827,0.035256863,808.502,230.73558,0.042209983
144,1,1158.5914306640625,481.43054580688477,117.51901245117188,2.4141775296140002,1105.8824,490.787,0.7737457,1148.9376,527.32153,0.6436404,1138.5437,491.76602,0.18993118,1207.0469,519.96594,0.3019361,1212.4924,557.09534,0.027010366,1177.8978,529.6527,0.008738413,1159.4673,508.87924,0.0039938046,1112.3718,505.5577,0.0050592422,1147.0199,496.9502,0.0061671473,1138.9241,496.87646,0.0037315805
144,7,899.0777893066406,316.67084884643555,34.1363525390625,6.105961088828223,884.4293,324.1052,0.73425883,890.2964,330.50717,0.75633335,900.9332,325.2273,0.37068075,913.96924,328.3537,0.5985227,921.9757,323.4474,0.04174254,903.80145,334.01993,0.034948684,898.4174,331.60355,0.021700218,882.17896,321.59753,0.037578944,907.305,318.48413,0.018268228,876.34155,326.0476,0.024724523
144,22,944.4832763671875,300.4837646484375,33.199310302734375,3.079515809997618,954.626,309.62137,0.66617125,950.57117,309.0293,0.63743544,940.16125,310.87756,0.5402729,936.1581,307.4748,0.5942551,931.8533,306.088,0.05005099,941.94543,312.4486,0.05037968,950.3434,305.79614,0.037672218,942.5784,305.54263,0.043247502,947.9341,304.122,0.027834505,926.7648,308.13712,0.03618703
144,43,825.4121704101562,223.88796043395996,16.447540283203125,0.4661216459157304,829.8241,228.63441,0.6510514,828.1258,226.43378,0.63929445,821.251,228.74393,0.55052876,819.60913,227.67616,0.62665075,817.7328,224.48589,0.061169308,826.48535,231.75468,0.059534695,830.749,224.35796,0.0506766,824.5336,223.11876,0.057701856,828.0222,221.36292,0.036682244,808.6073,230.48746,0.04372512
145,1,1158.0503540039062,481.3663272857666,117.9202880859375,2.4246730569321095,1105.2498,490.59485,0.7734847,1148.3235,527.0544,0.6430493,1138.2097,491.6156,0.19054769,1207.1001,519.6047,0.30227202,1212.358,557.00256,0.02712215,1178.0701,529.3635,0.008823015,1159.1678,508.55826,0.004061638,1111.7457,505.4055,0.005075272,1146.9897,496.67676,0.006218233,1138.651,496.5814,0.0037884582
145,7,899.4050903320312,316.3761749267578,34.486724853515625,6.086236433624482,884.6078,324.21362,0.73625773,890.78235,330.4017,0.757991,901.08435,325.31003,0.3760135,914.6211,328.22546,0.6007754,922.48334,323.15274,0.04239712,904.682,333.95422,0.03531748,898.0871,331.69156,0.022278383,882.56165,321.4872,0.038391862,907.0608,318.65955,0.018461376,876.8435,326.1792,0.025087595
145,22,942.7890014648438,298.87629318237305,32.011871337890625,2.843027708718836,953.3351,308.1615,0.67046803,948.9404,307.4358,0.63331467,937.6406,309.2966,0.52723765,933.1124,306.1324,0.5861534,928.4808,304.57904,0.0555638,940.3453,310.82584,0.060918756,949.81165,304.03583,0.043677934,940.0574,304.20486,0.051223777,947.59644,301.97116,0.034152027,925.6269,306.73895,0.043295845
145,43,825.9299011230469,222.732027053833,16.76898193359375,0.47148413520306437,830.82263,227.87875,0.64809865,828.6627,225.65317,0.6311094,821.9569,227.87497,0.5571738,820.1682,226.74815,0.6266329,818.3747,223.66064,0.06323349,826.85925,230.7603,0.062266104,831.4411,223.50142,0.052825056,824.7444,222.34734,0.05893875,828.2235,220.58238,0.03878949,808.62024,229.39745,0.046498265
146,1,1158.2823486328125,480.84130096435547,117.80905151367188,2.431091152167931,1105.4688,489.9691,0.77441657,1148.2487,526.3756,0.6424131,1138.0366,491.0416,0.19021642,1206.8809,518.9382,0.30190536,1212.0277,556.3488,0.027287366,1178.7389,528.9019,0.009039169,1159.5156,508.05142,0.0041586366,1111.7766,504.82953,0.005188421,1147.0779,495.95123,0.006323017,1138.6873,495.94156,0.0038887851
146,7,900.6281433105469,316.13153171539307,34.85833740234375,6.15165134000696,884.33405,324.5055,0.74331677,891.5206,330.56116,0.76110923,902.55084,325.37347,0.37061048,916.9539,328.5626,0.5983659,925.9927,323.0106,0.04243514,906.72314,334.50806,0.033663377,898.166,332.33258,0.021014595,882.2188,321.6426,0.03753695,907.7602,318.31793,0.017997457,876.46216,325.98666,0.024135064
146,22,941.1425170898438,297.1789312362671,30.755401611328125,2.6090928338741843,949.02905,306.40762,0.67431664,945.3679,305.64966,0.6298826,936.0563,307.2686,0.5115959,932.78815,304.5163,0.57616156,928.90265,302.446,0.057297863,938.4834,309.5512,0.06795956,950.12756,302.83325,0.04459143,937.50464,302.6306,0.05561881,947.9104,299.70212,0.03709631,924.2709,306.8291,0.047867768
146,43,826.3814392089844,221.63719654083252,17.014892578125,0.4747885174906618,831.48413,227.03598,0.644389,828.8062,224.59236,0.62111545,822.03406,226.99239,0.5680785,820.2021,225.58394,0.6253443,818.4314,222.59975,0.066113755,826.959,229.52411,0.06621423,831.78015,222.48535,0.055668768,824.4004,221.50781,0.061332766,828.12634,219.56702,0.041529655,808.4558,228.15666,0.050347794
147,1,1158.7479858398438,480.3159656524658,117.49713134765625,2.432131585919403,1105.742,489.45837,0.77543217,1148.4004,525.6649,0.64242345,1137.9032,490.58154,0.19025075,1206.5826,518.2682,0.30203897,1211.9142,555.61194,0.02753075,1179.2242,528.48395,0.0092655355,1159.8994,507.53497,0.0042642923,1111.9404,504.24805,0.005319401,1147.0757,495.3883,0.0064747343,1138.7129,495.50415,0.004007529
147,7,901.8497314453125,317.00110816955566,34.058807373046875,6.248896163537419,885.6019,325.64722,0.7437072,892.411,331.12878,0.7620913,903.7372,325.74707,0.37862006,917.902,329.2201,0.5979782,927.2254,324.1194,0.04316542,908.3912,335.22327,0.03141687,897.96,333.132,0.020556662,883.2815,322.01886,0.037092272,908.7926,318.5652,0.017577369,876.35486,326.02075,0.022870546
147,22,939.3828735351562,296.1453323364258,30.113800048828125,2.466397894578954,947.048,305.193,0.6890809,943.2329,304.4915,0.6391349,934.72485,306.26297,0.48969084,931.308,303.6651,0.5773402,928.6412,301.5849,0.0644156,938.3175,308.4137,0.08118035,948.51324,302.0303,0.05244743,935.70544,301.34622,0.06804887,948.56213,298.17252,0.04630717,924.6158,306.0453,0.05661268
147,43,826.2605895996094,221.41763305664062,16.7197265625,0.46567176869869403,831.07434,226.82399,0.6448707,828.1869,224.49327,0.6223964,821.88416,226.83954,0.56427383,819.9226,225.43507,0.6247411,818.2792,222.57008,0.066721916,826.69836,229.35434,0.06758609,831.65356,222.42618,0.056238864,824.0669,221.34247,0.06271556,828.21155,219.30803,0.042354424,808.42554,228.0187,0.05115005
148,1,1158.9707336425781,480.12758445739746,117.135498046875,2.4267585818915784,1106.0593,489.35156,0.7759601,1148.6344,525.46185,0.64259446,1138.1489,490.4886,0.18990351,1206.593,518.146,0.3019546,1211.9473,555.3429,0.02758798,1179.3762,528.4072,0.009309323,1160.1665,507.45428,0.0042776745,1112.2131,504.12372,0.0053643645,1147.2264,495.29022,0.006510503,1138.7898,495.39914,0.00402459
148,7,903.24169921875,318.0377712249756,32.95953369140625,6.421331538022507,886.2479,326.26868,0.7466759,894.0097,331.9032,0.76704323,903.9553,326.30524,0.36924538,919.0725,330.16504,0.59337056,928.1922,324.7064,0.041965466,909.7458,336.16278,0.02929368,898.41797,333.6729,0.019445807,884.2172,322.6248,0.034972347,908.71924,319.17047,0.016569626,876.2024,326.90225,0.021155214
148,22,937.563720703125,295.4837579727173,30.121490478515625,2.425729272199885,945.8322,304.02893,0.7347461,943.839,303.9548,0.71985936,932.27515,304.60815,0.4415259,930.6261,302.97964,0.5938159,928.0981,299.35184,0.030734336,937.70984,308.84268,0.028159114,939.7079,304.55133,0.023191296,936.1543,300.05008,0.029575549,954.28784,299.86044,0.01441051,924.3595,300.58105,0.01770626
148,43,825.9688110351562,221.6480884552002,16.502655029296875,0.46027633671921697,830.7801,226.99463,0.6451002,828.0337,224.57242,0.62296927,821.5895,226.99483,0.5647046,819.6426,225.55463,0.62534136,817.90704,222.68349,0.067214124,826.5874,229.493,0.068058975,831.5134,222.5148,0.057063896,823.8683,221.4855,0.063617736,828.06067,219.35814,0.042855676,808.56464,228.15074,0.051466454
149,1,1159.1121826171875,480.13391876220703,116.94607543945312,2.4220993247989706,1106.1611,489.312,0.7763602,1149.1057,525.4675,0.64285743,1137.9255,490.43927,0.18969864,1206.6094,518.18823,0.3014401,1212.2458,555.35474,0.027457483,1179.2606,528.6079,0.009286833,1160.4263,507.49786,0.00424061,1112.3798,504.11652,0.005344323,1146.8514,495.2721,0.0064868373,1138.7506,495.55182,0.0039965883
149,7,904.4393005371094,319.448673248291,32.2034912109375,7.023564782686022,886.61865,327.86972,0.7546844,895.61597,333.83234,0.77783966,903.7416,327.67175,0.35007843,920.5604,332.1517,0.5828961,929.44214,326.17505,0.039200332,911.3855,338.41238,0.02523029,898.42224,335.5194,0.016751645,884.76294,324.1662,0.030861039,908.83594,320.71686,0.014316452,874.8737,328.67072,0.017780555
149,22,936.10107421875,294.8874320983887,30.721527099609375,2.443691132340891,943.7009,303.5278,0.73778075,942.2877,303.64774,0.72354037,930.8945,304.1653,0.44008783,930.6355,302.5399,0.5941013,928.57556,298.35364,0.0303648,937.0219,308.48447,0.028984549,939.16113,304.54358,0.023234455,934.1776,299.75284,0.029794522,954.0178,299.45163,0.014229346,923.75916,300.22546,0.018317258
149,43,824.7698364257812,221.7306146621704,16.3385009765625,0.4556119795022328,829.1504,226.737,0.64792615,826.62616,224.45187,0.6277205,820.10065,226.70992,0.5550618,818.4745,225.52448,0.62419957,816.607,222.4784,0.068802595,825.5477,229.42924,0.07231851,830.85156,222.50247,0.059828155,822.72156,221.38426,0.067360006,827.8673,219.07538,0.045219883,808.302,228.24857,0.054094624
150,1,1159.1461486816406,480.5167579650879,116.930419921875,2.4153679991840344,1106.4233,489.82437,0.7752573,1149.5022,526.05804,0.6431144,1138.2197,490.83807,0.1897585,1206.6233,518.8102,0.3015814,1212.3345,555.78577,0.027415939,1178.6825,528.99054,0.0091398945,1160.364,508.01932,0.004156297,1112.7667,504.5321,0.0052858246,1146.8629,495.8452,0.006411411,1138.9496,496.07843,0.003915073
150,7,904.7567138671875,320.47498512268066,32.44024658203125,7.88970723027205,886.16516,328.821,0.7195061,894.9833,336.17523,0.7130294,905.3613,329.89862,0.3365037,918.71924,334.73535,0.58216286,927.39624,329.66547,0.055204906,906.52954,339.5959,0.057807624,907.3003,334.31595,0.029523507,881.5056,327.17303,0.049292747,904.28906,321.17755,0.032641206,876.81213,332.298,0.04366462
150,22,935.0731201171875,295.0302629470825,31.00250244140625,2.465736198994754,944.05536,303.99106,0.7358047,941.6997,303.86337,0.7184252,930.3175,304.63718,0.44531357,928.9673,302.61118,0.5902982,927.13416,298.79648,0.029564649,936.03644,308.72226,0.027632436,939.1432,304.6062,0.02180564,933.80566,300.10504,0.028550353,953.8801,299.5679,0.013528604,922.7904,300.16806,0.017437918
150,43,823.4797668457031,221.709397315979,16.346923828125,0.45547769062925986,827.7493,226.4319,0.6522835,825.40015,224.54004,0.63541156,819.0648,226.51474,0.54090905,817.4479,225.53658,0.62327987,815.3356,222.48569,0.06994147,824.646,229.39877,0.07647988,830.2688,222.61978,0.062061694,821.5254,221.29141,0.07107293,827.8821,218.71413,0.04740753,808.1881,228.04028,0.05628387
151,1,1158.4498901367188,480.8989791870117,116.81826782226562,2.407281393758769,1106.0339,490.04797,0.77477664,1148.8105,526.56195,0.6432257,1137.9801,490.97876,0.18942975,1206.2053,519.2804,0.3007658,1211.8176,556.35785,0.027170895,1178.3743,529.1333,0.008997623,1159.7764,508.38934,0.0041082785,1112.2935,504.81253,0.0051979613,1146.6597,496.1518,0.0062871072,1139.1729,496.3205,0.0038563323
151,7,904.9022827148438,320.97907733917236,32.580780029296875,8.568767783407655,886.92236,329.7707,0.7208889,895.74426,337.15213,0.7207825,906.11707,330.59555,0.33317924,919.75433,335.8386,0.5840442,927.97925,331.01022,0.05515155,907.43286,340.66406,0.056250397,907.1194,335.09952,0.029196234,881.8579,328.03723,0.049251243,903.9787,321.71985,0.03219191,877.22766,332.8794,0.041884966
151,22,934.6118774414062,294.0800142288208,29.72991943359375,2.2990927843377613,943.2378,302.25662,0.65520906,939.04596,302.74628,0.6642707,933.754,302.2266,0.5488541,934.00653,301.86667,0.56700593,933.5524,299.39746,0.030334186,930.1277,308.06766,0.017271947,930.55133,299.01782,0.01424794,939.2313,297.88928,0.015801037,928.14,299.56058,0.009092377,904.2262,303.6166,0.013617274
151,43,822.7767333984375,221.4565658569336,16.211151123046875,0.45052853175197516,827.8141,226.29237,0.6514297,825.312,224.37128,0.6341241,819.1909,226.34512,0.5426,817.59717,225.29346,0.6213866,815.5305,222.37521,0.07023355,824.69293,229.18195,0.07663834,830.3721,222.47441,0.061752386,821.5131,221.14201,0.07120826,827.8865,218.47122,0.04741997,808.1327,227.88043,0.056528866
152,1,1158.0188598632812,480.8360481262207,116.76388549804688,2.408702831392351,1105.8643,490.07718,0.77416474,1148.6064,526.447,0.64246964,1137.785,491.0906,0.19035941,1206.1663,519.10486,0.30203232,1211.8179,556.1155,0.027348658,1178.5397,528.97174,0.009070008,1159.6008,508.2998,0.004152387,1112.04,504.75876,0.0052238484,1146.6776,496.1292,0.006335868,1139.195,496.17255,0.0038899512
152,7,905.349609375,320.68154525756836,32.446929931640625,8.45174590949038,887.47943,329.59286,0.7177648,896.74243,337.1188,0.7182215,906.1638,330.50266,0.33290792,920.3751,335.7845,0.58191305,928.24896,331.0151,0.054976124,907.91,340.5219,0.055747077,907.82025,334.69717,0.0290212,882.45166,327.90292,0.048307177,903.4015,321.721,0.0320388,877.365,332.98547,0.04165953
152,22,933.3740844726562,293.3927936553955,28.945770263671875,2.192025112879955,939.7787,302.05215,0.66001743,936.14813,302.99023,0.67734206,932.2289,302.01956,0.5272787,932.84607,302.466,0.57481456,931.67523,300.14212,0.034820683,928.19727,308.22046,0.021106608,928.8745,299.86032,0.01808942,937.7495,298.3612,0.019482203,928.70605,299.16977,0.011726456,906.0928,303.56223,0.01642572
153,1,1157.8597412109375,480.06939125061035,116.45333862304688,2.41341059313789,1105.8328,489.11508,0.7760656,1148.4153,525.45605,0.6428637,1137.4568,490.21555,0.18937692,1205.9507,518.1803,0.30043396,1211.2809,555.5263,0.02739532,1179.0159,528.56824,0.009327014,1159.8777,507.3653,0.004283479,1111.9807,504.00018,0.0053393696,1146.3475,495.09988,0.0064646173,1138.7424,495.4826,0.0040307967
153,7,906.4144592285156,319.5204620361328,34.27862548828125,8.322513828177964,887.96906,327.6158,0.7107865,899.35925,335.88434,0.7035129,907.29236,329.29413,0.3292138,924.1808,334.41882,0.5694376,932.51636,328.64053,0.052815977,909.656,338.98038,0.053412527,910.2158,333.0862,0.026760029,883.5214,326.58777,0.042993117,902.441,321.18665,0.030106816,877.41284,332.42087,0.04139473
153,22,932.0681762695312,291.754114151001,28.3890380859375,2.0802308647510723,936.67584,300.6635,0.66518676,933.51843,302.654,0.68174136,930.3166,300.37134,0.49499762,932.5825,302.3518,0.54750293,934.4723,299.21652,0.03271198,926.4044,307.56516,0.020180147,927.4137,301.08133,0.01666572,935.9845,298.8313,0.017914945,932.6988,298.42856,0.010997202,903.1969,302.40784,0.016020387
154,1,1158.12890625,479.0412254333496,116.8974609375,2.435635880007499,1106.0408,488.1905,0.77894217,1147.7473,524.39154,0.64347774,1137.9504,489.36377,0.18769796,1206.1204,517.0271,0.29907563,1210.7389,554.8228,0.027477877,1180.368,527.87994,0.009565984,1160.2303,506.3395,0.004424073,1112.1104,503.18375,0.0054555554,1147.2719,494.0252,0.0065944744,1138.3083,494.41824,0.00419114
154,7,907.836181640625,318.6888656616211,35.396575927734375,8.192295546789227,890.4606,326.48804,0.7032421,901.8425,335.20172,0.69505054,908.8614,328.48868,0.33542845,926.2274,333.6516,0.5641731,934.4108,327.5641,0.051357552,910.87115,337.90912,0.051275447,911.55725,331.82254,0.025746873,885.8208,325.68213,0.039386507,902.0748,321.16388,0.02832351,877.94165,331.80334,0.04104961
154,22,931.4725341796875,289.75504875183105,28.166656494140625,1.9739540424731166,937.1138,298.98727,0.66469026,933.08997,301.2191,0.66755724,929.586,298.86606,0.48676047,930.91974,300.7399,0.51649266,935.71045,296.8594,0.03037694,925.45715,305.82446,0.018594531,927.5675,300.8856,0.014846811,936.76086,298.4772,0.015778162,936.50555,297.7213,0.009949181,900.4092,300.8389,0.015132796
155,1,1158.8602294921875,477.56605339050293,117.75274658203125,2.4730360457088185,1105.9005,487.0207,0.78153783,1147.2473,523.1872,0.6444925,1138.8674,488.1612,0.18529457,1207.326,515.8816,0.29620937,1210.3745,554.5951,0.027506009,1181.238,527.27545,0.009777581,1160.6886,504.95306,0.0045760227,1112.2996,502.41724,0.0055509387,1148.2205,492.65796,0.0067268494,1136.9966,493.25824,0.004352037
155,7,909.2499389648438,318.1998882293701,35.845733642578125,8.127602148395935,891.9581,325.1652,0.7013752,903.391,334.32025,0.6901552,909.04285,327.36044,0.33633742,927.6398,332.61145,0.5560462,935.2727,325.94595,0.04921361,911.40295,336.73178,0.049702253,911.8014,330.6813,0.024338426,886.9507,324.41284,0.03599438,901.56647,321.2574,0.026000945,877.8063,331.11636,0.040855262
155,22,929.5673217773438,287.58274269104004,28.039947509765625,1.8749308263933224,937.41833,296.74103,0.66341555,930.61615,298.0277,0.6500431,927.724,296.2524,0.50295174,925.7448,297.3523,0.4917895,931.8811,292.91287,0.03123172,922.9402,302.50516,0.020082502,927.7947,299.31775,0.015774727,937.0889,296.79144,0.01653952,940.6163,295.3386,0.010454173,898.5079,298.73755,0.016548093
156,1,1159.78125,476.5708465576172,118.47372436523438,2.4962441931086135,1106.5996,486.47455,0.7847098,1147.5312,522.7477,0.6463701,1139.8811,487.43686,0.18216406,1208.5538,515.4402,0.29234752,1210.1711,554.9282,0.026965203,1182.2765,527.4464,0.009692197,1161.7587,504.43637,0.00449572,1113.2509,502.26593,0.005519823,1149.4375,491.93964,0.0066328477,1136.4272,492.85474,0.004322102
156,7,910.7459106445312,318.1655387878418,36.195648193359375,8.268860902174726,893.7401,324.53253,0.69833547,905.33923,333.74612,0.6848921,908.9968,326.7957,0.34240246,928.662,332.00537,0.5494414,935.5014,324.9033,0.04693334,912.12085,336.00446,0.04681537,912.04736,329.87982,0.022862054,888.3667,323.62027,0.032615792,901.0178,321.6778,0.023519948,877.7316,330.8189,0.0393947
156,22,927.8168334960938,286.0867910385132,29.3902587890625,1.937803299611271,937.1852,295.23987,0.66935444,930.0327,296.0112,0.6494505,926.3033,294.7376,0.50203776,923.1693,295.31064,0.48955053,928.4901,290.3971,0.03354413,922.35486,300.66653,0.023640588,928.31226,297.7282,0.01816748,936.66406,295.32413,0.018862499,940.87573,293.4218,0.012065903,898.7982,297.80685,0.018984735
157,1,1159.931396484375,476.48752212524414,118.65756225585938,2.4993069459543733,1106.0715,486.68433,0.78537506,1147.2198,522.69275,0.64563805,1140.6844,487.732,0.18228002,1210.4059,515.07935,0.29361266,1211.3867,555.0543,0.02702919,1183.4795,527.12726,0.009598807,1162.0806,504.28302,0.004467171,1112.8656,502.5351,0.005466897,1151.1978,491.92725,0.0066332435,1135.9435,492.37567,0.0042923596
157,7,912.0753479003906,318.95526695251465,35.72662353515625,8.587318478979556,893.6638,326.69885,0.757902,905.44055,334.9565,0.7765286,906.8175,327.10428,0.29308707,927.29517,333.6685,0.56895953,933.978,323.33923,0.024100482,913.3409,339.6391,0.025020309,915.5106,338.52817,0.0133281015,892.26654,327.78476,0.02105187,932.79004,323.64032,0.009733199,887.88556,328.3322,0.016393734
157,22,926.1492919921875,285.14251613616943,30.10162353515625,1.9658269147942375,936.2203,294.13095,0.6736048,928.53687,294.20883,0.6503475,924.60986,293.4674,0.5079838,920.6727,293.40802,0.49595556,924.6641,288.73575,0.038512453,921.9221,298.86792,0.029850839,928.11743,295.9876,0.022562107,935.059,293.55328,0.023988094,939.8274,291.35477,0.015254093,899.4633,297.08612,0.023295503
158,1,1159.8701477050781,476.50904846191406,118.639892578125,2.497666448346746,1106.0627,486.63528,0.78598154,1147.3489,522.6474,0.6461296,1140.6906,487.67786,0.1819626,1210.6575,515.0492,0.2932727,1211.6255,555.0892,0.026935153,1183.5408,527.1989,0.009574043,1162.2686,504.2357,0.004449533,1112.864,502.54584,0.005452545,1151.1897,491.91434,0.006623234,1135.855,492.36826,0.0042767827
158,7,912.6428833007812,319.7485227584839,35.524200439453125,9.104569657630574,893.5598,327.51703,0.7633551,904.9751,335.75815,0.7795281,907.824,327.82794,0.29007047,927.94324,334.43362,0.56604445,935.9358,323.8458,0.022920419,913.49725,340.63034,0.022583148,915.07385,339.97202,0.011962907,892.4724,328.72708,0.019299673,934.48254,324.42084,0.00882269,887.0535,328.69366,0.014814554
158,22,924.6693420410156,284.3656883239746,30.98272705078125,1.9971725147919088,935.2208,293.30933,0.67712694,926.9027,293.4548,0.65021247,922.9242,292.7306,0.49995315,918.60596,292.4404,0.48766768,922.3526,287.79245,0.040717836,920.8385,297.91254,0.03280603,927.67065,295.30643,0.023988212,933.9884,292.66522,0.026306575,939.8678,290.50977,0.016689984,898.7711,296.72366,0.025254572
159,1,1159.6049194335938,476.5609588623047,118.57781982421875,2.4955578513017467,1106.1777,486.68298,0.7861562,1147.4556,522.66113,0.646227,1140.8975,487.76562,0.18211079,1210.8264,515.0595,0.29366723,1211.8701,555.0789,0.026925126,1183.5897,527.2358,0.009553153,1162.3481,504.25327,0.0044375383,1113.0107,502.58444,0.005453344,1151.3658,491.96713,0.006627117,1135.8278,492.3943,0.004266619
159,7,913.3379516601562,320.4696807861328,36.048614501953125,10.07596863358518,896.957,327.04996,0.6944643,908.4593,336.42706,0.6969236,912.05457,328.9536,0.34367692,931.2969,334.7122,0.55784905,938.70715,328.63092,0.042211484,915.3373,338.80402,0.037853636,913.56287,331.37198,0.019227365,890.9181,325.59274,0.02842645,900.4464,323.28055,0.01944552,877.9817,332.74188,0.031070296
159,22,924.2792358398438,283.4711608886719,29.81597900390625,1.8710874665893753,938.46155,291.35577,0.68807435,931.8562,290.79834,0.68108284,922.15405,291.97635,0.50690687,915.5641,289.58496,0.59146756,910.42126,288.75772,0.04008333,922.0979,295.52753,0.027388833,925.25134,287.1457,0.025646757,929.8794,286.08463,0.028871296,927.80347,286.7994,0.017252905,905.12524,289.51096,0.018455967
160,1,1159.03857421875,476.4912815093994,118.63998413085938,2.4981003385703926,1106.0488,486.37317,0.7866638,1147.3853,522.5079,0.6468186,1140.4622,487.43896,0.1817152,1210.2983,514.99414,0.29268703,1211.5854,555.0713,0.026863514,1183.2607,527.2456,0.009609407,1162.143,504.07495,0.0044805403,1112.8667,502.3357,0.0054718507,1150.627,491.7417,0.0066492897,1135.6693,492.4165,0.004310335
160,7,914.080078125,321.236852645874,37.287139892578125,10.951018554988853,895.6083,328.74673,0.78566545,908.24396,337.09512,0.7981145,909.46375,329.23132,0.27543956,931.68225,335.72583,0.5615565,940.4678,323.62927,0.023480183,918.48816,342.40274,0.021337217,913.77234,342.05585,0.011733116,894.689,329.88013,0.018840568,935.27765,326.25247,0.008514309,887.5436,329.85995,0.013846044
160,22,923.08154296875,282.46570587158203,28.395355224609375,1.729821839358495,934.91125,290.5043,0.69048905,929.12585,289.53104,0.6795677,919.994,290.80997,0.5106755,914.8991,288.2905,0.5963753,910.05444,287.6226,0.042589474,921.22144,294.14633,0.03131351,924.25,286.57404,0.028448617,925.67554,285.02548,0.033420857,927.29346,284.95352,0.019712051,904.92285,288.0322,0.021111934
161,1,1158.8616943359375,476.051176071167,118.53817749023438,2.5038005879887253,1105.9426,485.69266,0.7869663,1146.9642,521.8879,0.64782506,1139.9938,486.65564,0.18140672,1209.7489,514.4409,0.29109925,1210.5692,554.8028,0.027011551,1183.0068,526.831,0.00983898,1162.1499,503.3973,0.004625152,1112.7383,501.77493,0.0055649118,1150.1819,491.09592,0.0067717456,1135.4767,491.98746,0.0044605406
161,7,915.1931762695312,321.04630851745605,38.557159423828125,11.293068331915233,896.5868,327.91046,0.79314,909.1196,336.35226,0.80355024,911.3345,328.5762,0.26959348,933.4917,335.0315,0.56344396,943.05005,322.6618,0.025357267,920.7267,341.66205,0.023340577,913.9012,341.3119,0.012602037,895.15967,329.02725,0.020671202,935.13293,325.33246,0.009407269,888.72925,329.28934,0.015102374
161,22,921.6080932617188,281.1166019439697,27.25250244140625,1.6031254477754915,930.28546,290.1273,0.6860884,924.8824,289.1863,0.67803586,917.0096,289.91696,0.50747156,914.0585,287.90704,0.58568054,909.9419,287.20276,0.042352956,918.4129,293.79218,0.032526065,923.57825,286.90088,0.027806757,921.91315,285.18274,0.034250002,927.31213,283.7469,0.019840661,902.8225,287.80954,0.021920608
162,1,1159.2313842773438,475.4473056793213,118.35781860351562,2.508769328706406,1106.2451,485.01407,0.7877061,1147.0388,521.42444,0.64859784,1139.6143,485.8334,0.18034934,1209.0795,514.0687,0.28883365,1209.7876,554.57825,0.02698589,1182.9564,526.60297,0.010013854,1162.4807,502.90668,0.004699436,1113.024,501.15985,0.005634084,1149.6865,490.4797,0.006832938,1135.4525,491.69968,0.0045583677
162,7,916.1687622070312,320.32666969299316,39.56488037109375,10.998250432253737,896.5289,327.08145,0.79400206,909.0476,335.7331,0.803319,911.82947,327.88324,0.27059942,934.39294,334.13437,0.5661894,944.2996,322.12106,0.027044348,921.89514,340.74448,0.02517581,914.4465,340.37994,0.013346209,894.2997,327.9655,0.02239024,934.4548,324.15695,0.010265506,888.9625,328.49496,0.016399125
162,22,920.7398071289062,279.3848648071289,26.254486083984375,1.5019375847473582,929.4779,288.18814,0.69847405,924.0593,287.71603,0.6874252,915.9443,287.83914,0.4844756,913.1854,286.5625,0.5873421,909.41034,285.54144,0.045655113,918.0912,291.93723,0.039371096,922.2816,285.7493,0.033519603,919.99677,283.5207,0.04043973,928.5133,282.17145,0.024033345,903.5747,285.61237,0.026473423
163,1,1159.6854858398438,475.33210372924805,118.4622802734375,2.5128111506866415,1106.4482,484.8414,0.78813773,1147.4368,521.2512,0.6480488,1139.5809,485.69522,0.18028167,1208.7244,513.9298,0.28880575,1209.9077,554.3358,0.026995277,1182.951,526.64496,0.010076031,1162.5424,502.9176,0.004719366,1113.3379,500.94647,0.0056899493,1149.3564,490.2646,0.0068710074,1135.4056,491.76993,0.0045899036
163,7,917.7453002929688,320.1177406311035,40.709197998046875,11.402918846333307,897.8868,327.10556,0.79613644,910.34454,335.95593,0.80606145,913.5099,327.94922,0.26485932,936.39636,334.2913,0.56124204,946.4806,322.279,0.028047614,923.66034,341.0327,0.025365686,914.9675,340.46252,0.013334592,895.8683,328.1082,0.022614209,934.2125,324.28665,0.01051797,889.51733,328.9009,0.016442083
163,22,919.4961547851562,277.43786430358887,25.670379638671875,1.4300387015100855,926.6281,286.19662,0.7030827,921.9829,285.4842,0.6877698,913.68616,285.5925,0.47694632,911.8449,284.67175,0.58340955,908.4995,283.16467,0.049764697,917.3607,289.78067,0.04779763,921.8412,284.01654,0.038746096,916.59937,281.7864,0.048114613,928.47565,279.22794,0.028761635,902.8126,283.9523,0.031977117
164,1,1160.3148193359375,475.29945373535156,118.56875610351562,2.5176183226028734,1106.7368,484.40576,0.7889438,1147.7186,520.57715,0.64976174,1140.2045,485.30338,0.18044156,1209.6018,513.2158,0.28953987,1210.382,553.8726,0.027370382,1183.1393,526.24384,0.0102871265,1163.214,501.9955,0.004844561,1113.7357,500.47055,0.005797885,1149.9926,489.97275,0.007107662,1134.8374,491.2381,0.0047313077
164,7,919.0556030273438,320.4805212020874,41.408660888671875,12.33205289860573,898.70306,327.81836,0.798374,910.9789,336.41843,0.80689573,914.9797,328.6353,0.26599854,937.5563,334.78647,0.55807656,948.17456,322.69308,0.028005464,924.6333,341.75253,0.02404879,914.88025,341.3514,0.012721181,897.1903,328.84528,0.02192477,934.88983,324.94516,0.010179858,889.8003,329.4537,0.015585615
164,22,919.0124816894531,276.47953033447266,25.7281494140625,1.413422584406554,925.62134,285.42834,0.700613,921.4811,284.50955,0.68359494,912.8755,284.83853,0.47967362,911.3096,283.89682,0.5815916,907.82886,282.07507,0.051896743,916.9712,288.9363,0.051714163,922.12335,283.08743,0.041442957,915.93567,281.1449,0.05129976,928.1014,278.10544,0.031031134,902.6347,283.63724,0.034734193
165,1,1160.74072265625,475.43360710144043,118.74462890625,2.5201630854811428,1106.9691,484.47256,0.7884759,1148.0579,520.5441,0.64950675,1140.491,485.39005,0.18058892,1209.8717,513.22626,0.28997427,1210.5304,553.7238,0.027467674,1183.0748,526.25824,0.0103009185,1163.4729,501.9819,0.004831679,1114.0042,500.52954,0.005809686,1150.1346,490.0345,0.0071240794,1134.8436,491.20648,0.004712242
165,7,920.1117553710938,321.1411943435669,41.417724609375,13.102289902568778,899.5596,328.1941,0.798606,911.8638,336.95114,0.80970937,915.28406,329.03644,0.2627639,938.4188,335.2301,0.55465955,948.6398,323.213,0.027897207,925.5491,342.27072,0.023426237,914.8585,341.72107,0.012537191,898.38477,329.166,0.021611404,934.53784,325.67587,0.00994443,890.1455,330.21124,0.015058407
165,22,917.6814880371094,276.0885543823242,25.69244384765625,1.3982287521558356,924.16644,284.53674,0.7026075,919.77234,283.57083,0.6847388,910.9807,283.92007,0.4780254,909.2301,283.03854,0.5807448,905.77295,280.9387,0.05407051,915.7674,287.91754,0.05703666,921.60205,282.0818,0.04474181,914.0807,280.21692,0.055845965,927.82837,276.85043,0.03347888,901.87964,282.94653,0.038282946
166,1,1160.4869384765625,475.8567695617676,118.47747802734375,2.5072031985890115,1107.0256,485.05618,0.7876906,1148.153,521.1956,0.6484725,1140.3903,485.93167,0.18069449,1209.5133,513.8944,0.28983358,1210.3857,554.1739,0.027171455,1182.8486,526.7363,0.010068914,1163.2012,502.82684,0.004683325,1114.1217,501.09372,0.0057089245,1149.9961,490.4962,0.0069246455,1135.3301,491.81232,0.004562669
166,7,920.8657836914062,322.47392177581787,40.994293212890625,14.497905605064599,901.4968,329.50076,0.796514,912.7849,338.0832,0.8106173,916.95056,330.04846,0.26344165,939.0228,336.40933,0.5491457,949.0338,324.92947,0.027204694,926.0147,343.5838,0.0211215,914.78046,343.04303,0.0117983185,901.4603,330.35812,0.020331232,935.84814,327.12482,0.009294983,890.8028,331.47263,0.013528387
166,22,916.3247680664062,275.8739604949951,25.939453125,1.4070004748316445,923.98145,284.18515,0.70391494,919.38684,283.14832,0.6831274,910.0626,283.59515,0.47751215,907.5447,282.5925,0.5822834,903.8095,280.44632,0.0549442,915.02747,287.3928,0.05991341,921.33746,281.46902,0.04667027,912.94104,279.7486,0.058156822,927.53455,276.2872,0.0349219,901.54944,282.1702,0.04016287
167,1,1160.2262878417969,476.2292060852051,118.4520263671875,2.500400790890297,1107.0272,485.36658,0.7878423,1148.3711,521.8095,0.6486063,1140.12,486.1671,0.17989148,1209.4111,514.5214,0.2888548,1210.5665,554.6838,0.0268067,1182.7031,527.2071,0.009861368,1163.1096,503.39117,0.004549782,1114.0344,501.46436,0.0055925366,1149.6306,490.85605,0.0067480826,1135.6051,492.21875,0.0044257864
167,7,921.6602783203125,323.9443817138672,40.795257568359375,16.720036352400044,902.0631,331.36395,0.7956589,913.1316,340.06824,0.8136223,917.7647,331.73886,0.26289988,940.24524,338.10025,0.5412234,950.46716,327.12805,0.02468239,926.79333,345.6864,0.017044375,914.80444,345.22995,0.009718898,903.03357,331.87177,0.017460521,936.9674,329.0489,0.0076217367,889.99744,333.35498,0.010832925
167,22,914.935546875,275.3346691131592,25.8643798828125,1.392595037503479,924.069,283.6433,0.70041835,919.48584,282.30872,0.6757403,909.5451,283.33795,0.48628393,905.7345,281.91556,0.58913267,901.6139,279.61273,0.05749802,914.65625,286.51633,0.06476812,921.4019,280.29175,0.05077999,912.19794,278.9494,0.06257525,926.75555,275.3995,0.03807317,901.7228,281.09903,0.04379631
168,1,1160.0114135742188,476.2722587585449,118.25070190429688,2.493927336259271,1106.881,485.75122,0.78712916,1148.2548,522.1091,0.64751244,1140.2863,486.6595,0.18090941,1209.7659,514.7386,0.2906109,1211.1143,554.74677,0.026818955,1182.9336,527.21735,0.009765663,1162.9673,503.75027,0.0045041745,1113.8175,501.79318,0.0055519175,1150.0667,491.17743,0.0067003174,1135.8035,492.2898,0.0043624793
168,7,922.5819396972656,324.91198539733887,39.9375,18.338026030666935,903.03076,332.18286,0.7879659,913.99347,340.93085,0.80987006,919.3768,332.6734,0.2651525,941.24365,338.90012,0.53525895,951.308,328.8009,0.024220264,927.3513,346.55307,0.015400342,916.1362,345.8086,0.008925411,905.16376,332.6579,0.016499305,937.2097,329.6521,0.007220807,890.5135,334.57013,0.009738978
168,22,913.5818481445312,274.2912082672119,25.59521484375,1.3576339444102423,921.8679,282.73773,0.6938119,916.88367,281.03046,0.66872394,908.5736,282.34518,0.4939432,904.14136,280.66037,0.5823772,900.60095,278.23853,0.060193233,913.29517,285.5213,0.069541715,921.9396,279.60968,0.05222218,911.53723,278.3219,0.066440314,926.91614,273.83865,0.03998422,900.71173,281.22726,0.04694612
169,1,1159.6452941894531,476.0518970489502,117.9393310546875,2.488741164466271,1106.7563,485.9603,0.7861433,1147.7219,522.1987,0.64725167,1140.3591,486.88107,0.1816686,1209.5322,514.8479,0.2914907,1210.6671,554.7445,0.026958326,1182.7781,527.06506,0.009767094,1162.6156,503.85132,0.0045298873,1113.593,501.93192,0.0055619227,1150.2695,491.38293,0.0067081987,1136.058,492.30423,0.0043735947
169,7,923.5578002929688,325.3851013183594,39.281158447265625,20.09121315026429,903.78394,333.19086,0.782919,914.8911,342.14407,0.8088614,920.431,333.6062,0.26101685,942.359,340.0944,0.52625,952.40906,330.51642,0.023314176,927.99335,347.80444,0.013621175,917.1553,346.77643,0.007993937,906.8553,333.69412,0.015128974,937.6432,330.515,0.0066309758,890.2799,335.81696,0.008558364
169,22,912.91259765625,273.2495241165161,25.589813232421875,1.3275675570942629,921.7009,281.21405,0.69487876,916.1249,279.6125,0.66521704,908.0477,281.04858,0.49242157,903.15344,279.2529,0.5770066,900.2136,276.6316,0.06374789,913.2229,284.022,0.07648996,922.0166,278.1952,0.05524445,911.23224,276.9608,0.07153493,926.8966,272.38766,0.04354381,900.07336,280.43185,0.05191784
170,1,1159.9242553710938,475.87922286987305,118.10989379882812,2.4943983570635693,1106.8221,486.20203,0.78636944,1147.8528,522.2328,0.6466622,1141.6316,487.18726,0.18164946,1210.988,514.7114,0.29243997,1211.5889,554.8937,0.027021542,1183.514,526.9047,0.009657845,1163.0177,503.81094,0.004478314,1113.962,502.19785,0.005541386,1151.9485,491.43103,0.0067065977,1135.6821,492.10257,0.0043335054
170,7,924.4033813476562,325.43392181396484,39.23382568359375,21.03964403516072,903.9829,332.9712,0.7799541,915.76416,342.1327,0.8067776,920.9394,333.6328,0.25653,943.0668,340.1738,0.5220982,953.0422,330.6394,0.023824815,928.5709,347.72906,0.013792724,918.0348,346.45798,0.008148827,907.5544,333.7485,0.0153926555,937.3303,330.3014,0.006915257,890.88354,336.00867,0.008654322
170,22,912.8453979492188,272.5714702606201,25.954193115234375,1.3311778439151074,920.8124,280.85922,0.6955526,915.1159,279.1894,0.6656112,907.84766,280.5605,0.49184972,903.17267,278.69922,0.57024145,900.8485,275.9814,0.06374125,913.1727,283.71967,0.07579664,922.43945,278.07614,0.053688955,911.2804,276.56693,0.07114247,927.4521,271.8753,0.04256267,899.5309,280.84195,0.05141666
171,1,1160.3815612792969,475.6351203918457,118.37347412109375,2.5033120732088783,1107.0469,485.92032,0.7865302,1148.3052,521.99316,0.6464775,1141.1522,486.91183,0.18176764,1210.3126,514.5879,0.29215112,1211.509,554.4945,0.027008668,1183.2428,526.9403,0.0097617265,1163.1426,503.75717,0.004508913,1114.1724,501.89297,0.0055859797,1151.0635,491.18182,0.006740646,1135.7637,492.14856,0.0043643336
171,7,925.0946044921875,325.7153091430664,39.951873779296875,23.276612819497537,903.5462,333.58737,0.78308296,915.6432,342.9034,0.8088003,921.5147,334.3427,0.25168908,944.08875,340.8205,0.51671505,954.8901,331.14645,0.022821292,929.1968,348.64658,0.012596047,917.939,347.5663,0.00731092,907.4,334.4362,0.014394054,937.92865,330.9041,0.006346345,890.1678,336.55798,0.007862819
171,22,911.5481872558594,271.48768615722656,25.83343505859375,1.3017991046196105,916.4767,278.19226,0.64156806,912.4564,277.66782,0.6065366,908.4666,278.42194,0.5982085,907.0205,276.76303,0.57322735,910.1318,273.31696,0.040006027,906.5171,281.26813,0.031649683,910.8805,274.27335,0.023470465,907.12683,273.65564,0.025562944,904.72144,273.70166,0.015956875,879.82495,279.63333,0.027853427
172,1,1160.8055419921875,475.7805519104004,118.50082397460938,2.5032057785826427,1107.4951,486.03357,0.78633386,1148.824,522.1779,0.64710903,1141.0916,486.96085,0.1814674,1209.9172,514.867,0.29171702,1211.2898,554.5459,0.026951823,1182.7688,527.2596,0.009734298,1163.2278,503.95563,0.004471947,1114.6665,501.9504,0.0055778595,1150.5874,491.37222,0.006711749,1135.9587,492.47324,0.004334145
172,7,925.9248046875,326.78663063049316,40.204193115234375,29.374541884595587,904.55383,335.1333,0.78087157,917.05383,344.27975,0.808349,923.2805,335.7963,0.24954331,945.61316,342.32657,0.50720453,957.0551,332.94763,0.02167315,930.7224,350.31967,0.010579694,918.6125,349.1922,0.0063165794,909.5586,335.86462,0.012951793,939.1083,332.13516,0.005639734,890.2029,337.91602,0.0065837814
172,22,910.7021484375,270.77726554870605,26.093170166015625,1.3058121293401215,915.72534,278.015,0.64285964,911.41864,277.44357,0.6087798,907.65576,278.18765,0.5994278,906.23987,276.46304,0.5778525,909.04675,273.28522,0.04223562,906.1617,280.87738,0.03420414,910.48303,274.16565,0.025529722,905.97217,273.40094,0.027832894,904.6239,273.14624,0.017496651,880.07764,279.14124,0.029944003
173,1,1161.3837890625,476.41274642944336,118.89633178710938,2.5014908866301693,1107.6085,486.62927,0.78650355,1149.4675,522.77747,0.6470245,1141.48,487.56863,0.18159685,1210.733,515.37683,0.2926803,1212.563,554.95685,0.026790068,1182.9409,527.6738,0.009508275,1163.5061,504.57043,0.004333312,1114.848,502.47934,0.005490201,1151.1018,491.97653,0.0066170944,1136.0562,492.91113,0.0042022117
173,7,927.3284912109375,328.4367427825928,40.544586181640625,42.44911774738271,905.8948,336.55728,0.78273255,918.6957,345.70172,0.81226254,925.0056,337.20087,0.24677399,947.9402,343.49548,0.5003643,959.8603,334.508,0.02049103,933.5194,351.9511,0.008909573,919.54504,350.44525,0.005227862,910.75244,336.68423,0.011639931,938.8702,333.106,0.004839155,889.6095,339.31564,0.005438447
173,22,909.8827514648438,270.9170322418213,25.73675537109375,1.2960560253786557,915.5378,278.60413,0.6450969,910.91656,277.75778,0.6113863,906.5634,278.67526,0.60178715,904.9845,276.81625,0.581753,907.22437,273.9533,0.04361613,905.5879,281.17868,0.035444092,909.6958,274.476,0.027014602,905.2108,273.81827,0.029336117,904.3478,273.34082,0.018522745,880.27844,279.09964,0.03079717
174,1,1161.5460205078125,477.06353187561035,118.67056274414062,2.48830813660073,1107.8802,487.3473,0.7856493,1149.2253,523.171,0.6451587,1142.7559,488.42862,0.18293387,1211.6913,515.55054,0.296167,1213.4423,554.80695,0.02696547,1183.9866,527.41644,0.009375763,1163.5917,505.10623,0.0042695804,1114.961,502.99603,0.0054785237,1153.0715,492.5077,0.006583544,1136.5908,492.7499,0.004122077
174,7,928.248779296875,330.5107126235962,41.653106689453125,72.1354188956401,905.9917,337.96396,0.77641404,918.5796,347.17535,0.8094828,926.54895,338.52405,0.24604878,949.0824,344.80408,0.4911206,962.4307,336.6982,0.01908672,934.46484,353.30136,0.007277197,920.33887,351.95407,0.0042772824,911.3059,337.76044,0.010350807,939.9069,334.0038,0.004141104,888.6288,340.20715,0.004443268
174,22,908.6669311523438,271.79533767700195,24.255157470703125,1.231687036651857,913.4192,279.04013,0.6435405,909.6111,278.08655,0.6112556,905.4146,279.0198,0.6003808,904.4695,277.20697,0.5885668,906.05835,274.44998,0.04553484,904.55566,281.5334,0.037957706,909.0924,275.13885,0.029457726,903.6277,274.38397,0.03163359,903.9015,273.4433,0.02031907,880.7301,279.13074,0.03278233
175,1,1161.1118774414062,478.31262588500977,118.45697021484375,2.4668361921783903,1107.2688,488.1439,0.784811,1149.346,524.15173,0.64408386,1142.2794,489.41827,0.18338911,1211.768,516.50226,0.29723948,1214.3604,555.47296,0.026634885,1183.529,528.07184,0.009068131,1163.0078,506.07712,0.004105414,1114.239,503.83447,0.0053000315,1152.4023,493.42282,0.0063735372,1136.802,493.51376,0.003928619
175,7,928.6378784179688,332.2784471511841,41.002899169921875,117.97130657859744,908.34717,339.73035,0.7117805,918.83813,349.09805,0.70448637,930.5813,342.28058,0.31342623,947.27655,347.33588,0.56555927,956.13086,340.77386,0.048860636,931.02704,352.03833,0.052645024,933.91846,346.58194,0.02355069,903.7788,339.14053,0.041973233,926.738,334.1416,0.027546016,900.06934,345.5273,0.039814964
175,22,907.2646179199219,272.68347930908203,23.3521728515625,1.1927100487345648,912.5071,279.37363,0.64441735,908.37067,278.19647,0.61342984,904.6666,279.27612,0.59996134,903.32684,277.39014,0.5910348,904.71875,274.89578,0.04754425,903.7876,281.6935,0.039968427,908.3417,275.4672,0.031395674,903.1406,274.6198,0.034049034,904.0818,273.3651,0.021897182,881.0228,279.17172,0.034245927
176,1,1160.5641174316406,479.4712371826172,118.03729248046875,2.445894710700437,1107.2681,488.35553,0.7827983,1149.5034,524.8751,0.64376026,1140.6409,489.59216,0.18364285,1209.2,517.45325,0.29663005,1213.2544,555.63965,0.026685525,1181.8716,528.4668,0.009081222,1161.9552,506.8178,0.0041080345,1113.869,503.8117,0.005289105,1149.8955,494.01047,0.0063175997,1137.6447,494.37292,0.003914764
176,7,929.3578491210938,333.5055513381958,41.330108642578125,233.9659720354375,908.48474,341.41156,0.71994257,919.532,350.75455,0.7161485,931.45105,343.88718,0.30960158,948.5785,348.95764,0.5671658,958.52856,342.3589,0.045726433,932.6629,353.94586,0.046069063,933.67456,348.43875,0.02063965,903.6776,340.74734,0.03847833,927.0901,335.32297,0.02419201,899.5215,346.75198,0.034143012
176,22,905.9555053710938,273.50554847717285,22.901824951171875,1.1799805855894192,911.0151,280.43976,0.64456177,907.7256,279.09412,0.61819565,903.7837,280.42822,0.59848666,902.82336,278.48688,0.6017697,903.399,276.2102,0.049575225,903.4601,282.71234,0.041511193,907.6789,276.3709,0.0341589,902.01404,275.47934,0.03688336,903.4506,273.95758,0.02384794,882.1344,279.752,0.03513041
177,1,1160.34375,480.5614585876465,118.31771850585938,2.439659650270284,1107.1202,489.22992,0.78107953,1149.6841,525.92645,0.64356434,1140.8859,490.4282,0.18390013,1209.4116,518.43945,0.29762188,1213.7976,556.38855,0.02668033,1181.2104,528.92114,0.008831321,1161.4799,507.60056,0.0039872434,1113.7974,504.5148,0.0051583042,1149.9558,495.01254,0.0061928937,1137.8186,495.05475,0.0037826356
177,7,930.2876586914062,334.33243560791016,41.02130126953125,438.0860407139202,909.7357,342.43246,0.7216132,921.2468,351.57748,0.720515,932.5889,344.75565,0.31382,950.07214,349.79053,0.5684333,960.28436,343.35596,0.04453901,934.5441,354.8902,0.042283617,933.9267,349.17932,0.019412579,904.818,341.5038,0.0364877,927.0163,335.99454,0.022529595,899.7533,347.4013,0.03132127
177,22,904.8030395507812,273.59489822387695,22.934783935546875,1.1789840610403166,909.663,280.30276,0.6475785,906.88245,279.06778,0.6212029,902.8242,280.33096,0.59015113,902.3267,278.46222,0.6016521,902.8102,276.17017,0.050401878,902.9271,282.71042,0.043321718,907.33655,276.44916,0.035144184,900.83594,275.4533,0.038458716,903.2235,273.67044,0.024940902,882.02783,279.69232,0.036271375
178,1,1160.4598388671875,481.1593551635742,118.49945068359375,2.43671132209789,1107.574,489.9052,0.77971643,1149.9966,526.52423,0.64335287,1141.7992,491.09866,0.18457556,1210.0023,518.9696,0.2992053,1214.2422,556.7384,0.026800212,1181.112,529.05756,0.008681811,1161.5671,508.07974,0.00390903,1114.3634,505.03387,0.0051174546,1150.993,495.67026,0.006150869,1138.071,495.3997,0.0037077798
178,7,931.1310424804688,334.9848175048828,41.150665283203125,1067.7662058112342,910.5393,343.25287,0.7279622,922.2643,352.4892,0.7287126,933.6139,345.46704,0.3092557,951.6454,350.64175,0.56764925,962.3972,344.25595,0.043510158,936.2761,355.94586,0.039474927,933.85657,350.0788,0.018081827,905.3271,342.18027,0.035014655,927.0973,336.5803,0.021189114,899.6267,348.02023,0.028951876
178,22,903.75732421875,272.8682041168213,23.5989990234375,1.2011327831478311,909.4136,279.6482,0.6483329,906.0778,278.2349,0.61864626,901.9862,279.65338,0.5905657,900.8053,277.59497,0.5988378,901.2244,275.1976,0.052324396,902.29675,281.84738,0.04659874,907.1548,275.8366,0.037339542,900.4071,274.84256,0.040952943,903.52386,272.851,0.026692454,881.6715,279.05505,0.038828194
179,1,1161.0555725097656,481.1971549987793,118.35845947265625,2.4331478097840993,1108.031,490.05457,0.77948695,1150.08,526.50775,0.64316225,1142.4688,491.23425,0.1844471,1210.3308,518.9439,0.2994443,1214.0168,556.6577,0.026792007,1181.3652,529.13257,0.008661095,1161.8572,508.1184,0.0038780556,1114.8845,505.19073,0.0051198145,1151.6768,495.70786,0.006127513,1138.168,495.33734,0.0036800436
179,7,932.5914916992188,335.5634536743164,41.877960205078125,5997.314413621521,911.52954,343.6701,0.7286965,923.8685,353.1937,0.73223084,934.2962,345.94666,0.30550507,953.45105,351.28015,0.56517434,964.13104,344.9057,0.04195076,937.87695,356.62708,0.036616992,934.4468,350.3259,0.016776238,906.0504,342.47723,0.03279502,926.4155,337.1344,0.019634875,899.56805,348.60016,0.026801506
179,22,902.7936401367188,272.33081817626953,23.548370361328125,1.1852381929117062,908.9769,278.89996,0.65114963,904.9806,277.4193,0.6189242,901.1527,278.9827,0.5877242,899.0947,276.863,0.5953657,899.8468,274.25854,0.053985514,901.5054,281.02765,0.049799792,906.6266,275.3333,0.039326478,900.16864,274.27786,0.04344212,904.21747,272.1124,0.028315222,881.31726,278.5718,0.041299887
180,1,1162.1513671875,481.3655548095703,118.49368286132812,2.43415978844581,1108.7502,490.27222,0.7795848,1150.6035,526.4913,0.6433614,1143.4064,491.5273,0.18490268,1211.0461,518.89685,0.30095342,1214.5923,556.44507,0.02685646,1181.7222,529.1551,0.008630732,1162.4349,508.1949,0.003846669,1115.674,505.3429,0.0051353388,1152.6698,495.89783,0.0061495523,1138.2593,495.28665,0.0036530804
180,7,933.9270629882812,336.20545864105225,43.020538330078125,5159.910727353031,911.6908,344.04993,0.73267853,924.8745,353.96884,0.7360402,934.49475,346.62903,0.29906273,954.7053,351.9425,0.56194806,965.83435,345.21204,0.04024011,938.9819,357.39655,0.034034774,934.63605,350.95798,0.015525161,906.2096,343.04324,0.030574309,926.16785,337.8932,0.018205985,899.2085,349.14917,0.024876006
180,22,901.7698059082031,272.18090629577637,23.9146728515625,1.1972419516978006,907.4846,278.55573,0.6552749,903.8121,277.30402,0.6231559,900.03204,278.7337,0.5769678,898.1753,276.7362,0.59326094,898.932,273.93488,0.054584205,900.57153,280.90967,0.052138582,906.20526,275.36902,0.040318992,899.073,274.17764,0.04508143,904.29034,271.8135,0.029367067,881.0034,278.5592,0.04272961
181,1,1163.2930297851562,481.8355293273926,118.90219116210938,2.43285306120684,1109.907,490.69763,0.77975297,1151.5146,527.3024,0.6451417,1144.1072,491.78387,0.18342128,1211.3739,519.701,0.2996098,1214.696,557.2627,0.026619546,1181.5105,529.7428,0.008427131,1162.9359,508.685,0.003713198,1116.8821,505.71957,0.0050582434,1153.2681,496.4943,0.006035991,1138.5197,495.85648,0.0035534205
181,7,934.9682006835938,337.7694911956787,42.9649658203125,2164.8279986892667,912.2873,345.7466,0.7409121,925.89,355.58286,0.74465716,935.12366,348.08267,0.29212213,955.3859,353.6206,0.55729413,967.3185,346.81503,0.03967054,940.402,359.30676,0.030768719,934.09204,352.9165,0.014675392,907.256,344.73434,0.02915073,927.53613,339.11108,0.017309899,898.949,350.11438,0.022401437
181,22,900.8346862792969,272.8145942687988,24.26495361328125,1.2268133933491485,907.29956,279.67645,0.6548928,903.71643,278.20877,0.62343186,898.8357,279.94894,0.57727927,896.73395,277.68674,0.5989556,896.55084,275.14453,0.05446039,899.78516,281.9055,0.051877424,905.7017,275.98376,0.041148506,898.1638,275.08514,0.04586136,903.37555,272.7384,0.029881425,881.1982,279.0489,0.04183286
182,1,1164.3431396484375,482.67897033691406,119.14224243164062,2.425522325238591,1111.0941,491.64886,0.7779435,1152.6812,528.4556,0.64547515,1144.871,492.5677,0.18332198,1211.4299,520.8446,0.30051813,1215.2179,557.856,0.026642384,1181.147,530.3527,0.00822138,1163.3481,509.61172,0.0035622262,1117.9983,506.27246,0.0049859635,1153.7983,497.68875,0.005945915,1139.2279,496.7094,0.0034238102
182,7,936.77197265625,339.6434669494629,42.418121337890625,310.4672814339888,913.67725,347.31674,0.7473143,928.0222,357.08844,0.7483047,936.5016,349.5398,0.28928748,957.6637,355.01303,0.5498013,970.4492,348.0053,0.03716261,942.596,361.15704,0.026020497,934.11786,354.73688,0.01265341,909.00385,346.27835,0.025508305,928.3094,340.7271,0.0150630465,898.5415,351.17953,0.019026298
182,22,900.0128173828125,273.4503421783447,24.466644287109375,1.2523073218724134,907.39435,280.65756,0.65667194,903.7721,279.20078,0.6284476,897.75903,280.81708,0.57173425,895.7875,278.7471,0.60148394,894.6333,276.39685,0.054960247,899.25494,282.8638,0.052004848,904.9122,276.58887,0.042396333,897.59717,275.82062,0.04683328,902.7505,273.6136,0.030599419,881.29816,279.45154,0.04143724
183,1,1164.8584899902344,483.016902923584,120.7818603515625,2.447511030784139,1104.6185,493.7369,0.818296,1152.8513,525.4811,0.85220957,1138.8635,501.8493,0.046965025,1208.6531,518.7274,0.30708835,1238.3868,494.05576,0.0015321239,1173.1232,526.6086,0.0008607013,1183.0347,527.7598,0.00014279452,1102.0479,506.49832,0.00065112766,1198.813,501.45065,0.00015656916,1095.9487,504.68158,0.0004521682
183,7,937.6649780273438,341.2470760345459,43.193389892578125,139.18566375942552,913.90247,349.37833,0.7823848,929.74536,358.84845,0.8121825,934.38007,349.93704,0.22474381,959.1377,356.9694,0.48595807,971.4238,348.87567,0.023253636,946.62964,365.8026,0.008481726,927.08484,360.24954,0.0047662705,916.5194,347.6877,0.012333846,934.7937,343.23416,0.0053739594,892.4154,352.78235,0.0051258025
183,22,899.3610534667969,273.9715061187744,23.95550537109375,1.237474869265041,907.7313,281.4878,0.65657556,903.8644,279.54056,0.6267614,897.4341,281.50616,0.5757486,894.9889,279.2441,0.60201997,893.4377,277.01627,0.054422118,898.83923,283.4981,0.050803985,904.6267,277.10037,0.04214649,898.03015,276.55316,0.046512507,902.7665,274.25882,0.030350875,881.48706,280.04532,0.040076733
184,1,1164.7304077148438,483.71326446533203,121.32650756835938,2.4505449741531806,1105.2023,494.66006,0.8154769,1153.7334,526.076,0.8519218,1138.0944,502.4768,0.048611213,1207.9104,519.4497,0.30723757,1237.0446,494.47186,0.0015052288,1172.9716,527.39166,0.0008192722,1182.3563,528.57306,0.00014375852,1103.1703,507.37555,0.0006195457,1198.8824,502.68442,0.00014847773,1095.833,505.19046,0.0004359789
184,7,938.0448303222656,342.4876985549927,43.89459228515625,83.22220583054623,914.3717,350.59778,0.7843409,930.6122,360.38815,0.81602085,935.0839,351.0205,0.2119566,960.46606,358.47266,0.47381496,973.2633,350.23807,0.02156254,947.88885,367.54495,0.0072840624,927.2972,361.66605,0.0040753847,917.3253,348.72122,0.011079023,935.3106,344.53717,0.004672424,891.44385,354.03867,0.004331897
184,22,898.642822265625,274.30256366729736,23.40948486328125,1.2108706497746757,907.20715,281.75653,0.65710735,903.0691,279.6782,0.62584573,897.10034,281.79,0.5781914,894.58026,279.37857,0.6009646,893.43036,277.15976,0.05296292,898.14575,283.79245,0.049128827,904.42694,277.42728,0.04017231,897.91644,276.8989,0.0449351,902.8993,274.60342,0.029002182,880.96265,280.61484,0.038614076
185,1,1164.8486938476562,484.8291835784912,120.76290893554688,2.4279968075514833,1111.9648,494.00363,0.7710193,1154.8303,530.9951,0.64712954,1145.5586,494.78253,0.18685567,1212.2504,523.5339,0.30544925,1217.147,559.3166,0.02673099,1178.0734,531.9778,0.0077319117,1162.9839,511.25195,0.0033063092,1119.1013,508.00275,0.00469175,1152.9015,500.7337,0.005761123,1139.6313,498.9842,0.0031285153
185,7,938.6209716796875,343.0503444671631,43.706085205078125,64.86119882913549,915.4446,351.21613,0.78360784,931.68066,361.2222,0.81772286,935.85004,351.48254,0.20390521,961.15674,359.38034,0.46707323,973.7167,350.99414,0.020625897,948.5623,368.55554,0.0067446637,927.75604,362.00034,0.003755658,918.3561,349.08374,0.010382561,935.20056,345.2316,0.004305608,890.82056,354.81622,0.003964629
185,22,898.1722412109375,274.1612777709961,23.662261962890625,1.2199145959843467,906.77106,281.83884,0.6604861,902.71814,279.89142,0.62741464,896.43787,282.05576,0.5731143,893.9767,279.49506,0.6001853,892.9316,277.18808,0.052244335,897.68134,283.99,0.048922334,904.0923,277.66293,0.03954755,897.3569,277.1153,0.04449533,902.78516,274.9013,0.0286974,880.6624,280.70358,0.038169853
186,1,1165.5464172363281,485.0881690979004,121.36578369140625,2.43675628389465,1112.1715,493.82205,0.77255744,1155.4668,531.1307,0.6472353,1145.7449,494.619,0.18543807,1213.1104,523.57794,0.3040223,1218.1064,559.6631,0.026433764,1178.641,532.1853,0.0076483567,1163.6254,511.25293,0.0032372863,1119.3914,508.00385,0.0046353647,1153.2552,500.54623,0.0056922724,1139.2909,498.8946,0.0030760877
186,7,939.5807189941406,343.21799755096436,43.26654052734375,58.266075251491415,916.6635,351.5007,0.7786711,932.4523,361.5173,0.8140563,937.1171,351.59006,0.20054553,961.7338,359.70883,0.46155232,974.2135,351.53122,0.020739192,949.0902,368.84848,0.0066042584,928.3943,361.68927,0.0037018764,919.3198,348.98013,0.010372342,934.96704,345.32938,0.004303156,890.6743,354.80496,0.0038950709
186,22,897.1056518554688,272.7216911315918,24.028289794921875,1.2108199659171333,903.9949,279.65173,0.6669028,900.6422,278.3751,0.63444185,894.9051,280.0469,0.54746526,892.784,278.0417,0.59314585,892.2189,275.1554,0.0554505,896.7838,282.3551,0.05752817,903.83545,276.43326,0.043572582,895.3182,275.4551,0.050626926,903.2007,272.69214,0.032775648,879.98804,279.60852,0.04416789
187,1,1166.6402893066406,485.23993492126465,122.3961181640625,2.452541497831775,1112.828,494.02573,0.77332497,1156.2076,531.65686,0.64725345,1146.4443,494.8204,0.18396531,1213.9655,524.03375,0.3031044,1218.9614,560.24646,0.026166933,1179.1492,532.5959,0.007491773,1164.1987,511.5769,0.003129647,1120.0903,508.25922,0.0045605944,1154.0139,500.77777,0.0055857333,1139.1494,499.0899,0.0029883164
187,7,940.5986022949219,343.5014705657959,42.86865234375,52.065175213818144,917.6533,351.90686,0.7742496,933.2166,361.95334,0.81041396,938.27625,351.67886,0.19455414,962.70795,360.11252,0.45396432,975.0593,352.07935,0.020616025,949.7937,369.34024,0.006425719,928.8517,361.42764,0.0035791036,919.7199,348.75995,0.010341662,934.42004,345.48587,0.0042392416,890.02454,354.7877,0.003789727
187,22,896.3397216796875,270.8279399871826,23.983978271484375,1.1727628585255276,903.4781,277.79718,0.6681013,899.5805,276.59702,0.6327957,894.0822,278.1492,0.54083943,891.36743,276.26816,0.582825,890.92365,273.0579,0.060221247,896.31757,280.45486,0.066012666,903.9432,274.83615,0.04798671,895.0707,273.75687,0.056398746,903.6817,270.65527,0.03700702,879.29224,278.48224,0.05077384
188,1,1168.4410400390625,485.63879013061523,124.12939453125,2.477943853633269,1113.4158,494.2708,0.77463394,1156.8802,532.40405,0.6476969,1147.3845,494.98236,0.18137044,1215.1267,524.6247,0.3012089,1219.9783,561.19556,0.025846517,1179.8575,533.07306,0.007283855,1164.8165,511.89197,0.0029996962,1120.7775,508.52185,0.0044501666,1155.1045,501.12427,0.005452904,1138.8679,499.25287,0.0028862292
188,7,942.1613159179688,344.2598876953125,43.237701416015625,41.505350164531635,919.23065,352.71323,0.7678783,935.0667,363.21487,0.803642,940.19275,352.16986,0.1782908,965.0473,361.21225,0.4341218,977.2811,352.91577,0.020007327,951.20544,370.69336,0.0059761307,929.60156,361.39755,0.0032717383,920.5569,348.7602,0.00993308,933.3849,346.42484,0.004030646,888.36743,355.05267,0.003528245
188,22,895.8118286132812,270.21078300476074,23.470733642578125,1.132862771791507,901.9757,277.39392,0.66883516,898.0408,276.3343,0.63573045,893.62024,277.7037,0.5347807,890.9951,276.05756,0.58331746,890.7955,272.82565,0.062160153,895.7512,280.20483,0.06988075,903.5132,274.78326,0.05027124,894.1719,273.41052,0.060097776,903.8922,270.09674,0.039173268,879.2438,278.39197,0.05356873
189,1,1170.0176696777344,486.20887756347656,125.62646484375,2.494366596707287,1114.6451,495.07166,0.77357215,1158.1475,533.3344,0.6469818,1149.278,495.80508,0.18073928,1217.2916,525.3345,0.30238736,1221.5165,561.946,0.025786275,1180.7229,533.52203,0.0070549212,1165.8463,512.33374,0.0028465549,1122.2863,509.17557,0.00433416,1157.3801,501.84296,0.005333475,1138.7657,499.4206,0.0027506785
189,7,942.7489013671875,345.14854431152344,43.895965576171875,35.237218364719176,920.8119,352.66223,0.7319939,934.51337,363.30542,0.7263329,943.3848,356.152,0.2850012,963.1368,361.64044,0.57222366,972.01184,353.29178,0.04842126,948.18115,365.82477,0.060498767,951.0388,362.39114,0.026318455,916.5321,353.0506,0.047522202,950.5187,348.61252,0.028820293,920.63245,358.8105,0.045233794
189,22,895.1434936523438,269.93712043762207,23.000335693359375,1.1000915848772745,901.4645,276.7092,0.6728589,896.94116,275.64465,0.6376621,892.7117,276.86734,0.5280093,889.95557,275.32352,0.5774536,889.8314,272.09497,0.06477176,895.22815,279.5247,0.07494298,903.1986,274.14615,0.0523496,893.7351,272.65967,0.06389944,903.9845,269.28583,0.04164705,878.624,278.2235,0.05703938
190,1,1171.0611877441406,486.87506103515625,127.01202392578125,2.5054318094081003,1115.4506,495.427,0.7732333,1159.9092,534.45355,0.64691126,1148.9565,496.02768,0.1791318,1217.3804,526.662,0.2993707,1222.5396,563.17395,0.025274891,1179.9556,534.61066,0.006822924,1166.5117,513.3067,0.0026859562,1123.2117,509.62274,0.004209907,1156.4924,502.44324,0.005142701,1138.7708,500.4882,0.0026121568
190,7,943.5839538574219,346.147253036499,45.082763671875,29.897254934314148,921.0929,353.25012,0.7378265,935.8838,364.09186,0.7327443,943.78357,356.94067,0.27920347,965.0383,362.44815,0.5716153,974.31445,353.59277,0.047811937,950.004,366.73004,0.057988808,950.99084,363.13123,0.025193805,916.35547,353.7876,0.045770817,949.81824,349.32855,0.027674075,920.5289,359.30695,0.043116458
190,22,894.0880737304688,269.9825162887573,22.998321533203125,1.0963652161314386,900.7622,276.70245,0.6770438,896.01746,275.46667,0.6393692,891.38983,276.80496,0.5218464,888.2964,275.1122,0.5746407,887.8526,271.9599,0.06683253,894.4065,279.4746,0.07918174,902.6747,274.0252,0.054268997,892.76575,272.58243,0.067576505,903.67236,268.95248,0.044081397,878.077,278.20792,0.059297033
191,1,1171.7645874023438,487.4996337890625,128.11148071289062,2.5115807772559195,1115.9823,496.28275,0.7701001,1160.6045,535.1298,0.646823,1149.2072,496.83316,0.18153487,1217.5505,527.4313,0.3019755,1223.1083,563.5525,0.025446907,1179.1138,535.027,0.006731327,1166.517,513.89667,0.0026431507,1123.8818,510.11166,0.0041612047,1156.5422,503.42706,0.0051326305,1138.9451,501.29688,0.0025672268
191,7,944.1415100097656,347.0753059387207,45.92962646484375,25.78014245050974,920.99646,354.2695,0.7455316,936.39624,365.1682,0.7432719,943.8305,357.7931,0.27286223,966.1072,363.58627,0.57154614,975.9689,354.38037,0.046226766,951.3495,368.02274,0.054223567,950.42084,364.39258,0.023496423,915.7883,354.78278,0.04375002,949.845,350.05826,0.025705775,919.8902,359.93048,0.039735276
191,22,893.2965087890625,269.9902153015137,23.136749267578125,1.1020149879129957,900.0987,276.86914,0.6789609,895.4961,275.6776,0.641501,890.71826,277.0021,0.51591057,887.6012,275.32574,0.5744305,887.0594,272.1221,0.06688052,893.8502,279.74258,0.080127805,902.35815,274.31638,0.054644253,892.24854,272.83566,0.068394236,903.5991,269.1319,0.04462977,877.9297,278.36404,0.059424393
192,1,1172.67626953125,488.1679801940918,130.20986938476562,2.536743158062185,1116.4705,497.4773,0.76654077,1162.8185,536.0397,0.64576507,1150.3508,498.2317,0.18442127,1220.488,528.2054,0.30598056,1226.249,564.40485,0.02550693,1178.689,535.9828,0.0065092137,1167.5717,514.3036,0.0025050675,1125.141,511.0886,0.0040000123,1157.5248,504.63702,0.005080685,1137.91,502.19934,0.0024316413
192,7,944.5872802734375,347.5766429901123,45.863800048828125,24.204448896521225,921.4535,354.70395,0.7488328,936.5425,365.53763,0.7468398,944.54645,358.2606,0.2729184,966.5818,363.984,0.57163256,976.97925,354.64734,0.045659773,951.9354,368.45303,0.052228387,950.2645,364.97836,0.02277699,916.26544,355.24197,0.04279912,950.4801,350.41837,0.024889434,919.98267,360.173,0.038146183
192,22,892.2398986816406,269.66858196258545,23.37359619140625,1.1064660730548237,898.9491,276.43338,0.6822779,893.9595,275.06207,0.64186704,889.1902,276.4447,0.5104519,886.07324,274.7167,0.5678447,885.5037,271.41818,0.06952049,892.7706,279.27002,0.085647516,901.9083,273.88177,0.057015378,891.48395,272.3865,0.07276063,903.5552,268.51797,0.047489356,877.33923,278.46265,0.06299402
193,1,1172.7861328125,488.4997329711914,127.99209594726562,2.4885739257718216,1113.1475,497.24966,0.8603386,1165.3174,534.27466,0.89910746,1143.4053,504.97705,0.023530457,1219.2242,529.6062,0.29917458,1248.7695,500.243,0.0030224577,1191.9973,535.4456,0.0023008818,1185.1953,530.36676,0.000361624,1104.6797,509.93854,0.0015663644,1191.6051,505.3221,0.0004259796,1102.9384,511.28314,0.0012145871
193,7,945.3182373046875,347.5130424499512,45.76080322265625,24.271343191310677,922.2266,354.80087,0.7487894,937.3263,365.5513,0.7451299,945.53375,358.4626,0.27373865,967.6207,363.9987,0.5692191,978.22327,354.62122,0.045722444,952.72253,368.4975,0.051086247,950.8555,365.00107,0.022392333,917.31024,355.38834,0.042081848,950.65814,350.53098,0.024783554,920.43726,360.3578,0.037377734
193,22,891.2671508789062,268.5492639541626,23.08740234375,1.0750434177930683,897.797,274.90833,0.6799817,896.3032,273.11484,0.662439,887.4182,275.5484,0.5107844,884.3512,272.79276,0.6080248,880.82904,271.0229,0.046027012,892.0629,278.20898,0.041381843,897.2357,271.8621,0.035141047,888.83044,270.19763,0.044210184,900.26526,266.74924,0.024739997,878.7413,271.64365,0.028350882
194,1,1174.0389404296875,488.514461517334,130.41549682617188,2.5341153853068072,1117.7437,498.91934,0.7621325,1166.4531,537.2746,0.6403409,1152.1162,500.23956,0.18649456,1225.0156,529.2233,0.31071153,1230.9482,564.89703,0.025365328,1179.6969,537.3506,0.006221204,1169.9556,515.2629,0.002261791,1126.875,512.575,0.0037628836,1159.3553,505.8545,0.004862976,1137.0594,502.6541,0.0021742182
194,7,946.6073913574219,347.12446117401123,46.392333984375,25.117303919042403,924.15955,354.90192,0.7463584,939.17194,365.622,0.7423406,947.3733,358.5798,0.2767867,969.4133,363.93927,0.5674408,980.0819,354.84045,0.046709094,954.43176,368.5386,0.05069761,951.97546,364.70242,0.022323886,919.07556,355.4606,0.041889187,950.1387,350.5421,0.025177151,921.0845,360.46884,0.037179727
194,22,890.1864624023438,267.2490577697754,23.446380615234375,1.0679408800501409,897.0086,272.96515,0.67756414,894.6697,271.2464,0.6575286,887.6797,273.74646,0.51527613,883.90674,270.7694,0.60553044,881.6533,269.21503,0.049425814,891.6631,276.09744,0.046935868,898.2573,269.78342,0.03701431,888.1179,268.3399,0.048686765,900.0016,264.34296,0.0274615,878.16406,270.4442,0.03239545
195,1,1175.3172912597656,488.408992767334,129.678955078125,2.5203153993183425,1115.6554,498.00854,0.88475394,1169.1147,534.53436,0.912785,1146.5005,506.01328,0.019868784,1225.1416,530.0083,0.29040876,1256.1655,499.00308,0.0031606953,1199.5505,536.7083,0.0023270927,1186.7496,530.2684,0.00034143645,1106.1611,509.89728,0.0016811434,1190.7024,504.33957,0.00044726641,1104.4335,512.7224,0.0011371673
195,7,948.1541748046875,346.88368034362793,46.341796875,26.346406803531423,925.8956,354.7985,0.7406964,940.4241,365.37024,0.7354728,949.3779,358.57242,0.2827463,970.4947,363.60458,0.5669333,981.1666,355.05295,0.047980264,955.4158,368.2574,0.05073932,953.3612,364.10422,0.022556193,920.9125,355.27158,0.042339303,950.05994,350.16885,0.02609771,921.99194,360.35944,0.037425887
195,22,889.55419921875,265.65842628479004,23.9329833984375,1.0653660671519283,897.69653,271.27316,0.67887074,894.62036,269.4416,0.6550784,887.4291,272.23264,0.5205912,882.65607,269.14594,0.61081356,880.36145,267.28363,0.0545276,891.71606,274.12234,0.05550759,898.23083,268.04648,0.044198863,888.3124,266.67688,0.056180187,900.611,262.77734,0.03293059,878.84344,268.8758,0.03863635
196,1,1177.4417724609375,489.0143051147461,131.074951171875,2.5355576182465915,1117.6167,498.2651,0.8851975,1170.5059,535.2911,0.9152263,1147.7267,506.05563,0.019160705,1225.8315,530.71765,0.2883421,1257.4282,499.73706,0.0032921482,1201.384,537.3914,0.0023234566,1186.4719,530.69916,0.0003542144,1108.295,510.20663,0.0017011459,1191.0562,505.01605,0.00045566607,1104.5039,512.9545,0.0011457633
196,7,949.8497314453125,346.9900760650635,45.502349853515625,26.434187239540357,927.558,355.10696,0.73374903,941.44385,365.26358,0.7286113,951.10974,358.6333,0.29103255,971.419,363.5163,0.56607366,981.9957,355.5587,0.04839481,956.06195,368.16467,0.049570527,954.48376,363.77234,0.022515427,922.7642,355.3306,0.042064868,950.2705,350.00397,0.026332427,922.70087,360.40823,0.036760084
196,22,889.1515502929688,264.1534366607666,24.272552490234375,1.0589212442056273,897.65393,269.67078,0.6792372,894.1936,267.69107,0.65273714,887.1465,270.3476,0.5218102,882.27704,267.4507,0.60709006,879.91504,265.33054,0.05860652,891.56226,272.2885,0.063513696,898.76843,266.35815,0.04891761,888.16895,265.0533,0.062252935,900.8956,260.88248,0.03731969,878.5497,267.64505,0.04431867
196,76,808.3070068359375,205.88950967788696,14.615203857421875,0.3604369118939103,814.52747,210.62779,0.63347507,809.5342,209.96875,0.61075294,805.16064,210.16489,0.56798095,803.47754,209.92653,0.59033155,803.5012,207.383,0.056989722,806.0061,213.397,0.053074837,809.6112,207.42877,0.040889356,806.4745,205.77827,0.0441171,807.27637,205.30629,0.029888006,783.11584,211.44919,0.043973777
197,1,1179.4664611816406,489.7837429046631,132.481201171875,2.5457048503927484,1120.3729,498.23334,0.8846773,1174.0138,535.7791,0.91947573,1147.7589,505.88885,0.018528676,1225.9635,531.50555,0.28966922,1256.4513,499.937,0.0035762817,1203.8506,538.1058,0.0025191705,1186.5869,530.4784,0.00041265172,1111.837,510.48657,0.0017987663,1189.874,505.77957,0.0004947702,1105.7306,513.73785,0.0012450923
197,7,951.0913696289062,347.2461519241333,45.699371337890625,25.784605884209768,927.87537,354.993,0.7351032,942.31433,365.42584,0.7296359,951.52356,358.72205,0.2873646,972.532,363.64133,0.56354624,983.34973,355.4199,0.04692835,956.9795,368.26816,0.047323674,955.0827,363.6829,0.021314427,922.9204,355.26675,0.040066704,950.05786,350.08075,0.024997242,922.57526,360.51266,0.03516178
197,22,889.2570190429688,263.27111434936523,24.15032958984375,1.038433881184271,898.8668,268.55228,0.67554903,894.4706,266.36685,0.64666575,888.05115,269.19833,0.52787435,882.1151,266.1138,0.5997129,880.46204,264.11,0.06062131,892.119,270.9229,0.06541384,899.91223,264.85632,0.048622604,889.5758,263.76672,0.063092224,901.0281,259.6023,0.037928473,877.95874,267.3818,0.0459364
197,76,808.4781188964844,205.73541355133057,14.68524169921875,0.36167723150277514,814.78845,210.55751,0.63151586,809.8019,209.83069,0.60699165,805.67523,210.16327,0.57076126,803.9623,209.86787,0.58852375,804.37024,207.0715,0.055883896,806.18054,213.36508,0.05146529,809.62024,207.45592,0.03969346,807.1024,205.78232,0.0425286,807.52454,205.52486,0.028773112,783.01855,211.53908,0.043052692
198,1,1181.6490783691406,490.642427444458,135.00640869140625,2.5697329968592264,1123.4767,499.53415,0.8093869,1172.8939,538.7533,0.68227565,1138.4878,492.56094,0.15211236,1228.1423,531.2699,0.22193313,1196.1599,594.50305,0.042301003,1193.7212,556.6739,0.037726387,1190.177,510.16626,0.023061713,1139.4681,517.97656,0.016995957,1161.0752,505.72754,0.02805843,1114.6517,516.53735,0.028049605
198,7,951.7392883300781,347.5591335296631,46.302978515625,24.847675624605625,927.3558,354.96658,0.7383753,942.72974,365.64246,0.7316629,950.9731,358.87598,0.28218278,973.3761,363.8328,0.5606626,984.313,355.16626,0.046033222,957.6535,368.4627,0.045974102,955.1045,363.81372,0.020496609,922.1498,355.26907,0.038789455,949.5749,350.2704,0.024108503,922.1361,360.58633,0.034246743
198,76,808.3892211914062,205.7895383834839,14.680938720703125,0.36161636888373666,814.5258,210.45709,0.6315395,809.486,209.74709,0.607126,805.5819,210.09724,0.56970614,803.8579,209.79019,0.5883447,804.33057,207.02977,0.05639741,806.07385,213.27596,0.052105,809.5431,207.40512,0.040067356,806.9987,205.67351,0.04317908,807.55066,205.43,0.029197358,783.0387,211.569,0.04353616
199,1,1182.9512329101562,491.72106170654297,136.09762573242188,2.568064280863004,1124.6158,500.71252,0.81199664,1175.7644,540.07446,0.6836875,1140.0402,494.24213,0.14881422,1229.6549,532.7822,0.21907762,1198.4512,595.4049,0.04029812,1194.0386,558.19696,0.03470102,1192.7788,511.48404,0.020132931,1141.6482,519.6931,0.015913311,1161.8134,506.57898,0.025522674,1115.6611,517.78394,0.0249733
199,7,952.272216796875,348.43815994262695,46.7109375,21.73240854200567,927.95496,356.0724,0.7450104,944.1469,367.04272,0.7419571,951.4751,359.99606,0.27284175,974.8506,365.236,0.5566855,986.4331,356.28098,0.043617662,959.41284,369.96597,0.0412496,955.27783,365.0672,0.01852519,922.8521,356.4884,0.035688493,949.69684,351.33014,0.021735504,921.7229,361.76343,0.030253636
199,76,808.0658569335938,205.8764934539795,14.40655517578125,0.35478186798014094,814.0242,210.4261,0.631764,808.90234,209.76968,0.60796064,805.46204,210.09853,0.56732374,803.68494,209.79935,0.5878414,804.2694,206.99007,0.056554317,805.7386,213.30492,0.052513003,809.41833,207.5131,0.040201444,806.8947,205.67758,0.04358219,807.6603,205.47946,0.029349197,783.0016,211.74918,0.04374731
200,1,1184.3038330078125,493.04724884033203,137.01773071289062,2.5640481767786403,1125.7566,501.1454,0.8149884,1176.3474,541.2576,0.6858122,1141.1753,495.02094,0.14586347,1229.2004,533.9681,0.21628886,1198.8644,596.14246,0.038198408,1193.7672,559.7037,0.032533813,1193.3491,512.5141,0.01819937,1143.1189,520.66254,0.014901932,1161.3066,506.86334,0.023335109,1115.9507,518.6818,0.022749413
200,7,953.3931884765625,349.1752052307129,47.070465087890625,19.546985220820382,929.16815,356.8463,0.7431087,945.7297,367.9958,0.7449626,952.4271,360.69247,0.2707691,976.3713,366.16757,0.55159146,988.12585,357.3853,0.04121939,960.9027,370.90433,0.036639225,956.1581,365.71283,0.01681241,924.47186,357.21143,0.032575317,949.94916,352.02734,0.019534715,921.7092,362.64606,0.026793733
200,76,807.9873046875,205.93240785598755,14.164581298828125,0.34870338113488714,813.91833,210.56105,0.6301041,808.6986,209.89676,0.60723877,805.57385,210.20554,0.5665104,803.8187,209.9585,0.58663285,804.40186,207.07092,0.056212105,805.5837,213.49982,0.05189861,809.3172,207.65598,0.039731573,807.1985,205.75491,0.04312833,807.6311,205.77289,0.028878681,782.89966,212.09358,0.043246023
201,1,1185.6505737304688,493.4945125579834,137.6912841796875,2.574150727104557,1126.7677,501.83276,0.8114932,1177.7654,541.0305,0.68207,1142.81,496.2297,0.14947277,1229.7904,533.90967,0.2206771,1199.7849,595.0347,0.039316002,1193.7849,559.2644,0.033144653,1194.4088,512.8538,0.018387634,1144.4609,521.00775,0.015549953,1163.0831,507.44595,0.024035342,1117.2834,518.5857,0.022959566
201,7,954.2455444335938,349.3235721588135,47.458465576171875,19.197077211537426,929.5307,356.93506,0.74093205,946.4238,368.17447,0.74314743,952.69946,360.7568,0.2716265,977.3367,366.27744,0.54837275,989.1913,357.5198,0.03966893,961.4954,370.99567,0.034358166,956.651,365.7686,0.015801474,924.8125,357.22272,0.030642198,949.96747,352.2175,0.01827733,921.47296,362.73364,0.025309453
201,76,808.5083312988281,206.02344417572021,14.3594970703125,0.3539032203288166,814.9542,210.83762,0.6304523,809.50397,210.40015,0.60766166,806.6475,210.69612,0.5692328,804.9527,210.40132,0.5850902,806.2118,207.31989,0.05299138,806.0524,213.86569,0.047182452,809.00525,208.09702,0.0364164,808.15356,206.12726,0.039004426,808.0237,206.67236,0.025765285,782.8156,212.15446,0.040085644
202,1,1186.6041870117188,493.77414894104004,136.06906127929688,2.535932846617495,1127.7941,501.75186,0.8135201,1178.0149,541.84204,0.68459433,1142.8474,496.3065,0.14665328,1228.2955,534.76776,0.21796185,1199.4082,595.30237,0.038205426,1193.335,559.64374,0.03225208,1194.8506,513.33673,0.01754517,1145.1575,521.1961,0.014998486,1162.2032,507.7653,0.022934183,1118.1138,519.02167,0.021960638
202,7,955.2376098632812,349.5175666809082,48.224395751953125,18.694506485131406,929.86365,357.33917,0.747568,946.73566,368.95285,0.75000036,953.57324,361.28387,0.26212156,978.48755,366.89685,0.5441828,991.2233,358.0905,0.038059324,962.6256,371.8408,0.03184743,956.79663,366.53,0.014340326,925.0488,357.66867,0.029005073,950.46326,352.65244,0.016958246,921.103,363.26132,0.02315085
202,22,884.6841430664062,257.8469924926758,23.4642333984375,0.9617104914824153,895.2385,264.1185,0.6132278,888.9481,261.10117,0.6024287,876.44,263.92557,0.4366211,873.4331,261.03442,0.51031774,875.0071,257.55087,0.12100971,889.6247,274.76233,0.097130425,897.2723,266.14825,0.052473098,892.9162,254.27231,0.07056437,887.2582,260.9816,0.07415131,890.8962,262.83112,0.054878954
203,1,1188.6567993164062,493.8787422180176,135.68453979492188,2.5157644921970297,1129.1937,501.7105,0.81671834,1180.1863,542.87115,0.6866305,1143.8862,496.51093,0.14242896,1229.1779,535.8006,0.21302389,1201.0087,596.50604,0.036269926,1193.9576,560.5514,0.030364035,1196.9148,513.833,0.015870648,1147.1427,521.6157,0.014053284,1162.8372,507.95953,0.021261914,1118.5486,519.59393,0.020181311
203,7,956.484375,349.0447597503662,48.681243896484375,19.059995779092823,931.31854,356.93997,0.74213886,948.04083,368.67316,0.745434,955.0735,360.85574,0.26456988,979.9772,366.52457,0.5436711,992.63293,358.27725,0.03823937,963.8229,371.4179,0.031371474,958.0309,365.64755,0.01411427,926.13776,356.9847,0.028709896,949.95483,352.1523,0.016957546,921.64984,362.951,0.023043318
203,22,881.572998046875,255.19173431396484,20.850494384765625,0.8251642212677301,889.93604,261.15405,0.641859,884.4472,257.98624,0.6205034,877.1808,261.36496,0.60223603,871.64044,257.69284,0.61587834,867.99225,256.4815,0.04716908,877.8503,263.10815,0.033653606,881.02423,254.07657,0.031139594,880.5353,254.26598,0.035085917,875.43616,254.30801,0.020946763,857.2612,259.8679,0.025295664
204,1,1190.6824951171875,494.8026237487793,134.70126342773438,2.47983390115788,1130.7285,502.31198,0.8173933,1181.715,543.8056,0.6884373,1146.9917,497.0438,0.1394088,1233.0253,536.4356,0.2096166,1201.721,598.32184,0.035249595,1195.1935,561.4254,0.028943798,1199.4569,513.8088,0.014572414,1149.3752,522.6971,0.013537045,1166.7512,508.59607,0.020333285,1118.6091,519.6109,0.018892962
204,7,957.95947265625,349.0798816680908,49.242279052734375,18.773699480364584,932.1532,357.1904,0.745837,948.5601,369.28586,0.7484228,956.8091,361.15256,0.25604603,981.75415,366.93558,0.5377552,995.56476,358.97385,0.036572892,965.26263,372.03555,0.02864234,958.78894,366.08957,0.012581755,926.7534,357.18832,0.026969112,950.6717,352.227,0.015721997,921.39343,363.2037,0.02088071
204,22,879.8029174804688,253.8204345703125,19.780975341796875,0.7661356069191879,887.9885,259.73926,0.6431249,882.14795,256.869,0.62202865,876.20233,259.9027,0.59601456,871.28625,256.6318,0.61641645,868.26135,255.6183,0.05020078,876.78174,261.7287,0.038372114,880.4508,253.32407,0.03421814,878.9086,253.26025,0.03917318,875.79663,252.87964,0.023817766,857.16394,258.95822,0.02882281
205,1,1193.1846313476562,496.32151794433594,134.59652709960938,2.4575580722156722,1133.2795,504.0705,0.8173986,1184.0194,545.1787,0.68869954,1151.4934,499.33026,0.139108,1236.5609,537.67017,0.20993927,1204.0581,599.37,0.03406873,1196.4128,562.76483,0.026820324,1202.7168,515.0377,0.012730198,1152.6787,524.7065,0.012993256,1171.4164,510.18506,0.019010637,1119.9231,520.43414,0.016878951
205,7,959.5336303710938,349.749361038208,49.86163330078125,17.43209278275252,933.4063,358.03015,0.74582875,950.1527,370.44473,0.7540065,957.30225,361.93765,0.25040877,983.00226,367.99536,0.53213847,996.7444,360.10196,0.035404705,966.8368,373.15698,0.026346123,959.25793,366.82315,0.0118795615,928.4679,357.99557,0.025392478,950.506,353.23636,0.014606326,921.39636,364.3701,0.019050606
205,22,878.931884765625,253.6259250640869,19.914276123046875,0.7683238559312988,887.78723,259.87604,0.6453551,882.01306,257.01947,0.6251216,875.83325,260.00842,0.5932681,871.012,256.79422,0.6183598,867.69824,255.96771,0.05144234,876.86206,261.81436,0.039446216,879.9512,253.62642,0.035656903,878.4552,253.41301,0.040742226,875.90625,252.8514,0.024917861,857.4904,258.7162,0.029495599
206,1,1194.7047729492188,497.98440170288086,134.0712890625,2.4256361022468966,1134.2151,505.52213,0.8187386,1187.6932,546.622,0.686693,1154.2689,501.97192,0.1381322,1240.8511,538.9827,0.21068287,1209.4956,601.03705,0.032696057,1198.5621,564.2903,0.024575075,1206.2599,516.1204,0.010996035,1154.6571,526.39386,0.012285681,1174.7019,511.81055,0.017829072,1120.4412,521.6019,0.014978882
206,7,961.0156860351562,350.4065580368042,50.80682373046875,16.690162032433054,934.63055,358.0393,0.7401595,951.99005,370.6629,0.7519269,957.8377,362.0224,0.25175515,984.04956,368.23056,0.5309236,997.3833,360.44327,0.035015743,968.0475,373.22336,0.025382822,960.27014,366.33932,0.011726207,929.77466,357.8659,0.024529664,949.68933,353.4298,0.014189492,921.74097,364.7089,0.018526074
206,22,878.3990478515625,253.87193298339844,20.097198486328125,0.7762499116230613,887.29004,259.93765,0.6463961,881.53296,257.09406,0.62664443,875.4454,260.0694,0.5916224,870.6041,256.873,0.6172207,867.37115,256.06494,0.05079387,876.3905,261.9062,0.039073016,879.71045,253.8241,0.0351177,878.07947,253.57208,0.04043764,876.0762,252.84836,0.024546327,857.3705,258.7463,0.029132294
207,1,1195.2592163085938,499.81872367858887,132.55453491210938,2.368300746933956,1135.9186,506.79083,0.82553136,1190.4691,548.94885,0.69059217,1155.0867,503.8813,0.13384902,1239.4857,541.5745,0.20805243,1213.6396,602.32635,0.030227758,1198.5449,566.45703,0.02177457,1207.9463,518.674,0.009101902,1156.7924,527.6501,0.011242732,1173.5364,513.3866,0.015838366,1122.1692,524.2326,0.012730694
207,7,962.1479187011719,351.40650272369385,50.9725341796875,15.441346853402758,936.5685,358.4753,0.73534346,954.36926,371.55798,0.7558323,957.9608,362.26462,0.24514262,984.93994,369.19635,0.5258224,997.10913,361.50494,0.034558475,969.31396,374.01047,0.024378886,961.0807,366.18378,0.011668822,932.0429,358.1536,0.023502054,948.6993,354.18982,0.013652975,921.9194,365.7265,0.017742515
207,22,878.1963500976562,254.15669345855713,20.061309814453125,0.776539108432149,887.21155,260.08563,0.6437635,881.5576,257.15823,0.6238021,875.493,260.30045,0.59482014,870.51355,256.93307,0.61788416,867.2423,256.09576,0.05074922,876.39075,262.0247,0.038729794,879.7488,253.88014,0.03496144,878.1317,253.66829,0.040196266,875.7942,252.98586,0.024331123,857.33325,258.90048,0.028955594
208,1,1195.7080078125,501.4746551513672,130.370361328125,2.3098645397464144,1137.228,508.17062,0.8243342,1191.9622,549.82623,0.69005346,1157.1128,505.5932,0.13535807,1240.481,542.5137,0.21142529,1215.5428,602.24603,0.030393556,1198.5787,567.10223,0.021218833,1209.2986,519.838,0.008602756,1158.2457,528.6655,0.011280258,1175.2715,514.80005,0.015697652,1123.5107,524.9389,0.012121174
208,7,962.5372924804688,352.1338920593262,51.3109130859375,14.517509748255659,936.6362,358.8977,0.740883,954.7123,372.12634,0.76072955,957.9929,362.5471,0.2370341,985.5078,369.77225,0.52209187,997.7816,361.80197,0.03391138,969.8141,374.7291,0.023602378,961.00836,366.66205,0.011117069,931.84644,358.50128,0.022803666,948.7003,354.51486,0.01317438,921.29974,366.0817,0.016997114
208,22,877.5791015625,254.0862693786621,20.262725830078125,0.7832716115001758,886.94543,260.0765,0.64408225,881.42163,257.01364,0.6229744,874.70526,260.25854,0.59577656,869.5624,256.8111,0.61911744,865.89294,256.18176,0.051771913,876.048,261.82797,0.039901797,879.54767,253.75864,0.03632905,877.3676,253.61916,0.041632824,875.7043,252.61823,0.025415666,857.4336,258.47342,0.029770616
209,1,1196.5175170898438,503.2931671142578,126.5775146484375,2.221066562221481,1143.2053,511.37662,0.7769891,1197.7621,553.253,0.66019034,1169.8484,511.4723,0.1601234,1246.1152,547.3602,0.2629572,1234.0773,593.5074,0.026177214,1183.0068,565.5768,0.009051213,1200.8085,526.6224,0.0026481925,1160.0443,529.39087,0.0060817576,1173.7234,520.18494,0.0074814837,1127.935,522.9576,0.0032643152
209,7,963.20068359375,352.6508846282959,52.865753173828125,13.974894384420473,935.67883,360.02606,0.7858333,954.2137,372.21783,0.8144011,957.10016,360.86728,0.17792739,986.6149,369.96393,0.46312186,999.7013,360.9174,0.022060422,971.5503,378.33414,0.009136924,953.36633,371.017,0.004503623,935.83386,358.8144,0.012127148,956.4009,354.36285,0.005517222,913.1078,364.7221,0.005460735
209,22,876.3179626464844,253.67963790893555,21.16241455078125,0.8141478691814698,885.56274,259.98785,0.65057534,880.2648,256.85834,0.62800395,872.9762,260.08823,0.591315,868.10504,256.5639,0.6194036,864.17334,255.9792,0.052558526,875.09656,261.61627,0.041882314,878.8191,253.92838,0.037911892,875.5397,253.61305,0.043830995,875.8994,252.15094,0.026702577,857.40466,257.8776,0.030931227
210,1,1197.5132446289062,504.8854465484619,123.78561401367188,2.150567689227377,1144.1334,513.101,0.7720902,1199.8625,555.20416,0.65986764,1170.8647,513.32385,0.16173872,1247.8589,549.30164,0.26571375,1236.1271,595.1348,0.026155796,1181.6494,567.1829,0.008651033,1201.416,527.89825,0.0024798398,1161.2356,530.76154,0.0058058556,1173.9202,522.58417,0.007298168,1127.8079,524.4566,0.0030461778
210,7,963.9179992675781,353.15242767333984,53.16943359375,13.072203542923559,936.672,360.7991,0.78820467,954.8498,373.2742,0.81731564,958.46985,361.50092,0.16912822,987.7733,370.96213,0.4548301,1001.508,361.88065,0.020711595,972.54803,379.57773,0.008134164,953.5461,371.90103,0.0039590592,936.7821,359.35303,0.011152161,957.1041,355.24048,0.0049366476,912.46826,365.4077,0.0048051924
210,22,875.185546875,253.65705585479736,21.091094970703125,0.8091852772100343,883.90796,260.1117,0.6512455,878.6438,257.1375,0.6322415,871.94653,260.0067,0.5822946,867.5642,256.80185,0.61628836,863.46277,256.45398,0.053494208,874.0145,261.86536,0.043479357,878.1627,254.27725,0.038444832,874.319,253.8304,0.04562952,875.563,251.98357,0.027534636,856.9103,258.14865,0.03172806
211,1,1198.888916015625,505.9322032928467,121.00836181640625,2.0925404118247353,1145.7278,513.36487,0.773043,1200.8574,555.4555,0.6657376,1172.6233,513.68396,0.16178778,1248.5591,549.4528,0.26777235,1236.82,595.02594,0.026294082,1180.9602,567.31116,0.008612242,1202.2463,527.2444,0.002480083,1163.0359,530.5823,0.0057916245,1174.9005,523.68036,0.0074721985,1128.3445,524.4662,0.0030536752
211,7,964.6904296875,353.51502799987793,53.709686279296875,12.68644555892724,938.71124,361.18546,0.80949163,956.90967,373.79056,0.80909854,961.962,365.72076,0.21302143,989.7281,371.87912,0.5522676,1004.9314,356.8709,0.023883482,973.75214,378.39243,0.025473723,967.614,376.84668,0.009677854,935.69885,364.48013,0.019874293,978.78577,360.3586,0.009125176,935.4807,367.71613,0.01615942
211,22,873.6915893554688,253.54857444763184,21.01153564453125,0.8030413019460418,881.4762,259.90076,0.6546247,876.42834,257.2096,0.6373987,870.3382,259.74374,0.5697835,866.5255,256.79428,0.610453,862.77954,256.42075,0.05305431,872.37286,261.93225,0.044605237,877.5917,254.55264,0.037774827,872.36743,253.97192,0.046544865,875.5404,251.5993,0.027623348,856.056,258.2572,0.03211081
212,1,1201.0039672851562,507.48462295532227,120.37326049804688,2.0650154774002547,1146.6029,514.8986,0.7651721,1204.1138,557.07184,0.664027,1173.0659,515.2826,0.16636166,1250.7976,550.75714,0.2738984,1240.0508,595.68164,0.026603336,1180.1174,568.3135,0.008465095,1203.7437,527.97876,0.0023804326,1164.4066,531.3121,0.0055456343,1175.0135,525.92596,0.007471247,1128.7168,525.361,0.0029081078
212,7,965.7614135742188,354.2926025390625,54.22686767578125,12.003962171793312,938.80334,362.4206,0.8210261,957.28076,374.97723,0.81675595,962.84973,366.98203,0.2065595,990.9519,372.9614,0.54675525,1007.70447,357.18613,0.022504343,975.2943,379.972,0.022534478,966.8596,378.81964,0.008386324,935.53406,365.8437,0.018099746,980.0956,361.42374,0.008071271,934.39014,368.23822,0.014127574
212,22,873.2378540039062,252.89984893798828,21.32208251953125,0.8081224289295582,881.4872,258.8633,0.65591776,876.38477,256.2085,0.6363425,870.11224,258.81738,0.5698599,866.08606,255.91289,0.6115691,862.6382,255.31876,0.054045614,872.3512,260.86798,0.047115818,877.8502,253.59433,0.039647207,872.1583,253.03522,0.048347235,876.0364,250.62274,0.029084682,856.16254,257.44113,0.034079228
212,86,807.5509643554688,197.93931341171265,13.790130615234375,0.3221901536522259,811.63696,201.57364,0.6133705,809.33185,199.84915,0.58564484,803.397,201.7877,0.57114285,801.7815,200.32161,0.6065197,800.4962,198.44989,0.054383844,804.4657,204.32324,0.046077732,810.1129,196.25348,0.038711347,804.92944,195.70116,0.043177653,803.44556,195.6401,0.029647276,783.2679,202.31236,0.03668225
213,1,1202.13134765625,509.63622665405273,117.91726684570312,2.0006550936840886,1147.5466,515.3684,0.76476645,1206.487,559.3046,0.6678676,1172.236,515.12317,0.16513443,1250.7802,552.41,0.27235734,1241.9342,597.8258,0.026097842,1178.9585,569.5535,0.008182583,1204.3323,528.5851,0.0022604289,1165.6204,531.1932,0.005339664,1173.7046,527.47375,0.0073838797,1129.3433,526.593,0.002799727
213,7,966.4597778320312,355.1316919326782,55.35003662109375,11.45147629860553,938.2894,363.06506,0.829183,957.4444,375.99234,0.8226934,963.30817,367.7619,0.19519153,991.87555,373.89917,0.5394734,1009.9634,357.46262,0.02098265,976.2834,381.26978,0.02015648,966.7937,380.16476,0.0072574434,935.02844,366.74283,0.016472632,981.03754,362.0309,0.0071881847,933.16003,368.76483,0.012467617
213,22,872.7540893554688,252.86076164245605,21.569000244140625,0.8167770205554321,881.2795,258.92474,0.65781623,876.03625,256.23657,0.63829035,869.43884,258.84778,0.56746227,865.2691,255.92175,0.6115604,861.61707,255.31685,0.05440859,872.0145,260.8921,0.047938243,877.4625,253.72267,0.040536705,871.7649,253.08133,0.049323324,876.15393,250.62971,0.029616093,856.1044,257.31207,0.03447167
213,86,806.7535400390625,198.17191886901855,13.426483154296875,0.31387754457582345,810.36865,201.56448,0.61799395,808.17896,199.95595,0.5914376,802.4979,201.84499,0.5630315,800.64636,200.39256,0.6073654,799.51807,198.45976,0.05467806,803.7801,204.46794,0.04716177,809.7075,196.47202,0.039177917,803.9925,195.71507,0.04441716,803.52625,195.52786,0.030125147,783.06714,202.49107,0.03707055
214,1,1207.7144165039062,512.8652286529541,123.56478881835938,2.0468458377274654,1151.6249,518.645,0.7477427,1211.9314,561.2007,0.66366243,1176.032,518.1642,0.17717314,1258.3464,552.92236,0.2891566,1246.4874,597.9857,0.026555587,1181.7688,571.07117,0.008037942,1208.3462,528.65906,0.0021018272,1170.46,532.8179,0.0049435226,1179.2943,530.659,0.0073917364,1129.5104,527.156,0.0025912703
214,7,967.3685302734375,356.30013942718506,56.572174072265625,10.735524728107924,940.8893,364.64685,0.7533084,958.9977,377.48135,0.7305993,967.0707,369.54062,0.25023282,993.69385,375.00522,0.558236,1004.9306,364.41888,0.03768324,974.5003,380.01663,0.04812478,976.3812,376.4979,0.016743323,934.3917,366.07516,0.034547992,972.23975,362.45123,0.020257676,941.00525,372.10684,0.03568085
214,22,872.1018676757812,253.49226093292236,21.564239501953125,0.8228248451266627,880.75964,259.8613,0.65555054,876.03284,256.99646,0.6357281,868.7709,259.89456,0.5697334,864.7068,256.60553,0.61273247,860.5871,256.11694,0.0528908,871.682,261.77628,0.045533348,877.3042,254.47183,0.03905101,871.14276,253.9223,0.047694,875.4472,251.41435,0.028309235,856.0414,257.89456,0.032530684
214,86,806.0864868164062,199.17112970352173,12.33416748046875,0.29009057427732304,809.979,202.6227,0.6157526,807.4193,201.4364,0.59380424,802.5174,202.71518,0.54024154,800.21655,201.67754,0.5964418,798.48834,199.92892,0.055482995,802.9239,205.90677,0.047101457,809.0349,197.40268,0.03903662,804.14124,196.51935,0.045534614,803.13196,196.60797,0.030526852,782.172,203.42282,0.036392573
214,87,1249.1764526367188,519.3524322509766,212.17080688476562,3.275007979832401,1149.8331,518.0564,0.8153627,1221.2272,563.4492,0.6543437,1165.7671,515.2405,0.13700897,1269.7234,558.3653,0.20660143,1257.2666,627.7106,0.038081884,1242.768,582.18945,0.038601365,1225.8165,533.5088,0.028028829,1168.4009,537.50806,0.014448029,1184.6743,528.25543,0.02798895,1153.9224,543.2025,0.028917408
215,1,1220.0335693359375,517.4733066558838,142.740234375,2.2791249648343115,1157.1106,522.8239,0.72718924,1221.6873,566.151,0.6529623,1179.8604,521.2036,0.18556546,1269.1459,556.21295,0.2972295,1255.8452,601.678,0.025274875,1186.3767,574.8583,0.007122403,1215.3534,531.15796,0.0016195094,1177.0995,535.3737,0.0040397597,1185.66,534.62213,0.006463753,1128.759,529.42566,0.0020396188
215,7,968.8092041015625,358.4653902053833,55.542572021484375,9.622496589010002,943.1207,366.91135,0.7642509,960.8561,379.05127,0.74458045,968.8401,371.55093,0.25129566,995.27454,376.8051,0.5607761,1008.1439,366.01675,0.036532566,977.43994,382.02017,0.04210865,976.2366,378.38028,0.015409844,936.1915,367.95724,0.032163486,973.5855,363.70126,0.018428056,941.1482,373.26755,0.030639863
215,22,872.2944946289062,254.40342235565186,20.84820556640625,0.8028952252688105,881.334,260.4421,0.64947814,876.49207,257.65353,0.63203055,869.53986,260.5074,0.57199526,865.25006,257.22464,0.6109164,861.05664,257.01752,0.052565496,871.8645,262.34912,0.04343916,877.47266,254.80078,0.03733682,871.9177,254.42775,0.0457243,874.849,252.02702,0.027133355,855.69165,258.48505,0.031204402
215,87,1254.5304565429688,521.2083320617676,215.72616577148438,3.285716704523031,1155.324,523.1128,0.82853705,1228.7678,570.45844,0.66596794,1175.2559,520.8071,0.124785036,1282.2617,564.6283,0.19241853,1265.4707,634.4595,0.029970754,1245.889,589.53424,0.025655678,1236.919,538.46783,0.015746973,1176.4309,546.0251,0.010441001,1193.5914,532.4934,0.01827778,1154.0353,547.3598,0.017940776
216,1,1224.1334838867188,519.6558609008789,147.21780395507812,2.3300079582253046,1158.6143,524.5531,0.72492605,1223.3153,567.1422,0.65365964,1179.7806,522.4976,0.18562071,1267.0967,557.92395,0.29822966,1256.3915,600.9238,0.025242073,1185.119,575.852,0.0068577672,1215.3115,533.1081,0.0015178098,1178.2949,536.0543,0.003884362,1183.9554,536.367,0.006187827,1130.0895,531.2386,0.0018996991
216,7,969.8280029296875,360.80148696899414,54.642974853515625,8.477164629263676,944.2352,368.88974,0.78091294,961.15454,381.11313,0.76640904,969.97906,373.22705,0.23608792,996.0226,378.96307,0.5570361,1010.5206,367.7352,0.035042252,979.4094,384.4598,0.037433155,975.1752,380.82407,0.013896104,937.15576,369.86432,0.030370472,975.54694,365.08954,0.016624058,940.5121,374.61844,0.026309915
216,22,871.6408081054688,255.16320419311523,20.13372802734375,0.7808126938886983,880.9642,260.99707,0.6452963,876.08954,258.11554,0.6272767,868.5903,260.98734,0.5711339,864.4088,257.41675,0.60434645,859.49646,257.19345,0.0536512,871.30225,262.7579,0.04405614,877.19806,254.96965,0.037247293,871.38995,254.81453,0.0459653,873.24243,252.5005,0.027039168,854.52783,259.07642,0.0314477
216,87,1253.8805236816406,520.6814002990723,209.309326171875,3.231392388099427,1157.4512,523.8914,0.8277821,1224.4304,570.3123,0.6719605,1173.9536,520.1286,0.13058782,1272.8154,564.7452,0.20104073,1260.6711,629.29865,0.03165194,1241.2164,588.2841,0.027115617,1232.4742,540.7186,0.01717205,1176.9231,545.5776,0.010971741,1188.6067,531.71436,0.018629301,1156.4846,547.6942,0.018885897
217,1,1228.2650756835938,521.7733726501465,152.2174072265625,2.3768094018476105,1160.868,528.62946,0.7539068,1224.081,571.09106,0.6579871,1187.6122,528.3491,0.17196913,1272.9629,562.45703,0.2707606,1251.8604,612.2511,0.030738654,1201.811,579.7766,0.013840916,1233.0942,536.4383,0.0036839936,1183.4827,542.7553,0.007660211,1204.4336,540.82526,0.012023715,1133.6772,534.5679,0.005035772
217,7,970.5822143554688,362.42780685424805,54.8228759765625,7.9708488315344725,944.3883,370.1062,0.79241455,961.81836,382.37064,0.77874964,970.21765,374.32715,0.22703008,996.9706,380.28302,0.5536575,1012.4354,368.304,0.033021275,980.881,386.07373,0.033740915,974.5043,382.49503,0.012498424,937.2647,371.14218,0.028014382,976.39453,366.14465,0.014830542,939.70953,375.51712,0.023299046
217,22,870.5584716796875,255.39067268371582,20.047210693359375,0.7785875545370912,879.3041,261.1535,0.6462637,875.33405,258.37744,0.6293069,867.4612,261.26257,0.5644199,863.67175,257.71973,0.60321796,858.87256,257.31113,0.052434113,870.75806,263.112,0.043281637,876.9083,255.37408,0.0363775,870.13934,255.10712,0.045476932,873.01996,252.5075,0.02631974,854.1305,259.36136,0.03070467
217,87,1254.9706420898438,524.9582405090332,207.30917358398438,3.12669262063796,1164.6082,528.64087,0.71982443,1230.4109,572.5303,0.5858643,1199.1484,530.6795,0.20405068,1295.2983,562.2017,0.27696002,1309.8477,610.1283,0.019396016,1258.5154,571.5988,0.0049889833,1228.8989,548.22595,0.002046199,1177.861,544.93915,0.0018608273,1209.1708,532.33453,0.0026074972,1225.4215,539.00116,0.0016811241
218,1,1229.8269653320312,523.0326118469238,149.03512573242188,2.3144706680060767,1166.2644,531.53485,0.7396753,1226.9558,573.1872,0.653612,1192.617,530.75287,0.17962104,1274.9075,564.31384,0.2794218,1252.7036,612.0337,0.03121914,1202.4438,580.4605,0.013385877,1235.974,538.83264,0.0033675581,1188.7794,544.4434,0.0073473044,1209.7498,543.56305,0.011574826,1135.4203,535.6927,0.004605415
218,7,971.9668579101562,363.3754291534424,54.290130615234375,7.496098751999321,945.5073,370.6655,0.79807854,963.5657,383.27502,0.786412,971.3408,374.89804,0.21521957,998.7285,381.29282,0.54651576,1014.71985,368.9778,0.032461967,983.0028,387.17307,0.03165827,975.1888,383.11417,0.011755503,938.4249,371.84705,0.026846679,976.67175,366.44748,0.0142318085,939.6883,376.11896,0.021599168
218,22,870.1760559082031,255.2892723083496,19.758544921875,0.7661148111498064,878.82117,261.18066,0.6467587,874.8726,258.47006,0.63183755,867.2031,261.3131,0.5634574,863.66125,257.89838,0.60478514,858.89703,257.51633,0.05259008,870.5469,263.18378,0.043615256,876.55347,255.58255,0.03685099,869.8401,255.23991,0.046106085,873.14514,252.55885,0.026606718,854.35364,259.42023,0.030912595
218,87,1255.8934020996094,526.2434349060059,202.1414794921875,3.0379991862391944,1168.9552,532.5536,0.7049101,1234.2688,575.8707,0.579433,1203.9229,534.4348,0.20547675,1297.5516,566.12146,0.28379935,1310.2373,611.2338,0.020344662,1256.4138,573.5922,0.00467316,1229.7133,551.1569,0.0018339256,1182.5594,547.80023,0.001801545,1212.0541,536.3445,0.002488424,1226.5055,541.2686,0.0014792995
219,1,1238.7030029296875,523.8298072814941,158.36618041992188,2.45846745124486,1170.4542,533.3999,0.7218179,1231.6523,575.3922,0.61562705,1201.0095,534.15625,0.18701929,1289.8243,567.4316,0.30308458,1290.3168,606.1502,0.022409588,1224.5933,577.413,0.0046536364,1226.0837,549.49963,0.0012909455,1183.1028,547.92975,0.0024560287,1206.188,541.0658,0.0033952293,1177.4453,538.0651,0.0012350755
219,7,973.2943725585938,364.0475091934204,54.690216064453125,7.253573391898874,946.6682,371.29926,0.8045329,965.2011,384.40128,0.7968195,972.0149,375.47504,0.2031208,1000.2455,382.3781,0.5406726,1016.3802,369.75308,0.032097455,985.08636,388.45044,0.03028914,975.5663,383.7978,0.011170966,939.3851,372.5511,0.025995923,976.35077,366.97522,0.013642442,939.3534,376.9809,0.020252485
219,22,869.7344970703125,254.9304313659668,19.609222412109375,0.7564799044951553,878.1077,260.69434,0.64711934,874.1013,258.0673,0.63224524,866.6621,260.9126,0.56175494,862.9739,257.51288,0.6051805,858.3473,257.06265,0.053650957,870.0116,262.72174,0.04561946,876.36316,255.30534,0.038255714,869.27545,254.9156,0.047809005,873.27264,252.06805,0.02770651,854.33075,259.07245,0.03233856
219,87,1261.6089477539062,530.5284118652344,211.23898315429688,3.088338393907568,1171.7147,535.65204,0.6692277,1239.1667,569.2328,0.58568573,1206.7904,534.3844,0.25633338,1297.8514,562.0958,0.26970527,1328.9124,615.6816,0.03882419,1300.5254,570.5624,0.018006923,1257.4928,553.9876,0.009304279,1180.7538,540.1396,0.004519854,1225.9042,536.4345,0.008512409,1285.1345,543.69934,0.00799991
220,1,1250.8939819335938,525.056396484375,173.76992797851562,2.6791729524380674,1174.745,536.8839,0.7088729,1236.152,576.3444,0.6142791,1207.755,538.1789,0.19237635,1297.2195,568.00934,0.31658462,1293.6896,605.3816,0.023020368,1226.7483,578.4356,0.00440793,1229.3171,548.92346,0.0011575669,1189.0427,549.86554,0.0022152544,1213.0599,543.99567,0.0032795488,1177.0966,538.3188,0.0010934632
220,7,974.6625366210938,364.4754867553711,54.938323974609375,7.06989638394474,947.5242,372.0593,0.8086139,966.2478,385.38223,0.8033607,972.5586,376.16605,0.19637729,1001.17456,383.31494,0.5360598,1017.4521,370.54425,0.031673264,986.40674,389.58636,0.028811507,975.69006,384.6325,0.010658669,940.3506,373.3588,0.025139693,976.3852,367.6607,0.013072206,939.1332,377.79868,0.01899167
220,22,869.654296875,254.5881471633911,19.38665771484375,0.7444306573831169,877.8496,260.36166,0.6477933,873.7543,257.74408,0.6328093,866.64026,260.55136,0.56226265,863.0376,257.22687,0.6056238,858.6449,256.71124,0.054008123,869.8734,262.36325,0.04649701,876.3661,255.09235,0.03886367,869.1157,254.65126,0.048524905,873.56995,251.7445,0.028182624,854.46716,258.80276,0.03306738
221,1,1261.6478576660156,527.4809417724609,186.457763671875,2.820156673819942,1178.4839,540.4129,0.79739326,1245.5217,579.5824,0.67216414,1206.3789,539.3753,0.14288828,1306.1356,572.1912,0.2223748,1270.2183,634.2157,0.031738777,1246.4968,598.6569,0.020071011,1260.4271,546.72925,0.007838611,1201.4366,561.62317,0.009766738,1225.8623,548.0344,0.015130415,1168.1659,552.26917,0.0101161385
221,7,976.4848022460938,365.3756790161133,54.706512451171875,6.735640242894435,949.198,373.13632,0.8125271,967.70593,386.71472,0.8111924,973.75793,376.97247,0.18845902,1002.6029,384.5883,0.52861243,1018.97003,371.81927,0.030939272,987.9426,391.10583,0.026812803,975.7678,385.84235,0.009975001,942.38873,374.60233,0.023793267,976.6734,368.7694,0.012249245,939.042,378.96347,0.017345706
221,22,869.6231689453125,254.59811210632324,19.41815185546875,0.7449417291842854,877.76794,260.12494,0.6478924,873.6462,257.56793,0.6313054,866.7156,260.51288,0.56089705,862.61554,257.06207,0.60450226,858.667,256.50418,0.05370692,869.7396,262.14722,0.046240658,876.4098,254.941,0.0384569,869.1155,254.51811,0.04821099,873.82104,251.5851,0.027999422,854.3451,258.6871,0.032950792
222,7,977.4179077148438,366.82440662384033,56.318756103515625,6.663962511839578,952.94293,373.92966,0.7267102,969.33484,388.67926,0.7136821,976.3074,379.29587,0.25754005,1003.1107,385.66696,0.5476545,1010.7028,376.83664,0.044621486,981.6268,389.94772,0.05643095,981.879,384.03207,0.020430654,946.7584,375.40912,0.037061155,968.05066,374.53226,0.02461025,947.61237,384.121,0.045443773
222,22,869.1201782226562,254.70950317382812,19.6051025390625,0.7526668764478983,876.38135,260.06955,0.65058583,872.9457,257.48538,0.63495433,865.5566,260.57642,0.55735207,861.53595,257.16937,0.6083637,857.58655,256.50525,0.053487346,869.24097,262.19473,0.047058307,875.9164,255.11963,0.039528865,867.8887,254.56567,0.049769625,874.052,251.31656,0.02864043,854.61566,258.57236,0.033298276
223,7,978.290771484375,368.17909812927246,56.922271728515625,6.4573473928859695,953.6587,374.9214,0.735535,970.80115,389.746,0.72100526,977.98315,380.4898,0.24943654,1005.5438,386.78198,0.544419,1015.1023,377.59717,0.040423255,983.93274,391.1811,0.04773104,982.89246,384.9729,0.01687282,946.5035,376.38776,0.032278977,968.6609,374.93832,0.020958016,946.87366,384.60583,0.03783483
223,22,868.4848022460938,254.71352005004883,19.821533203125,0.7609837907166146,875.34796,260.03638,0.64960074,872.4569,257.51465,0.63565093,864.87646,260.65616,0.554454,860.8602,257.27066,0.60983676,856.7091,256.41086,0.053114884,868.73096,262.3275,0.04745783,875.87756,255.18951,0.039779138,867.0381,254.64212,0.050100945,873.7864,251.15472,0.02862276,854.53125,258.57697,0.03342946
223,1,1272.9613952636719,539.9624061584473,193.112548828125,2.6697881896218414,1192.4841,551.343,0.84533554,1275.1534,598.1402,0.6676206,1213.9891,548.20416,0.11747401,1336.543,590.5742,0.17800899,1320.3209,668.52704,0.024076758,1299.7158,623.24493,0.019844254,1283.2458,566.4395,0.011486428,1216.2035,576.5559,0.0077954363,1235.1561,557.5228,0.0140330875,1191.7512,578.45276,0.014275592
224,7,980.1485595703125,369.9873104095459,55.360931396484375,5.911637388313122,955.73694,377.27652,0.74722457,972.1771,391.6838,0.73717296,980.9441,382.50168,0.2400433,1007.6045,388.77753,0.54363227,1019.75116,380.12173,0.03810869,987.35944,393.56982,0.040096253,984.1063,386.71487,0.014254096,947.5646,378.16898,0.029791793,970.2753,375.28305,0.018604416,946.35547,385.86472,0.030358411
224,22,867.7692260742188,254.7627010345459,20.172454833984375,0.7755155287206268,874.4669,260.41394,0.6488967,871.93396,257.87943,0.6336781,863.68823,260.99387,0.5482669,859.49634,257.6253,0.6059245,855.3968,256.77267,0.05269771,868.12476,262.7611,0.046757706,875.3369,255.64632,0.039528314,865.979,255.1276,0.049738877,873.56104,251.25502,0.028309895,853.9257,258.53503,0.03295184
224,1,1277.0167236328125,544.0530796051025,193.67202758789062,2.6095254410449864,1195.0813,553.3673,0.8537526,1282.364,603.61224,0.6672982,1218.5001,550.8321,0.10778085,1342.7716,595.3953,0.16907844,1329.3514,673.54834,0.020480985,1302.4913,627.45514,0.01546303,1288.9883,570.3165,0.007901656,1220.7743,579.9204,0.0063117235,1238.8307,560.10114,0.010751603,1192.6548,581.08276,0.010269775
225,7,981.2444458007812,371.07954025268555,55.0338134765625,5.6128062086500385,955.4769,378.87958,0.75648624,972.62054,393.47763,0.7508651,980.8881,384.11993,0.22812612,1008.26685,390.53394,0.54043514,1021.4775,381.70764,0.037033416,989.14435,395.56885,0.036515437,983.99805,388.43216,0.013051442,947.0232,379.68463,0.028661976,970.54236,376.149,0.017350614,945.39343,387.12134,0.026801197
225,22,867.2266845703125,254.5297737121582,20.4276123046875,0.7837543962309673,873.8469,260.3416,0.65092343,871.5211,257.82388,0.6357883,863.12305,260.84064,0.5446787,859.17456,257.6065,0.6058347,855.05066,256.68405,0.052683134,867.79706,262.73987,0.04742276,875.1273,255.68887,0.039834004,865.3048,255.08894,0.050416306,873.64795,251.08618,0.028648356,853.78503,258.3736,0.03327473
225,1,1281.0158386230469,547.0137748718262,191.846923828125,2.5362094567081463,1199.044,555.46936,0.8582431,1287.1345,607.5183,0.67187643,1225.1493,552.663,0.101154484,1351.104,598.24066,0.1626941,1333.677,678.4599,0.018589038,1306.2097,630.4296,0.013151889,1295.2278,572.20465,0.005994932,1225.8937,582.86926,0.005655474,1247.6393,562.46094,0.009257122,1194.1423,582.3206,0.008285323
226,7,982.3646850585938,372.00208282470703,54.897491455078125,5.427426547893357,956.6725,380.0078,0.7583499,973.7235,394.45398,0.7557142,981.9077,384.98828,0.22704242,1009.39966,391.397,0.53863186,1022.98474,382.90714,0.036508046,990.79736,396.6817,0.034070738,984.4902,389.23102,0.0123308785,948.1324,380.4967,0.027723046,970.61145,376.69946,0.01652713,945.2102,388.00247,0.02463195
226,22,866.6867980957031,253.89835166931152,21.08953857421875,0.803462585485927,873.4228,259.856,0.6504285,870.88916,257.28055,0.6340609,862.66174,260.38907,0.54656917,858.30396,257.0365,0.6050818,854.21643,256.01077,0.053602807,867.17725,262.15778,0.049418524,875.11694,255.20714,0.04101898,864.85474,254.65973,0.051927943,873.6559,250.53604,0.029520774,853.5932,257.98938,0.034727376
226,1,1285.7415161132812,549.6186676025391,192.2186279296875,2.5008119755705653,1201.2695,557.35803,0.8543904,1291.709,609.34784,0.6670667,1228.9791,555.4113,0.1035302,1356.2649,599.49,0.16624598,1337.5212,680.0328,0.018689876,1307.8884,631.37524,0.012791958,1299.4141,573.4041,0.0054714847,1229.271,584.57306,0.0057740016,1253.71,564.4817,0.009230531,1196.9403,582.89594,0.0078029498
227,7,984.1906127929688,373.29683017730713,54.646270751953125,5.244708979631717,958.75256,380.95874,0.7565097,975.87213,395.31775,0.7562909,983.5427,385.64227,0.22908802,1011.57227,392.12613,0.5345679,1025.5747,384.0231,0.035092447,993.0793,397.52994,0.030302666,985.46936,389.7065,0.011234339,950.02277,381.03345,0.025458356,970.66974,377.37784,0.0150212785,945.11646,388.71158,0.021966368
227,1,1292.7523498535156,551.4615898132324,196.87554931640625,2.5287026253735974,1207.9233,558.1632,0.7457576,1285.8303,611.2725,0.58729714,1253.5303,557.5079,0.15525688,1362.5562,599.6108,0.22284742,1372.7615,656.8772,0.013626013,1311.0487,606.38934,0.0026907467,1282.9344,580.5315,0.00089017197,1227.5037,578.3369,0.0009976798,1265.0807,560.95844,0.0013548357,1266.354,570.65936,0.0007946729
228,7,985.2014465332031,373.68826961517334,56.20880126953125,5.275891937819042,958.51447,380.81573,0.75753844,976.4591,395.86243,0.76404387,982.3888,385.46182,0.21807915,1012.4121,392.59308,0.5293839,1025.613,384.28107,0.03495959,993.848,397.87823,0.030576684,985.49,389.57977,0.011246242,949.6404,380.92572,0.025404744,969.2881,377.60965,0.0147727225,944.69714,389.2494,0.021938235
228,1,1299.74560546875,553.5685958862305,201.75650024414062,2.5464072641674944,1213.1848,560.9278,0.7467403,1291.636,616.3443,0.58933705,1260.2485,559.6994,0.1490449,1372.0874,604.5346,0.21899286,1379.1155,663.01605,0.012572092,1312.4052,610.0347,0.0022082417,1287.5237,583.4346,0.00067351875,1233.5918,582.0218,0.0008757042,1272.3623,564.04474,0.0011589195,1265.741,572.90125,0.0006101211
229,7,986.2548522949219,373.6394233703613,56.356201171875,5.24560348727477,960.05176,379.97986,0.7485002,979.00903,395.59152,0.7617492,982.00476,384.69092,0.21919619,1013.76984,392.32468,0.5277133,1025.4292,383.92508,0.03495477,994.88464,397.17035,0.031142132,986.41754,388.218,0.01171288,951.2199,380.1011,0.024712963,967.2343,377.79016,0.014601845,945.24634,389.37796,0.022775903
229,1,1307.199462890625,555.8121757507324,206.38211059570312,2.5576147008700216,1217.9567,561.9075,0.75006604,1295.4381,619.64386,0.5921282,1263.6766,559.82697,0.14423844,1375.6484,607.7729,0.21327253,1381.3267,667.4272,0.011886106,1313.4885,612.0336,0.0019823066,1290.852,585.8894,0.00057677116,1238.4337,583.53345,0.0008535518,1277.1642,565.4065,0.0010706929,1266.6339,574.66766,0.00054502644
230,7,988.061279296875,374.3440761566162,55.3037109375,5.047166070077231,961.6044,381.07504,0.75080156,980.3952,396.52847,0.76343715,983.83545,385.52643,0.21663873,1015.9342,393.1449,0.5204463,1028.5977,385.10336,0.033085544,996.9376,398.25873,0.027107267,987.2144,389.0783,0.010236155,952.6998,380.83685,0.022513634,967.9994,378.39127,0.013094808,945.0079,390.14966,0.01969867
230,1,1314.3014831542969,558.5547752380371,212.1002197265625,2.575158496530404,1214.9695,563.5792,0.8261364,1313.104,625.28107,0.6525587,1242.0193,562.12274,0.09906575,1370.9624,614.77527,0.15556368,1347.7712,695.4474,0.018272566,1303.9891,639.19244,0.010544512,1317.372,581.27124,0.0031935743,1243.5118,590.8806,0.005258849,1268.1611,576.69025,0.0075908653,1208.8203,587.56726,0.0050620125
231,7,989.9942321777344,376.06468963623047,54.9202880859375,4.83572953278619,962.60394,382.7961,0.8050058,981.6074,396.8836,0.8013843,986.29407,387.62262,0.19893871,1016.75244,394.84247,0.5544378,1030.5162,380.45636,0.027576298,999.32135,400.64142,0.034739852,994.53204,397.4883,0.011679258,956.4862,385.42352,0.024827985,998.82153,382.05914,0.01215208,960.68835,390.97647,0.022657206
231,1,1322.6060485839844,561.8069000244141,217.6878662109375,2.587157938249259,1220.3783,568.915,0.79195416,1321.475,632.12976,0.62566024,1247.7456,569.42896,0.11767275,1373.4355,621.7498,0.17590465,1355.8191,696.75824,0.02026887,1295.9653,641.7335,0.01055142,1320.1218,588.7184,0.002906884,1249.7405,595.30444,0.005482547,1270.5759,582.96466,0.0076296465,1213.4059,590.6182,0.0043679215
232,7,990.9713745117188,377.073543548584,54.91021728515625,4.710376509690042,962.61804,383.64844,0.8125978,982.28485,397.63113,0.80429006,986.9643,388.63397,0.19566765,1018.0663,395.49396,0.5500469,1033.0938,380.52557,0.026665425,1000.73303,401.61136,0.031822253,994.58936,398.73654,0.010660469,956.5416,386.40387,0.0231664,999.67664,382.7381,0.011343261,960.1034,391.39722,0.020697765
232,1,1332.13330078125,565.7267017364502,228.08908081054688,2.644674954813123,1227.8447,579.463,0.74646777,1335.551,647.2609,0.598942,1248.4209,577.3255,0.13518861,1374.3492,637.6557,0.18727425,1370.5645,704.9248,0.019852158,1285.8496,649.4344,0.008085022,1325.0417,605.0153,0.0017578831,1257.4553,602.6233,0.004230089,1268.0627,594.4234,0.0056926613,1220.1613,600.8013,0.0025629008
233,7,992.2490844726562,377.90199851989746,55.599884033203125,4.658287719269016,963.29736,384.69177,0.82084423,983.98706,398.70358,0.8103235,987.79047,389.98438,0.18925929,1019.2879,396.64084,0.54388255,1035.3447,380.62128,0.025764832,1002.59344,403.06897,0.029092878,994.61414,400.23752,0.009801669,957.8257,387.92706,0.0214095,1000.2325,383.99588,0.010489922,959.8734,392.37665,0.018726692
233,1,1340.9907531738281,569.3236083984375,240.48724365234375,2.724331063186141,1244.5045,589.84674,0.7869427,1342.6816,655.06226,0.627915,1244.9418,584.24365,0.1407172,1356.0687,654.2528,0.17405835,1407.7968,711.6639,0.017749695,1342.7432,662.8353,0.01148775,1327.0477,629.00757,0.0059760823,1261.1644,608.9075,0.0031099042,1239.5837,598.6609,0.004896664,1312.964,631.2663,0.0049960627
234,7,992.9369201660156,378.2740230560303,56.2716064453125,4.623345244118317,963.73096,385.1051,0.82594085,984.49634,399.73047,0.8166309,988.4448,390.6242,0.17743391,1019.97455,397.60184,0.5359113,1036.8271,381.1718,0.024838354,1003.51807,404.15042,0.027065737,994.7505,401.1406,0.008969584,958.3644,388.692,0.020127617,1000.8133,384.69507,0.009771613,959.2848,393.0046,0.017166521
234,1,1359.2523193359375,585.1910934448242,233.66033935546875,2.5766154188848707,1292.9941,610.20905,0.8137992,1363.4325,667.84076,0.6695164,1292.6855,606.0819,0.13729946,1376.4839,663.09863,0.21016635,1404.976,712.71136,0.025579592,1360.915,678.7508,0.019768368,1354.4778,638.7196,0.010440485,1310.0007,628.2802,0.0063402164,1285.8196,617.3329,0.01013321,1312.0659,642.7971,0.009957311
235,7,995.0487670898438,378.6528968811035,54.975311279296875,4.469695363021787,966.7545,385.3913,0.8237435,986.9424,399.97327,0.81476116,991.74963,390.8962,0.17693403,1021.53894,397.95724,0.5316797,1038.8829,382.09567,0.026060184,1005.7688,404.4221,0.02643669,996.40247,400.89502,0.0091316365,961.81146,388.9329,0.020515356,1001.6743,384.44226,0.010313842,960.8335,393.05298,0.01690881
235,1,1394.4652404785156,598.6766738891602,196.8526611328125,2.113549154245423,1311.0546,617.2792,0.81818974,1371.8167,677.22296,0.6724782,1305.155,612.0083,0.13690484,1374.7607,672.7379,0.2103895,1408.0022,715.73846,0.022076616,1361.5071,685.01544,0.01511054,1363.1117,649.5767,0.006484699,1326.4324,634.0942,0.0060458374,1297.176,625.6732,0.007720145,1321.9136,650.52704,0.0069465577
236,7,997.0980834960938,378.79032039642334,54.057403564453125,4.345055054903794,968.05493,385.70343,0.8248088,988.7285,400.6236,0.81800735,993.067,391.13733,0.1703458,1023.55206,398.5256,0.5248975,1041.0614,382.8607,0.026578004,1008.2056,405.02682,0.025597792,997.4365,400.9346,0.008890885,962.9342,389.04373,0.020534763,1001.28204,384.3705,0.010352537,960.9974,393.45108,0.016282875
236,1,1416.3847045898438,610.4795951843262,193.29629516601562,2.0203615336453185,1333.8511,635.6626,0.6472971,1389.814,682.1648,0.57361996,1331.509,629.7155,0.24443397,1392.4341,679.49756,0.25560322,1442.2067,716.6462,0.037535794,1428.5759,681.56915,0.025047934,1390.4812,669.7005,0.011547825,1334.9176,638.56586,0.0066645257,1330.6165,636.69775,0.0077411076,1450.9895,656.0319,0.009204129
237,7,999.1558227539062,379.2796325683594,53.971343994140625,4.262310160011273,970.00397,386.89926,0.8251112,990.97504,401.60464,0.82077765,994.8157,392.0123,0.1705474,1025.8898,399.38663,0.51990384,1043.258,384.23312,0.027202258,1011.0189,406.19897,0.024186837,998.2025,401.6805,0.008634388,965.0182,389.87503,0.02041858,1000.9507,384.84183,0.01027074,961.5121,394.30505,0.015270813
237,1,1429.5237121582031,617.6937503814697,206.724609375,2.0998879307235088,1332.4224,639.2154,0.6636809,1396.3856,689.23035,0.5619948,1331.135,634.75586,0.2370916,1402.687,685.8209,0.2450099,1454.1808,724.73615,0.027593788,1427.2258,688.9264,0.016581627,1393.8322,676.7331,0.0072881766,1336.4418,647.2057,0.004464676,1330.4316,641.48315,0.0049624946,1444.6373,663.2324,0.005637368
238,7,1000.7722778320312,379.89720153808594,55.733367919921875,4.324958268154031,970.3734,387.16684,0.8306413,992.4315,402.5263,0.82795185,995.1089,392.3494,0.15923128,1028.3246,400.1343,0.51081234,1045.8252,384.58823,0.02606032,1013.29285,407.218,0.022393867,998.7832,402.119,0.0076994896,964.9082,390.08344,0.019033767,1000.0552,385.20636,0.00937203,960.66614,395.03317,0.013906007
238,1,1441.8511047363281,622.0064849853516,222.71978759765625,2.1996354859407528,1338.8612,634.5902,0.8040784,1405.4291,698.1205,0.6302043,1336.2705,627.235,0.13120386,1415.6335,693.94543,0.18360345,1445.3451,741.105,0.012718312,1403.8885,706.03253,0.006716509,1393.2632,676.3427,0.002295403,1352.8083,655.81525,0.003024378,1330.0284,639.5662,0.0025961034,1376.9816,670.3077,0.0023346571
239,7,1002.3876342773438,380.5635395050049,57.751190185546875,4.386291972064317,971.5513,388.47354,0.83888394,993.8622,404.19174,0.8352507,997.2475,393.633,0.14891438,1031.3723,401.41858,0.49908128,1050.3782,385.98462,0.024842924,1016.51575,409.2494,0.019389156,999.30493,403.85104,0.006401801,965.6448,391.35852,0.01738147,1000.4673,386.01306,0.008336142,959.739,396.04605,0.011735738
239,1,1453.9274597167969,628.5725326538086,243.80364990234375,2.332056775976626,1342.5201,640.0157,0.8352719,1424.875,711.21936,0.65269667,1332.5773,630.9574,0.113518015,1428.4939,706.10767,0.16984779,1465.9993,761.9145,0.015432178,1414.5588,719.8394,0.011011541,1406.5513,680.94727,0.0046339105,1362.0105,661.23224,0.0044780457,1329.8958,646.5912,0.0050940416,1362.7263,682.4174,0.0051595056
240,7,1003.4760131835938,381.07600021362305,59.405181884765625,4.422007766515143,971.8511,388.9018,0.84524953,994.40466,405.09863,0.84011096,998.45746,394.17197,0.13863078,1033.1501,402.15594,0.48959196,1053.4003,386.5743,0.023989435,1018.3191,410.38968,0.017829297,999.59204,404.79172,0.005619618,965.4525,391.93954,0.016391719,1000.8774,386.25763,0.007757214,958.8682,396.40848,0.01060221
240,1,1465.4036865234375,636.9582252502441,264.9708251953125,2.450095809494155,1342.1212,642.81793,0.8384994,1435.5575,718.31836,0.6407364,1333.9839,631.76654,0.10203725,1441.8165,714.2614,0.14331724,1473.6948,779.23987,0.012047081,1415.6381,727.5716,0.007425062,1413.0468,686.63776,0.0027236883,1367.5004,666.95325,0.0036932214,1336.717,648.5841,0.0036122887,1360.7013,690.28424,0.003429692
241,7,1004.4911499023438,381.53371810913086,60.534027099609375,4.408376694551124,973.0381,389.68683,0.84541005,995.9445,406.51166,0.8450479,998.9989,394.7629,0.13083573,1035.1588,403.35666,0.4791875,1055.2188,388.00974,0.023377178,1020.2027,411.6662,0.016379662,1000.3429,405.4777,0.005188898,966.56726,392.6264,0.0153962495,1000.40424,387.03186,0.007214694,958.26807,397.46707,0.009618959
241,1,1477.21435546875,643.585865020752,289.7311706542969,2.5883344108829704,1338.4492,653.03015,0.5843585,1466.4475,729.79016,0.43902975,1326.5126,644.78235,0.23932748,1449.0524,727.3687,0.18345866,1553.0803,773.9856,0.017002476,1441.3481,711.0727,0.0054024425,1424.3783,711.57477,0.0016838505,1356.9614,663.18713,0.0012012601,1326.2178,655.8357,0.0013206237,1479.586,696.47107,0.001254809
241,22,856.5313110351562,240.3079719543457,19.6519775390625,0.6566156562079309,862.02466,246.70253,0.65286475,859.11237,243.3963,0.62414485,852.6216,246.85434,0.5944994,850.7415,243.38506,0.61781806,848.5977,241.54546,0.049733084,855.2821,248.96555,0.036964748,855.12036,241.38483,0.03274156,853.475,240.46669,0.037929054,851.81555,239.30241,0.023179336,833.06104,245.03084,0.02814832
242,7,1006.0036010742188,382.5073471069336,60.881561279296875,4.322445642959968,974.8723,391.08942,0.84367865,997.08527,408.14096,0.84749866,1000.6654,395.7127,0.12645741,1036.6841,404.79163,0.46926168,1057.0364,390.377,0.023022883,1021.8721,413.29425,0.014581181,1000.9064,406.80487,0.0047906796,968.8383,393.77264,0.014593319,1001.3816,388.04672,0.006782816,958.17395,398.61163,0.008502338
242,1,1490.5470886230469,651.4114608764648,318.15802001953125,2.7478621963484486,1340.1458,657.309,0.7521309,1475.9187,726.01215,0.5623371,1329.8385,652.2235,0.15364006,1460.6232,733.43756,0.15679199,1568.295,801.7934,0.022453526,1478.8013,734.86304,0.016528362,1439.3154,706.6062,0.010163942,1359.7292,667.29285,0.0037950396,1324.2264,662.5285,0.007413593,1458.6326,715.41534,0.007251002
242,22,856.641357421875,239.45773315429688,18.821868896484375,0.6233329434562858,862.55804,245.69365,0.65459657,859.2667,242.76404,0.6277105,853.4536,245.87953,0.5901561,851.28094,242.82921,0.6173987,849.69855,241.06189,0.050034568,855.5443,248.09523,0.0379557,855.5311,240.5004,0.03299963,853.8825,239.5693,0.0384716,852.4584,238.4427,0.023609987,833.2903,244.37468,0.029075919
243,7,1007.6054077148438,383.55750274658203,60.67547607421875,4.181797533627144,980.6621,392.54865,0.77350503,997.69495,409.0694,0.77324414,1006.78467,398.15137,0.19299792,1037.0493,405.25314,0.52481693,1052.6543,396.67755,0.032318264,1017.1863,410.958,0.030401533,1009.5054,402.8825,0.009795289,971.82153,393.21164,0.024556514,994.2999,390.57523,0.0139591815,968.03925,402.6867,0.021125803
243,1,1507.3666076660156,660.0354881286621,350.31573486328125,2.914354860326079,1344.0889,660.63934,0.7451266,1496.1252,744.6555,0.5063564,1324.4287,653.3075,0.15672766,1472.7188,752.1428,0.13999042,1588.9875,827.8958,0.014618314,1471.3616,748.24774,0.008791524,1440.7234,720.50665,0.005018035,1374.0529,675.5509,0.0026336785,1322.0953,665.01086,0.003926324,1449.8798,732.61115,0.003966358
243,22,856.1661987304688,239.15888786315918,18.309722900390625,0.6038265363844418,860.41455,245.662,0.6559917,857.4082,243.23087,0.63736206,853.3176,246.06503,0.57831734,851.26013,243.25775,0.61907375,850.0937,241.50497,0.049571518,854.82275,248.5789,0.03818932,855.3829,241.08884,0.032506354,853.0373,239.75365,0.039393175,852.69336,238.40375,0.02344032,833.53107,244.9911,0.028774789
244,7,1009.7850952148438,384.3992443084717,60.547210693359375,4.085822265545514,982.1194,393.9079,0.77461344,998.9485,410.15192,0.77453446,1008.73193,399.21307,0.1940363,1039.2937,406.12018,0.5184439,1056.2588,398.0955,0.031155886,1019.8207,412.22617,0.026308486,1010.06506,404.1168,0.008486628,973.02246,394.11005,0.02266463,994.9305,391.24283,0.012545275,967.4398,403.42978,0.018160677
244,1,1526.8269653320312,669.2588539123535,376.5995178222656,3.0316396069103955,1363.8091,665.9117,0.5395621,1529.4558,778.2868,0.62101734,1318.2646,649.26086,0.28519678,1528.732,772.42065,0.2823181,1563.9585,822.0246,0.11712033,1393.0873,703.5522,0.094695814,1388.3469,761.368,0.042244736,1558.4492,735.56964,0.033182003,1392.7479,746.37823,0.018914757,1350.3218,717.0182,0.051583156
244,22,856.2529907226562,238.4708948135376,18.08203125,0.592322185489472,860.4685,245.02818,0.65352076,857.3662,242.36246,0.62903756,852.98785,245.32504,0.5824077,850.3219,242.37366,0.6162789,849.5081,240.585,0.049775083,854.3502,247.66202,0.03900357,855.8419,240.2932,0.032863498,852.7817,239.13278,0.039533384,852.98694,237.5809,0.023909042,833.1228,244.11447,0.029692428
245,7,1011.9805297851562,385.4031801223755,60.287933349609375,4.001951809191211,983.0583,394.6324,0.77491456,999.92737,410.98294,0.7771951,1009.5658,399.82437,0.1918028,1040.5188,406.8524,0.5127953,1057.9236,399.06345,0.030568793,1021.36475,413.03458,0.024224073,1010.3048,404.78333,0.007900452,973.788,394.63055,0.021635314,995.1752,391.71954,0.011783738,967.1008,403.89117,0.016700076
245,1,1547.5396728515625,678.7954330444336,413.5243835449219,3.1969704947188173,1364.0504,668.4747,0.53752893,1544.3772,794.5725,0.63352585,1315.0586,650.6535,0.27483246,1534.6163,786.14844,0.25328472,1575.9459,837.14905,0.106887154,1386.59,713.4196,0.08251758,1387.1141,770.4721,0.03596314,1577.481,750.2798,0.026276497,1401.2228,756.44165,0.015074235,1336.9941,725.4515,0.043062385
245,22,855.4400024414062,237.46116542816162,18.435516357421875,0.5984089898948493,859.14355,243.80273,0.6598699,856.1482,241.3443,0.6355164,851.85547,243.98157,0.577326,849.5521,241.3746,0.6187693,848.59186,239.45673,0.052235898,853.6236,246.45134,0.043893468,855.4508,239.6795,0.036276,851.28534,238.2669,0.043298196,853.6183,236.14185,0.026627729,833.27747,242.92046,0.033278007
246,7,1013.8298950195312,386.11236476898193,60.757415771484375,3.9737361627983856,983.7914,394.74213,0.77381665,1001.4955,411.39816,0.77416736,1010.7084,400.15576,0.18880635,1042.946,407.12057,0.5049448,1061.3103,399.23715,0.02890144,1023.433,413.36694,0.02151301,1011.3701,404.9371,0.006928775,974.16956,394.71124,0.019536229,994.99097,392.00397,0.010587149,966.5786,403.9955,0.014990431
246,1,1568.138671875,691.0825939178467,460.39984130859375,3.4056086761263717,1364.1411,673.41815,0.52581984,1601.9388,828.53595,0.65228754,1312.9553,657.7438,0.27816132,1594.3955,825.4478,0.27664262,1560.1978,906.76666,0.08764025,1403.3623,714.299,0.09823952,1362.8817,822.7111,0.027602602,1587.282,800.9026,0.028190985,1386.1747,788.6846,0.011061983,1380.6704,735.0462,0.04456844
246,22,855.2415161132812,236.54822731018066,18.25506591796875,0.5877564994165146,859.53296,242.62251,0.6564973,856.14386,240.17026,0.6294813,852.1664,242.82033,0.58343303,849.6078,240.18054,0.6166162,849.00586,238.09813,0.05329224,853.65985,245.13065,0.04595815,855.98346,238.55618,0.037371945,851.66907,237.20406,0.04402956,853.9499,235.09618,0.027439605,833.06055,242.08905,0.035360277
246,99,803.0868530273438,196.5076446533203,12.425537109375,0.2863131086416916,807.07385,199.5733,0.62369335,805.3436,198.22304,0.59577596,799.41406,199.53882,0.5476903,798.80334,198.49281,0.60341924,797.3391,197.09329,0.06176358,802.4271,202.49889,0.05907643,809.1506,195.1887,0.04606988,800.5779,193.98549,0.054230087,803.2838,192.80212,0.037810754,782.5205,200.99425,0.04568192
247,7,1014.992431640625,387.5741729736328,62.04180908203125,3.926018964435433,983.68665,395.6712,0.7816787,1002.64404,413.07617,0.78301316,1010.8098,401.1671,0.17408589,1045.2316,408.62427,0.49263787,1064.8975,400.21542,0.026792975,1025.9629,414.99252,0.018347172,1011.5813,406.35385,0.0057986765,973.357,395.5753,0.0173417,995.199,392.9599,0.009109254,964.8927,404.821,0.012638397
247,1,1583.9300537109375,705.3451309204102,485.29083251953125,3.3987530669919033,1375.032,685.93823,0.5285565,1615.7245,840.60455,0.58549017,1313.2043,673.585,0.2619344,1594.2363,832.958,0.20625089,1620.3175,874.02075,0.036480866,1352.3262,730.62006,0.027923163,1419.52,805.4057,0.0071594734,1593.9543,780.6658,0.0048521096,1389.8123,750.98883,0.0022979523,1314.6556,781.34265,0.008785294
247,22,854.3293762207031,236.41304397583008,18.8485107421875,0.6064589075150021,858.674,242.83138,0.66012,855.662,240.45157,0.6342513,851.20807,242.99995,0.57763183,848.99066,240.50204,0.6210348,847.85504,238.47102,0.054632194,853.2776,245.376,0.048107862,855.3979,238.91818,0.03964266,850.47107,237.43217,0.046490647,853.82275,235.15497,0.029209808,833.3644,241.91168,0.036634598
247,99,802.3839111328125,196.3882327079773,12.629608154296875,0.29073303127542727,806.1879,199.17151,0.62720126,804.72974,197.91826,0.5997551,798.54474,199.20558,0.5442984,798.01196,198.19144,0.6065505,796.49475,196.73874,0.06312451,802.1867,202.1807,0.062022913,808.9879,194.97295,0.04802393,799.63464,193.65634,0.05658716,803.2173,192.25462,0.039527986,782.5056,200.74611,0.04765582
248,7,1016.2628173828125,389.3023567199707,64.29739379882812,3.9203215471411603,988.182,397.79755,0.759409,1007.1321,415.7842,0.7179833,1017.16516,405.44806,0.2004356,1044.6,411.31555,0.53163195,1056.427,399.91748,0.03855997,1021.6961,416.3426,0.059356473,1027.9089,412.6819,0.017846271,986.156,401.48917,0.03586023,1019.43555,402.03607,0.023729388,991.27356,412.07263,0.046522614
248,1,1593.8851318359375,722.5347862243652,504.55462646484375,3.347004122550333,1378.6714,681.53827,0.5268257,1639.6438,859.3151,0.67650795,1321.565,658.92786,0.26463568,1612.8435,853.9475,0.23372664,1602.3201,931.5424,0.07705577,1404.1995,743.48834,0.08048575,1379.7844,840.845,0.021206234,1643.9279,817.7409,0.018849248,1417.0096,800.91284,0.0076858294,1365.5332,749.3934,0.034814578
248,22,853.0885620117188,237.07237815856934,19.503936767578125,0.6305380695326428,857.51514,243.57997,0.6653203,854.718,241.39598,0.64290416,850.098,243.8096,0.5649708,848.32117,241.455,0.6205673,847.1051,239.59456,0.053215224,852.548,246.39407,0.04673627,854.5318,239.90752,0.038284183,849.4415,238.24577,0.046140797,853.6835,235.95798,0.028415326,833.21704,242.6579,0.03482385
248,99,801.3323364257812,196.31625080108643,13.036651611328125,0.2997387784573401,804.8999,198.89507,0.62941533,803.61145,197.91226,0.60542816,797.5944,199.01654,0.5340164,796.9008,198.17311,0.6070585,795.0831,196.68192,0.06438116,801.3794,202.19997,0.06517699,808.85046,194.99571,0.049841784,798.8528,193.54016,0.059207115,803.1964,191.88911,0.041272745,782.4439,200.87103,0.049333744
249,7,1017.0010986328125,390.8442192077637,65.80416870117188,3.885367991489691,988.83746,399.44083,0.7724444,1008.3942,417.7128,0.74355143,1017.03687,406.99908,0.18746282,1046.8165,413.5485,0.53371054,1059.5457,401.59607,0.035356745,1024.5386,418.64972,0.052286133,1027.1486,414.27484,0.015229544,984.1271,402.99506,0.032409824,1018.6428,402.80606,0.020075772,989.7885,412.7965,0.039050486
249,1,1603.2365112304688,739.7702751159668,512.621337890625,3.2366015395446435,1390.9456,688.74194,0.5312008,1652.922,871.1476,0.67589885,1351.9061,668.36816,0.2647658,1621.8701,859.77484,0.22331733,1619.7417,931.1595,0.072835505,1411.5837,758.1873,0.072076276,1402.8958,845.50256,0.019400788,1656.5618,829.59094,0.016151357,1439.0571,812.1701,0.0069038873,1377.4725,760.533,0.030487122
249,22,852.7439575195312,237.34887313842773,18.976776123046875,0.6134662280964336,857.86255,243.33876,0.66214824,854.57007,241.0994,0.6387059,850.38367,243.66525,0.56811285,848.1275,241.14699,0.61875623,847.20825,239.29564,0.052990302,852.4393,246.15042,0.04647827,854.9016,239.49477,0.03758385,850.01624,237.97601,0.04554643,853.5824,235.84512,0.027957924,832.9067,242.88753,0.034680866
249,99,800.7647094726562,196.3454761505127,13.002593994140625,0.29868696013082613,804.6697,198.88542,0.62995225,803.2821,197.98532,0.606185,797.6207,199.12387,0.529027,796.5269,198.2733,0.60533255,794.90735,196.6718,0.06463273,801.1958,202.29538,0.06539073,808.6577,195.08116,0.049928747,799.0679,193.54039,0.059702106,803.3429,192.0401,0.041405637,782.36597,201.11107,0.04935522
250,7,1018.1309509277344,392.3443937301636,67.001953125,3.845964957046865,990.35815,401.40552,0.78709245,1010.27246,419.40594,0.7659837,1017.6283,408.73218,0.17958574,1049.5659,415.55817,0.5349244,1063.648,403.00046,0.032633957,1028.2855,420.83212,0.04478748,1026.7048,415.88898,0.012929999,983.194,404.4659,0.029002892,1018.50525,403.58548,0.01688742,988.7283,413.5191,0.032138627
250,1,1611.4839477539062,752.530294418335,513.3122863769531,3.1354393775345346,1405.3921,696.4039,0.53389746,1658.044,877.2462,0.67031014,1382.7582,680.0337,0.26921338,1623.7168,863.6422,0.21889754,1637.5688,928.6949,0.07068637,1418.6635,772.50775,0.06541702,1434.864,847.3676,0.018377317,1672.0038,831.34186,0.014243781,1452.5634,819.8678,0.0066238153,1389.8829,771.12964,0.026309567
250,22,852.6417846679688,236.85819625854492,18.69451904296875,0.6013209633368187,858.1503,242.76614,0.66114664,854.6571,240.55118,0.63639337,850.4295,243.11943,0.5709152,848.01654,240.59575,0.618645,847.1306,238.68744,0.053656727,852.40186,245.4763,0.047844507,854.9841,238.97821,0.038532156,850.05524,237.48859,0.04616695,853.7613,235.34386,0.02862376,832.8957,242.2631,0.035966147
250,99,800.6316833496094,196.14254665374756,13.02667236328125,0.2987981661077554,804.5867,198.7773,0.6293458,803.2605,197.86401,0.60493577,797.5486,199.0117,0.5298341,796.5172,198.14734,0.6054698,794.944,196.54066,0.06507719,801.23865,202.1754,0.065952376,808.6897,194.98206,0.050364852,798.99817,193.42296,0.060133267,803.31024,191.94113,0.04184551,782.3307,201.03172,0.049894053
251,7,1019.8386840820312,393.7060890197754,67.01669311523438,3.771685168391119,991.72656,402.24194,0.79710186,1012.07684,420.23065,0.77792513,1018.47046,409.53955,0.17409196,1051.8937,416.46613,0.5346644,1066.7223,403.4136,0.031315405,1031.0328,421.96542,0.0412532,1026.8066,416.58127,0.011779719,983.3368,405.07364,0.02706742,1018.2429,404.01956,0.015408896,988.41595,413.91998,0.02908368
251,1,1618.4033203125,779.5578460693359,500.3356018066406,2.858791516811344,1428.7412,701.6018,0.53630555,1685.7505,892.8832,0.7357348,1408.3428,674.5987,0.25850528,1646.1713,882.4212,0.23427078,1648.9683,970.44867,0.13266724,1507.7981,783.46783,0.1804252,1437.1381,873.8358,0.048091486,1730.0117,878.23645,0.050768886,1477.9935,884.12805,0.024369013,1485.7606,753.7096,0.083524704
251,22,851.8053588867188,235.70584201812744,19.51849365234375,0.6223136189151638,857.4377,241.87074,0.66371715,853.9913,239.86053,0.63706535,849.58264,242.1694,0.5650127,847.23175,239.8395,0.61909366,846.104,237.87871,0.055996068,851.823,244.57933,0.052629676,854.8035,238.41777,0.041939892,848.8429,236.78757,0.049837537,854.07104,234.35507,0.03161182,832.8374,241.13774,0.039476853
251,99,800.2421264648438,195.59648323059082,13.635040283203125,0.3119122202324922,804.09375,198.32915,0.6321929,803.1732,197.42018,0.6082001,796.7859,198.52617,0.5316088,796.31946,197.722,0.60950816,794.5001,196.14447,0.06615325,801.3262,201.71895,0.06892445,808.6929,194.59695,0.052217264,797.9905,193.05144,0.062126808,803.0437,191.21776,0.043453734,782.42285,200.54182,0.052004516
252,7,1022.3689270019531,395.01386547088623,66.89593505859375,3.6599396486680438,993.7579,403.87256,0.8109223,1014.2283,421.9746,0.7940219,1020.6542,411.07507,0.16256613,1055.166,418.185,0.5283914,1071.9221,404.91095,0.029528499,1035.2317,424.1051,0.035063703,1027.4019,418.09088,0.009832994,983.82104,406.30505,0.024513371,1018.8822,404.5594,0.013444031,987.6614,414.68115,0.023949448
252,1,1618.2478637695312,817.7481422424316,468.6889343261719,2.419721785648969,1449.0343,716.3102,0.5384476,1698.1768,899.0059,0.7286932,1434.6599,690.32654,0.24882714,1656.5835,886.8272,0.23147333,1670.1318,965.0939,0.1306191,1523.94,802.02765,0.16107404,1465.8447,879.29803,0.045359705,1742.0293,883.9074,0.045707174,1506.8352,887.9766,0.022769015,1492.1243,771.4217,0.07494731
252,22,850.6827392578125,234.57990646362305,20.419647216796875,0.6437631691058621,856.0984,240.591,0.66366327,852.9933,238.80612,0.63464916,849.01465,240.94167,0.560161,846.7985,238.7563,0.6164705,845.9969,236.45233,0.057617377,851.1366,243.39273,0.057135876,855.06445,237.55664,0.04432244,847.9067,235.84157,0.052572094,854.3626,233.10185,0.03382132,832.5703,240.28429,0.04307619
252,99,800.2144775390625,195.22471618652344,13.63092041015625,0.3111286015046949,804.0789,198.1811,0.630222,803.12354,197.11484,0.60322404,797.00006,198.35329,0.53562707,796.6819,197.43663,0.6077651,795.1704,195.7754,0.06614917,801.28845,201.4523,0.06868245,808.82947,194.44562,0.0519226,798.35834,192.9162,0.061615005,803.17834,191.23073,0.043389443,782.3917,200.59535,0.052214053
253,7,1024.5848693847656,396.4691333770752,67.76385498046875,3.6070722806099442,994.10205,405.34863,0.8206601,1015.3669,423.4357,0.80620176,1020.8582,412.24445,0.15326567,1057.0962,419.62332,0.52166045,1074.5312,406.0392,0.02912487,1037.9681,425.91467,0.032369826,1027.3589,419.48254,0.009026603,983.3716,407.4476,0.023756335,1018.75024,405.06433,0.012675633,986.70135,415.57693,0.021492466
253,1,1636.7677001953125,832.2037467956543,470.8094787597656,2.3596982296354265,1474.9546,734.4606,0.54649675,1721.2866,920.90247,0.7315436,1458.4026,709.93567,0.22292177,1682.6891,901.4556,0.20221613,1712.7026,985.9806,0.109838314,1546.7018,824.73737,0.11886733,1504.6897,894.0447,0.033217058,1773.5793,904.08936,0.031104224,1552.5476,905.39935,0.0154715115,1492.0553,797.35315,0.05049126
253,22,850.1339721679688,234.17080307006836,20.931427001953125,0.6574708972058384,855.8949,240.53227,0.6641491,852.7517,238.69713,0.6345887,848.5248,240.84966,0.55928326,846.2125,238.63567,0.6164624,845.1393,236.33678,0.058679067,850.92664,243.28381,0.058901403,854.9661,237.40282,0.04565296,847.46277,235.71423,0.054267947,854.1749,232.8917,0.03497037,832.4385,240.1753,0.044207998
253,99,799.982666015625,195.04645442962646,13.965728759765625,0.3184658478429192,803.6935,197.95744,0.63242716,802.7666,196.8334,0.6048825,796.40283,198.06187,0.53504443,796.24976,197.15344,0.60894674,794.545,195.51694,0.06764413,801.0886,201.19597,0.07161672,808.6963,194.215,0.05380208,797.8246,192.68568,0.06385262,803.0213,190.83307,0.045211267,782.37427,200.41505,0.054223154
254,7,1026.8706665039062,398.1112632751465,69.17367553710938,3.592740484657385,995.49304,407.173,0.8235749,1017.1405,424.90253,0.81268126,1021.6941,413.7394,0.15272777,1058.7739,421.0293,0.51596314,1076.3386,407.59903,0.029405542,1040.6532,427.64047,0.029731357,1027.5388,420.8823,0.0085066445,984.64026,408.83737,0.02316925,1018.409,406.05478,0.012084613,986.39996,416.88104,0.019375376
254,1,1656.8622436523438,837.7449760437012,478.3736572265625,2.3953165853412193,1510.1489,746.124,0.5339563,1774.7834,944.50635,0.72922516,1489.5638,723.62213,0.28799114,1734.1287,937.07605,0.23785213,1732.3674,1024.4384,0.13390394,1578.2979,827.9936,0.19389586,1524.7731,924.2393,0.04435282,1812.0559,929.6642,0.047989205,1545.3423,933.87366,0.023743909,1580.7283,803.0698,0.084953405
254,22,849.611572265625,234.52637386322021,21.191070556640625,0.6675459176430595,855.505,240.94093,0.6657898,852.359,239.11156,0.6371528,847.78076,241.29182,0.5549318,845.4625,239.06683,0.61790484,844.0468,236.9332,0.059033863,850.48975,243.76312,0.05945192,854.61707,237.69139,0.0461906,846.9282,236.04454,0.0553766,853.8307,233.22148,0.035640664,832.37384,240.56194,0.044060525
254,99,799.7701721191406,195.144455909729,14.40948486328125,0.32884578992806357,803.4095,197.82219,0.6335868,802.62024,196.86617,0.6082953,796.0272,197.97469,0.5319875,795.8989,197.16154,0.6109131,793.9038,195.54199,0.068431765,801.09155,201.17468,0.07334762,808.6637,194.1201,0.054984137,797.1781,192.5506,0.065372154,802.80457,190.52129,0.046181556,782.3408,200.1735,0.05527811
255,7,1029.0452270507812,399.5481204986572,69.80960083007812,3.525909276593198,997.3469,408.73486,0.82981575,1020.0873,426.58463,0.82086384,1022.9098,415.14178,0.14551389,1062.3368,422.48422,0.50351685,1080.1023,408.7774,0.029076928,1044.6807,429.6094,0.026641164,1028.2345,422.20398,0.0075094155,985.9586,410.1381,0.021507364,1017.22595,407.19797,0.011042126,985.591,418.317,0.016957784
255,1,1672.5507202148438,839.9296932220459,467.2391052246094,2.346518264605209,1533.8868,780.3144,0.5083076,1804.5903,979.1666,0.64463645,1527.1362,769.81647,0.32481766,1775.2864,971.7491,0.2513508,1723.7847,1038.1411,0.04906849,1501.7195,852.75525,0.056885883,1555.3652,949.8147,0.011441367,1775.302,935.76013,0.010165574,1554.6665,897.8771,0.004195961,1538.232,867.739,0.021236483
255,22,849.1617736816406,235.1456937789917,21.06427001953125,0.6662372171036343,855.78,241.30894,0.6687058,852.3983,239.36777,0.63922954,847.5582,241.72546,0.554116,844.9523,239.33913,0.62012726,843.51105,237.28427,0.060176775,850.7785,244.10796,0.060108993,854.3257,237.82233,0.047323298,846.99115,236.20782,0.05688736,853.6041,233.54196,0.03653799,832.461,241.00298,0.044241395
255,99,800.1654052734375,196.13677883148193,13.6007080078125,0.31195797081276927,804.33655,198.8309,0.6304864,803.1162,197.71751,0.6002948,796.9109,199.00182,0.53050345,795.94385,197.88776,0.6046282,794.31616,196.43098,0.06564083,801.0266,202.1225,0.06694815,808.72485,194.7878,0.05050326,798.27997,193.30869,0.06102969,802.8401,191.84389,0.04279274,781.83875,201.05882,0.0504135
256,7,1030.7341918945312,401.6269054412842,70.30288696289062,3.4321670578176082,997.81366,411.0207,0.8400476,1022.3875,429.53793,0.8362909,1022.7468,417.3127,0.12905973,1065.8688,425.24814,0.4820792,1083.9998,410.69513,0.027053433,1048.8038,432.86014,0.021819659,1028.1818,424.931,0.005985525,986.24835,412.30106,0.018738257,1016.4337,409.3421,0.0090781115,983.5669,420.83838,0.01328409
256,1,1685.2708740234375,849.0475387573242,453.6067199707031,2.249101937488331,1563.1641,785.4658,0.51191556,1789.6323,955.1831,0.62348294,1548.469,781.7954,0.35337862,1777.1122,952.9492,0.29124615,1729.377,1004.1906,0.07044259,1528.939,842.73334,0.07490558,1579.4731,930.4753,0.01866258,1762.1738,920.42175,0.016805718,1570.4749,890.3921,0.00803811,1577.0496,862.0418,0.03396503
256,22,850.1157531738281,235.67126083374023,20.0625,0.6369246809681014,857.4238,241.49738,0.6614919,853.89075,239.21046,0.62935674,849.002,241.87358,0.5684821,846.01074,239.27937,0.6200802,844.7042,237.30046,0.05938478,851.58563,244.0138,0.056838296,855.24756,237.54398,0.04556447,848.6813,236.2919,0.053595092,853.5936,233.77838,0.034947693,832.69025,241.13431,0.04261217
256,99,800.1845397949219,197.41182804107666,12.6844482421875,0.2929873992711711,803.9552,199.85202,0.62333363,802.57605,198.57822,0.58974886,797.15497,200.01944,0.52767426,795.6868,198.73834,0.59755766,794.23425,197.39671,0.06382262,800.01544,203.1485,0.06284566,808.5217,195.54063,0.047550604,798.7914,194.15771,0.05874368,802.613,193.19513,0.040917654,781.1746,202.30344,0.047207594
257,7,1031.8721923828125,402.9954500198364,71.4781494140625,3.383850116694995,998.5034,412.844,0.84887445,1023.35986,432.26114,0.8481415,1023.8701,419.0309,0.113299266,1068.3229,427.5838,0.4642816,1087.9224,412.94406,0.0251871,1051.637,435.7989,0.018263282,1028.3779,427.5102,0.004829731,986.77966,414.27783,0.016606962,1017.2433,410.87726,0.007754975,981.66016,422.6419,0.01065809
257,1,1696.4218139648438,842.4935417175293,434.439697265625,2.224640146287684,1595.0365,800.7768,0.5135691,1786.5553,943.59534,0.606917,1574.8267,796.39,0.36045685,1782.5834,945.4472,0.31530535,1750.4498,980.8287,0.08429121,1560.6266,846.9342,0.08139469,1614.27,918.49036,0.024418712,1765.9912,910.96533,0.021459298,1595.6934,885.77185,0.011851048,1604.1023,869.4292,0.041631818
257,22,849.5645141601562,236.14108085632324,19.9639892578125,0.6359021235344489,856.8261,242.25763,0.65719694,853.5521,239.2728,0.62432605,847.89954,242.42842,0.5793513,844.9587,239.51732,0.62276083,842.60803,237.49034,0.061098892,850.989,244.42865,0.05844105,854.75476,237.94963,0.048115265,848.08575,236.8891,0.055831674,852.9579,233.96088,0.03650857,832.80994,241.33403,0.04365568
258,7,1033.2842102050781,404.6626853942871,72.21771240234375,3.2944412041397544,1000.298,415.6119,0.8526862,1023.70703,435.78622,0.85515517,1026.9058,421.2617,0.101936474,1070.5345,430.42227,0.44435027,1092.7924,417.1353,0.023814324,1054.5061,439.33524,0.014302966,1028.7588,431.1017,0.003812052,988.5725,416.9772,0.0147304395,1020.1345,412.68948,0.0066696927,979.7419,424.3188,0.008114724
258,1,1707.0325927734375,862.5769958496094,414.9254150390625,2.0396768180546463,1726.871,846.3539,0.4747193,1673.102,860.0391,0.5377382,1695.6204,856.42554,0.45633078,1737.2126,881.9989,0.41733247,1680.7473,878.88983,0.33964822,1682.221,837.32855,0.3546784,1648.2151,860.2623,0.2321953,1757.5071,892.94684,0.2135275,1699.143,894.369,0.23996925,1762.1016,867.843,0.33293828
258,22,848.55029296875,236.50579261779785,19.900726318359375,0.6356586863282889,855.4088,242.9267,0.6620992,852.2178,240.04445,0.6338793,846.4839,242.98401,0.5686369,843.9818,240.27406,0.62262034,841.05786,238.34912,0.062399585,850.0604,245.25089,0.06049545,853.68616,238.75133,0.04991547,846.92847,237.54393,0.058792677,852.60223,234.3956,0.037939712,832.7577,241.9322,0.04434058
259,7,1035.3198852539062,406.65217208862305,71.06607055664062,3.1475755215514933,1005.2125,416.73105,0.7885904,1027.1328,436.16745,0.7747029,1032.277,424.46448,0.16214472,1068.6613,432.16428,0.4960162,1087.7374,420.58997,0.024302432,1045.4629,437.687,0.022306118,1036.0791,429.04184,0.006122398,995.5198,419.38303,0.01577689,1017.2781,418.21942,0.009331729,989.9628,428.86115,0.016126107
259,1,1723.771728515625,870.4004287719727,392.4564514160156,1.9293438574385438,1689.375,829.86707,0.52451545,1815.3313,958.9397,0.60889757,1705.8907,850.54114,0.45541367,1765.7246,931.4152,0.33267727,1684.0322,996.98395,0.25931996,1658.0227,852.88904,0.29679948,1586.7734,927.1942,0.17479998,1766.1719,1004.83093,0.17368938,1658.801,948.56616,0.12313187,1758.5347,898.8089,0.2561272
259,22,847.7404174804688,236.42715454101562,19.676422119140625,0.6271699218149126,854.7235,242.63165,0.6622874,851.2899,239.782,0.6341656,846.08936,242.67352,0.56686443,843.5722,239.99046,0.6203968,840.9347,237.99739,0.06299846,849.5419,245.012,0.06193973,853.6266,238.56429,0.0502609,846.6722,237.32465,0.05980502,852.6609,234.09033,0.038422924,832.4035,242.05272,0.04531428
260,7,1037.6123657226562,408.6803855895996,73.06155395507812,3.159033456913256,1004.8163,418.911,0.79543316,1027.2472,438.68033,0.7863363,1032.1873,426.33173,0.1502763,1070.612,434.18863,0.4838327,1090.7526,423.11002,0.024279876,1048.6049,440.1438,0.01966521,1036.1277,431.36182,0.0054528005,994.29785,420.9433,0.015503815,1017.4049,419.22238,0.008758866,988.28894,430.3045,0.013745489
260,1,1724.3373413085938,862.5148372650146,391.0462646484375,2.0065173294225964,1628.2397,836.8972,0.52367777,1862.3271,973.96643,0.6852531,1602.1538,811.18317,0.27926955,1819.5896,975.59296,0.28761443,1824.1284,1027.1823,0.14038132,1686.2311,895.32794,0.17205377,1645.4128,962.1758,0.056789506,1867.596,963.1975,0.060436804,1647.5132,964.9033,0.03174537,1680.6711,875.1762,0.08500702
260,22,847.0314331054688,235.9486312866211,19.579559326171875,0.6208012151675417,853.85,242.00247,0.6629206,850.41736,239.225,0.63393754,845.3081,242.0542,0.5630942,842.818,239.43774,0.61904144,840.2363,237.23225,0.06491924,848.9654,244.45016,0.06605913,853.61554,238.01657,0.05280121,846.0974,236.77953,0.0628326,852.5451,233.47346,0.040608816,832.0895,241.89749,0.04823444
261,7,1040.2487182617188,410.4572353363037,74.74127197265625,3.1707968359409366,1005.9779,419.4335,0.7904487,1029.5195,439.53082,0.7877218,1032.0521,426.72147,0.14874387,1072.7524,434.9105,0.4755808,1091.8472,423.8328,0.02343583,1050.4304,440.67392,0.018066404,1036.8915,431.3528,0.0051360717,995.64575,421.10294,0.014337408,1015.96674,420.10965,0.00796476,988.05835,431.34616,0.012685597
261,1,1746.9990234375,867.1764221191406,332.54754638671875,1.7316697253890017,1679.886,849.9834,0.78995305,1846.0521,944.72766,0.4748958,1645.5754,842.6857,0.14214464,1820.127,943.22815,0.14708124,1918.9802,1031.5994,0.012691236,1795.4468,940.9621,0.006669525,1776.7394,907.24805,0.0033855832,1719.0024,868.02936,0.0042191646,1673.9854,859.5165,0.005063639,1738.0559,925.43896,0.0041033574
261,22,846.1257934570312,235.93825435638428,19.855133056640625,0.629260603935492,852.31006,242.47389,0.6668564,849.359,239.70325,0.6386695,843.6901,242.34515,0.55426294,841.83545,239.85501,0.6175964,838.80505,237.68237,0.065181464,847.9971,244.99821,0.06750682,852.83276,238.58522,0.053583737,844.61444,237.24469,0.06454684,852.0985,233.71286,0.041400757,831.66797,242.22678,0.048600383
262,7,1043.7236938476562,412.05180644989014,76.2132568359375,3.1434233347985994,1007.83057,420.77344,0.8270355,1032.8973,442.49646,0.8505969,1032.0663,425.86288,0.088104635,1078.5543,437.02832,0.3938221,1099.0942,425.28668,0.018225932,1060.8966,445.5862,0.0073500276,1033.2365,434.6395,0.0023465557,1000.0298,420.86072,0.009219134,1020.46375,419.01605,0.0040000295,979.12854,430.84735,0.004152263
262,1,1748.265380859375,868.6165237426758,267.02435302734375,1.4291414865588266,1679.2891,867.0583,0.7434863,1841.3723,938.2561,0.5068728,1672.0276,854.67615,0.21397936,1844.593,927.8826,0.20278063,1920.0,995.64594,0.010480934,1782.0745,940.4469,0.0031426179,1789.396,914.3239,0.0006660942,1718.8406,879.9538,0.0014511226,1691.3179,866.2532,0.0019349435,1745.3796,916.0656,0.0008957961
262,22,845.87109375,236.24768257141113,19.458709716796875,0.6167721588229959,852.23364,242.33813,0.6627217,849.2232,239.4071,0.6342843,844.00476,242.251,0.55942893,841.9164,239.58372,0.61533326,839.2792,237.26573,0.06453097,847.9651,244.8421,0.0659693,853.4394,238.3422,0.05189103,845.516,237.10895,0.062472146,852.01904,233.69977,0.039833587,831.4182,242.86131,0.047696795
263,7,1046.593505859375,413.82124042510986,77.97628784179688,3.123665591823654,1011.00183,422.5406,0.8138479,1036.3108,444.56216,0.8380581,1034.9456,427.31366,0.08107959,1082.1852,439.04123,0.36654666,1102.2123,427.02524,0.016585648,1062.396,447.80984,0.0060013654,1033.9331,435.4488,0.0020112616,1003.7025,421.73224,0.007935036,1020.19617,421.80182,0.0034517583,977.9645,431.7953,0.003479725
263,1,1760.852783203125,867.4413299560547,209.96649169921875,1.164581063293593,1724.2372,895.19196,0.49299565,1766.8715,901.9946,0.4771703,1730.356,888.45123,0.337347,1776.7134,906.7898,0.37091035,1762.0837,916.99805,0.04994646,1738.0842,914.72644,0.0145525215,1758.2168,909.0298,0.0034604736,1737.4707,897.8039,0.0075867246,1732.277,885.9413,0.0063800267,1726.7954,897.01965,0.0029772115
263,22,845.6068725585938,237.20357036590576,18.984100341796875,0.6048448558599615,852.27924,242.83333,0.66050875,849.093,239.90927,0.6336387,844.36426,242.97292,0.55899954,841.6126,240.14261,0.6123522,839.75354,237.7236,0.06151006,847.84625,245.40894,0.060240347,853.5321,238.7344,0.04734253,846.46344,237.5165,0.057751216,852.0995,234.53629,0.035824124,830.99536,243.9681,0.043598145
264,7,1048.36669921875,415.97400283813477,78.67153930664062,3.0758798350538092,1016.5991,426.60074,0.8005049,1041.511,447.54834,0.7851015,1043.8167,434.96115,0.1447066,1083.9446,443.80188,0.5083941,1099.3348,429.03488,0.024019234,1059.3906,448.70206,0.031894643,1053.9905,442.0369,0.008153379,1008.11206,430.663,0.019261831,1039.9323,431.1839,0.0107560875,1012.0642,441.01715,0.022920547
264,1,1788.9303588867188,894.8341598510742,159.0772705078125,0.8497988991063784,1773.2935,920.2436,0.5777714,1831.9025,920.40686,0.53249526,1795.7136,913.942,0.3162753,1843.0281,926.59796,0.34544164,1814.5027,950.8501,0.06672114,1797.4211,947.4469,0.036072556,1824.7998,923.0489,0.012411423,1802.9055,923.7479,0.023494022,1797.8925,909.0852,0.022046292,1766.624,926.6682,0.013832755
264,22,845.2069702148438,238.19527530670166,18.92340087890625,0.6073593272385802,851.93933,243.9323,0.6575357,849.2406,240.99223,0.63240606,844.41614,244.19942,0.55973095,841.657,241.17535,0.61289525,839.82324,238.78758,0.057981003,847.717,246.59084,0.05461066,853.387,239.86516,0.043502916,846.281,238.64882,0.05335803,851.77057,235.66699,0.03238421,830.84125,244.69852,0.039402667
265,7,1050.3188781738281,418.42074394226074,78.743408203125,2.9883593422744337,1017.0892,428.13782,0.8184232,1044.0549,450.1568,0.8114147,1043.829,436.48843,0.12239791,1088.3005,446.4406,0.49298888,1104.8206,430.6847,0.02178484,1064.3662,451.59225,0.026671154,1054.6677,443.74292,0.0064761024,1006.718,432.0523,0.016979229,1039.0555,431.77716,0.008917054,1010.1883,442.48187,0.018110173
265,22,844.6626892089844,239.0800952911377,19.0902099609375,0.6175226388442712,850.8694,244.81769,0.66194063,848.4022,242.23213,0.6434238,843.67914,245.13904,0.54808164,841.4513,242.53119,0.61680704,839.62634,240.22928,0.056652058,847.4055,247.83078,0.052849684,852.2291,241.23523,0.043000307,845.3428,239.68634,0.053226918,852.0033,236.63225,0.0316983,831.0398,245.2629,0.03760884
266,7,1052.3987731933594,420.0787353515625,79.91766357421875,2.965306567678227,1017.8234,429.6692,0.82694113,1046.272,451.9611,0.82187504,1043.9551,437.90182,0.113321416,1091.6317,448.12445,0.4802343,1108.9854,431.9111,0.020923886,1068.3068,453.62784,0.023113025,1055.2784,445.09616,0.005578383,1006.41345,433.15536,0.01550049,1038.3887,432.62082,0.007937258,1008.8202,443.70605,0.015342591
266,22,844.6400756835938,239.1647071838379,18.9927978515625,0.6145857019577237,851.5265,244.53874,0.66190815,848.81555,242.01794,0.6440994,844.2746,244.9367,0.5487052,841.7783,242.41576,0.6184262,840.16455,240.04453,0.056923967,847.85925,247.5743,0.053140167,852.4149,240.9046,0.043439772,846.0185,239.38615,0.053457085,852.1826,236.54091,0.03191362,831.3568,245.18904,0.037930865
267,7,1054.3994750976562,421.86928367614746,81.5181884765625,2.9500339602124623,1017.29865,431.83392,0.84752864,1046.1682,454.12985,0.8354803,1044.6534,440.0097,0.0995879,1094.523,450.0587,0.4628058,1114.8232,432.9834,0.019355042,1072.0607,456.46716,0.018562572,1054.3977,448.0066,0.004159531,1003.5808,434.71634,0.0136744715,1039.9604,433.56512,0.0066162357,1005.9919,444.3385,0.011825718
267,22,844.4381103515625,238.42446899414062,18.859954833984375,0.6059348987288772,850.71826,243.60928,0.66178095,848.0125,241.15123,0.6434619,843.80804,243.98936,0.5469107,841.30444,241.5892,0.61841613,839.77295,239.04984,0.059004486,847.41797,246.65448,0.057372715,852.64655,240.09866,0.04611831,845.5076,238.5323,0.056786142,852.29846,235.56104,0.03422405,831.3053,244.70914,0.040965594
268,7,1056.6074523925781,423.45195865631104,81.84796142578125,2.913810053911315,1017.3067,432.39093,0.84853303,1046.1542,455.05307,0.83996165,1044.3535,440.55045,0.09370594,1094.7019,450.90408,0.45439288,1114.8022,433.99927,0.020380646,1072.8173,457.30106,0.018940985,1054.3713,448.56363,0.004312394,1003.942,435.26105,0.014441437,1039.8197,433.90076,0.007007186,1005.9091,445.11588,0.011865822
268,22,844.4110107421875,237.70452117919922,18.741668701171875,0.5977215876961417,850.7383,242.87851,0.65906256,848.135,240.23123,0.63628393,843.8899,243.35326,0.5518199,840.9844,240.70914,0.61651385,839.68604,237.84161,0.059960347,847.33466,245.82556,0.059249684,853.3695,239.21478,0.047157742,845.9965,237.85342,0.057410743,852.2733,234.94348,0.035071913,831.20044,244.56184,0.04264232
269,7,1060.0579833984375,425.1405658721924,83.16091918945312,2.892121604762041,1019.1033,434.0386,0.85239375,1048.2585,457.6346,0.8490739,1046.4264,442.35907,0.08448712,1097.8639,452.84238,0.43855894,1119.4154,436.5105,0.019978546,1076.9827,459.82855,0.016420968,1055.8231,450.3665,0.003659523,1005.8778,436.9222,0.01345896,1039.3904,435.1676,0.0063580135,1004.9015,447.23297,0.009866039
269,22,844.2747802734375,236.22857666015625,18.913055419921875,0.5948019540972327,850.1632,241.38509,0.6603614,847.60986,238.6111,0.63094306,843.0973,241.8133,0.5521998,839.8318,239.03351,0.6131101,838.58496,235.80573,0.06254276,846.7661,244.21881,0.065624684,853.92847,237.77869,0.050832357,845.4497,236.47054,0.061408635,852.55164,233.3916,0.038250286,830.87384,243.61528,0.047390126
270,7,1064.3992309570312,427.15744972229004,84.15582275390625,2.864382436112017,1023.4125,436.89194,0.8489896,1053.5491,460.78946,0.8479944,1050.1837,445.47723,0.08587527,1103.1481,455.1244,0.42306033,1126.872,439.7142,0.018244905,1083.2427,462.7105,0.0116628185,1058.1301,452.98178,0.0027595572,1010.6329,439.5065,0.010515677,1039.447,438.09097,0.004906735,1004.135,449.73486,0.0070619425
270,22,843.9369506835938,234.7606143951416,19.315155029296875,0.6000667634407364,849.24146,240.46494,0.664373,846.68066,237.69019,0.6313233,841.9236,240.71213,0.5456646,838.61523,238.01518,0.60960805,837.1379,234.64482,0.065561384,846.0493,243.26906,0.07264894,853.84,237.02432,0.05521149,844.16144,235.64014,0.06682763,852.81445,232.11945,0.042235397,830.5536,242.62434,0.052250464
271,7,1068.5775146484375,429.0772075653076,85.07199096679688,2.826332219470459,1027.4629,437.9652,0.84716785,1056.2203,462.55356,0.8622491,1054.4353,444.74152,0.06042327,1104.8052,456.20364,0.34224945,1131.3181,441.89322,0.015336836,1088.002,465.6237,0.0046865824,1056.4146,455.66202,0.0015552427,1021.2684,439.95728,0.0068415515,1049.6042,437.37268,0.0029830118,997.70593,446.87723,0.0026079873
271,22,843.7066040039062,234.28729248046875,19.601898193359375,0.6066866140669671,848.9663,240.28575,0.6659823,846.4869,237.6618,0.63315433,841.5425,240.49426,0.54111034,838.3645,237.94455,0.6090844,836.7885,234.62762,0.06603375,845.8428,243.15082,0.07420847,853.69464,236.92842,0.05610278,843.63745,235.4979,0.06802204,852.8377,231.87646,0.043157276,830.41534,242.32303,0.05327365
272,7,1070.4233093261719,431.365385055542,85.8138427734375,2.784114782275179,1034.1582,442.24875,0.8245679,1062.5289,465.35294,0.8257092,1060.6719,450.4111,0.11394973,1109.1871,461.4437,0.48691484,1123.6353,444.57062,0.021566952,1085.3887,466.65158,0.027208261,1073.321,459.98624,0.006078447,1022.3568,445.98703,0.017655136,1061.4943,446.60965,0.008179863,1029.5997,456.41544,0.017975787
272,22,843.462158203125,234.30006408691406,19.813568115234375,0.6134734928668985,848.57025,240.27736,0.66772646,846.25946,237.78024,0.63547873,841.2754,240.53249,0.5372222,838.3152,238.10034,0.61038375,836.8501,234.73778,0.06606019,845.7578,243.24881,0.074780636,853.4585,237.0351,0.056610405,843.22644,235.54637,0.06870993,852.8423,231.93248,0.043610293,830.4691,242.29744,0.05360755
273,7,1072.3994750976562,433.3974609375,86.32443237304688,2.749284931385214,1035.428,443.88165,0.83702606,1064.3696,466.68918,0.8357475,1061.3221,451.84717,0.10641899,1112.2274,462.84024,0.47647288,1127.9576,445.17603,0.019970164,1088.5618,468.43646,0.023103174,1073.7168,461.2526,0.005061165,1022.42487,447.07828,0.015483587,1061.7439,447.5156,0.007011284,1028.4656,457.43295,0.014832233
273,22,843.1805419921875,234.26483917236328,19.9921875,0.6186194616694728,848.31934,240.09204,0.66882056,846.0698,237.6953,0.63617116,840.9784,240.34966,0.53447545,838.25244,238.00674,0.6101739,836.8385,234.61374,0.06648064,845.6875,243.12274,0.07599881,853.39545,236.87184,0.05720669,842.94196,235.35838,0.069574736,852.7246,231.82338,0.04426588,830.31946,242.29071,0.054440416
274,7,1074.211669921875,435.21520042419434,87.92111206054688,2.7475547586691844,1034.7762,444.69867,0.8506893,1066.3123,468.3967,0.8474663,1060.2388,453.13464,0.092264965,1116.1782,464.47552,0.45558855,1132.6747,444.9534,0.018070884,1092.0258,470.31586,0.019418482,1073.6517,462.71457,0.004020265,1020.71136,448.01096,0.013108027,1060.8143,448.7997,0.0057675536,1026.4103,458.45737,0.012191003
274,22,842.8445434570312,233.92510414123535,20.264373779296875,0.6250241811191867,847.8815,239.78036,0.6681951,845.629,237.42084,0.6353112,840.84357,240.09396,0.532149,837.7678,237.77734,0.6084194,836.53516,234.274,0.06689167,845.21216,242.84315,0.077351615,853.3895,236.76393,0.057979323,842.91846,235.24059,0.07039995,853.08673,231.54185,0.044990275,830.3335,242.07767,0.05547074
275,7,1077.19482421875,436.8283882141113,90.14859008789062,2.7532999332773214,1036.6001,447.37634,0.8662434,1070.5046,471.53265,0.86746377,1060.6224,455.29352,0.07806696,1121.8417,467.47366,0.4347316,1139.2458,446.66763,0.016614052,1098.83,473.99857,0.015621453,1074.4762,465.03622,0.0031326178,1021.32837,450.0252,0.011150921,1059.3864,450.48752,0.004627365,1024.0508,461.18182,0.009214727
275,22,842.9144897460938,233.00199508666992,20.229766845703125,0.6200177724189911,848.7013,239.17935,0.6697314,846.0565,236.68823,0.63295984,840.62024,239.24945,0.5323743,837.1406,236.91196,0.60416114,835.3989,233.45819,0.06973751,845.25806,242.0445,0.08256706,853.6727,235.92381,0.061357614,842.9773,234.53886,0.07388879,853.14453,230.65938,0.048125114,830.09094,241.26883,0.05926112
276,7,1080.1350402832031,438.02917671203613,90.79412841796875,2.7340846836263784,1038.7745,449.2045,0.87111396,1073.7722,473.59006,0.8730762,1061.9855,457.19574,0.07417154,1125.1492,469.1386,0.42330897,1143.8109,448.07858,0.016713353,1103.3081,476.13074,0.0139154205,1075.514,466.81668,0.002883309,1023.5477,451.91135,0.010363602,1059.1354,452.00482,0.004359455,1023.47046,462.73117,0.008094656
277,7,1083.980712890625,439.41602897644043,91.94732666015625,2.71160253834272,1041.5593,451.6845,0.87025446,1076.6315,476.179,0.87405443,1065.0186,459.19058,0.072150186,1128.8792,470.9794,0.40942606,1149.7604,451.42685,0.016466731,1108.0548,478.50504,0.011284701,1077.476,468.93573,0.002469989,1026.2874,453.8658,0.009394862,1060.0677,453.33075,0.003943897,1022.7398,464.27997,0.00654693
278,7,1088.6063232421875,441.1468391418457,94.99786376953125,2.7413753138756034,1044.0928,450.89282,0.8862845,1077.9373,476.19592,0.89386743,1070.6613,457.00366,0.049971253,1128.9688,470.05063,0.34718272,1157.1119,450.19223,0.011660757,1112.894,480.38553,0.0043040016,1076.0945,470.91345,0.0010882315,1033.9064,453.3008,0.00525732,1071.3483,450.55334,0.0019233302,1014.0758,460.41544,0.002213969
279,7,1092.2559814453125,443.1126365661621,96.47698974609375,2.734707486366283,1046.303,452.6281,0.8705739,1080.0186,478.6416,0.87977207,1073.8901,458.90036,0.045215692,1131.2479,472.23132,0.3180685,1159.4358,453.3412,0.011478256,1113.6676,482.28192,0.003636557,1077.9202,471.64066,0.0010293615,1037.4637,454.24063,0.005090809,1072.261,452.7697,0.0019190704,1014.00464,461.19717,0.0019374358
280,7,1095.7250061035156,445.6589241027832,98.04840087890625,2.7186998962379474,1054.0685,456.88965,0.8581,1086.7212,481.95996,0.85167223,1081.724,465.43945,0.07810837,1142.45,478.1309,0.43195143,1158.4587,457.69574,0.0137574645,1113.9761,483.91986,0.015216433,1096.061,476.4834,0.0026002675,1038.5349,459.85724,0.010326019,1084.742,462.29718,0.003996826,1047.5083,471.80832,0.009338909
281,7,1099.4027709960938,448.2481098175049,99.15371704101562,2.681920719620906,1056.1207,459.77844,0.8764461,1090.9185,485.47534,0.8729524,1082.9218,468.04425,0.06397423,1148.2004,481.41602,0.41033047,1166.5801,459.61273,0.012695299,1121.3838,488.0866,0.012025828,1097.003,479.4046,0.0019925837,1039.3882,462.43298,0.00873258,1084.3442,464.0545,0.00323909,1045.1075,474.4019,0.006914779
282,7,1102.3544311523438,451.2307434082031,99.78277587890625,2.6294645009026625,1058.1875,462.55148,0.8810593,1094.419,488.636,0.8776067,1084.9144,471.0636,0.058783323,1151.5764,483.91428,0.39321616,1172.9492,462.29694,0.013032936,1127.1455,491.07166,0.010004589,1098.9786,482.13556,0.0018045858,1041.497,465.30252,0.008079784,1085.3816,465.679,0.003095237,1044.0145,475.98993,0.005720467
283,7,1105.880859375,453.4577922821045,102.97439575195312,2.65082275323483,1061.7529,465.25403,0.8833235,1100.0139,491.72363,0.8819486,1087.1089,474.00134,0.056648135,1156.1478,486.20383,0.38092622,1179.587,464.4712,0.012941014,1133.7617,494.1025,0.008292778,1101.2775,484.59235,0.0016198709,1045.5452,468.23257,0.0070355837,1084.6823,468.1662,0.0027715573,1043.1361,478.3676,0.0047178743
284,7,1109.0873107910156,454.5564594268799,105.48870849609375,2.6777031994538367,1063.0991,465.6745,0.8835341,1103.092,493.69736,0.89167744,1086.0084,474.65912,0.050031688,1157.2289,488.23087,0.37055364,1179.8335,465.5833,0.012576739,1135.4696,495.8364,0.008066965,1102.2157,485.29767,0.0016269354,1048.9468,469.65573,0.0065327906,1083.3003,469.9656,0.0026108427,1042.8339,481.00482,0.0044540195
285,7,1114.09130859375,457.03368759155273,106.62844848632812,2.6425903656822833,1065.2639,466.7138,0.8420281,1105.8934,495.5334,0.86138827,1098.6606,475.79745,0.056435414,1159.9397,489.09717,0.34324712,1189.185,464.09464,0.0018734123,1125.5491,497.76135,0.0012124701,1133.5535,499.6001,0.00021375972,1064.6725,479.12708,0.00087488606,1154.2925,474.9231,0.00022235804,1056.5443,478.50125,0.0006006025
286,7,1118.56201171875,459.463228225708,108.65945434570312,2.636880934183443,1068.8422,467.83868,0.8610763,1109.5608,498.05603,0.8800667,1100.0955,476.92798,0.04637398,1163.8184,491.39966,0.32769838,1194.9326,464.7567,0.0019070322,1131.7721,500.18518,0.0010976363,1133.2485,501.15314,0.00020159937,1067.1257,479.94977,0.00082585815,1155.2299,476.6463,0.00020824991,1055.6102,479.63495,0.0005379507
287,7,1123.6913452148438,462.6360454559326,107.86285400390625,2.5579173996610525,1073.6073,472.37006,0.8843424,1114.5463,503.90933,0.89955294,1097.4529,482.04364,0.039468527,1171.2076,499.61856,0.37351316,1187.7651,473.90973,0.011474864,1144.9587,505.40753,0.011931217,1119.4957,495.65204,0.0018974817,1059.2062,478.13974,0.0077216094,1105.5499,480.4554,0.0027857863,1063.6514,491.23868,0.00645746
288,7,1127.8588256835938,465.74176025390625,108.91387939453125,2.5226641064434996,1078.2385,475.3194,0.88767755,1119.8628,507.31824,0.90511924,1100.1086,485.16028,0.03669114,1175.1602,502.29636,0.35880426,1193.778,476.69305,0.011831029,1151.3596,508.6214,0.010102807,1121.9056,497.99908,0.00175657,1064.3943,481.15714,0.00692239,1105.4371,483.0068,0.0026120674,1062.9028,494.0062,0.00536025
289,7,1132.3307189941406,470.1031608581543,111.00164794921875,2.4910084406831015,1084.8208,478.21112,0.7862306,1125.823,512.13684,0.67677957,1104.1763,471.65723,0.17272478,1183.0289,504.53326,0.24781045,1144.0562,561.9358,0.04992887,1143.0592,528.2539,0.040801812,1145.2356,484.878,0.023453007,1100.4144,494.85443,0.020230982,1126.1211,482.72955,0.03149264,1072.5391,489.218,0.028315427
290,7,1136.5222778320312,473.2843208312988,113.68881225585938,2.476599403944198,1083.7368,482.93622,0.91380954,1126.8481,515.2738,0.9226916,1114.749,491.1206,0.024248807,1188.362,510.23325,0.32827827,1218.3135,481.42236,0.0057699,1165.1788,518.4737,0.0043350654,1139.1318,511.30054,0.00061204925,1069.697,490.49225,0.003493325,1141.6436,486.56488,0.00097246654,1069.63,497.1199,0.0019939523
291,7,1140.9010620117188,475.92464447021484,115.5311279296875,2.458137287298832,1088.7504,485.58075,0.8686445,1131.5355,517.77716,0.8795437,1124.1456,495.4611,0.03714311,1190.6854,511.41693,0.3345442,1221.4543,484.85715,0.0027643968,1157.8453,519.0535,0.002350238,1160.448,518.236,0.00032617417,1081.8495,497.87997,0.0015774725,1172.897,492.8825,0.0004339259,1082.8752,499.1403,0.0011451762
292,7,1145.7514343261719,479.1938667297363,118.55548095703125,2.462672824074366,1091.0419,488.42188,0.8792248,1134.3813,521.5678,0.8908783,1126.7279,498.49796,0.032686226,1195.5052,514.6075,0.3163793,1229.5127,487.852,0.0025712654,1164.682,522.50836,0.0016795675,1160.859,521.6272,0.00024952664,1083.6818,499.97342,0.0013236242,1175.0623,495.294,0.0003429024,1081.1709,501.1907,0.00081542705
293,7,1150.0397644042969,482.0427074432373,120.9034423828125,2.4496549994508148,1094.9082,492.39197,0.91627836,1141.1478,527.11926,0.9296953,1119.9175,502.11685,0.021105098,1201.9458,522.0711,0.31885538,1227.0913,492.53583,0.0073548513,1178.862,529.5332,0.005492428,1144.4951,518.5567,0.0008145471,1079.939,498.98114,0.0041844887,1133.9739,499.14877,0.0013042054,1077.8269,511.037,0.0025794033
294,7,1153.9725952148438,485.4507694244385,120.769775390625,2.399694580088495,1099.7438,493.8351,0.76300514,1143.6765,532.26556,0.6652288,1132.0947,496.04266,0.17603463,1201.2051,523.85864,0.30504704,1186.8688,564.97754,0.026326783,1138.2976,539.93085,0.0074062245,1148.2059,503.0557,0.0021957597,1114.6919,508.31137,0.004730486,1136.8104,503.29364,0.0064468193,1085.4637,497.01892,0.0024751837
295,7,1159.4209899902344,488.2876625061035,121.74188232421875,2.3809722708488104,1105.8064,496.1608,0.7645456,1148.8647,533.44507,0.64096534,1142.9221,496.8426,0.18897642,1210.0029,525.57227,0.3065224,1215.207,562.23535,0.02663104,1176.2898,532.21765,0.007210863,1156.7273,512.94525,0.0032462599,1113.5098,509.59512,0.004296123,1151.0558,502.601,0.0053348867,1139.6642,500.35455,0.0029856025
296,7,1166.410400390625,491.9129447937012,128.1741943359375,2.4375443914796575,1110.8667,501.2132,0.80970305,1158.7188,539.7825,0.6835905,1129.189,492.81122,0.15657935,1222.8207,531.32745,0.22849727,1195.1545,595.3437,0.042339254,1193.1617,556.7744,0.036985416,1179.3728,512.2667,0.024327282,1123.0492,518.68286,0.014937596,1152.0592,507.06754,0.02710713,1109.9446,517.0752,0.02809301
297,7,1171.7880249023438,497.24364852905273,132.54034423828125,2.4374965601627734,1115.8522,505.26535,0.8228832,1165.9895,545.7979,0.69170594,1137.3335,497.9513,0.13986401,1229.3169,537.55804,0.2136281,1200.5239,600.65564,0.03422161,1193.6028,564.07605,0.02598988,1186.2578,517.13934,0.014512184,1131.5919,525.66296,0.011306427,1155.5172,509.57315,0.018040355,1110.9175,521.59576,0.017836899
298,7,1176.4224243164062,501.59619140625,135.474609375,2.4222594410087597,1118.8613,509.75354,0.8324239,1172.1946,550.73584,0.69370794,1143.9806,503.51978,0.13037689,1235.6929,542.38043,0.20659368,1207.8864,605.1799,0.028919017,1196.3033,570.0826,0.019365577,1192.0347,522.21783,0.009176123,1137.0566,531.41394,0.009203181,1160.4052,513.1488,0.013362627,1112.8472,525.9451,0.011976893
299,7,1180.875732421875,505.9156723022461,137.74978637695312,2.3995277131843142,1120.4894,513.6873,0.7253495,1182.6909,559.0146,0.63499826,1151.344,514.51404,0.18226412,1235.394,550.3509,0.2948358,1245.4596,590.13745,0.021222726,1166.5162,553.5472,0.003218933,1170.4174,527.5128,0.00089393015,1136.0049,524.9086,0.0018715274,1156.3477,524.02094,0.0027877674,1133.5342,521.33716,0.0009362659
