frame,id,x,y,width,height,kp0_x,kp0_y,kp0_conf,kp1_x,kp1_y,kp1_conf,kp2_x,kp2_y,kp2_conf,kp3_x,kp3_y,kp3_conf,kp4_x,kp4_y,kp4_conf,kp5_x,kp5_y,kp5_conf,kp6_x,kp6_y,kp6_conf,kp7_x,kp7_y,kp7_conf,kp8_x,kp8_y,kp8_conf,kp9_x,kp9_y,kp9_conf
1,1,1141.9301147460938,463.3783435821533,110.851318359375,86.78512573242188,362.87082,279.72232,0.851948,377.92807,299.1236,0.87848127,373.0032,284.71036,0.03805586,395.29724,296.0055,0.3353574,404.43707,279.60123,0.0027187837,384.79037,300.19513,0.0024658556,386.31012,299.07144,0.00038127883,361.03473,287.67307,0.0014604832,390.33432,284.88385,0.00041724276,360.52084,287.6927,0.0012644184
1,2,871.8421325683594,334.53384590148926,40.55108642578125,37.969573974609375,284.72522,201.66641,0.8017724,287.82056,208.74947,0.8279852,290.2245,202.17894,0.21072927,297.1092,207.7084,0.5379315,300.98276,200.6784,0.024534885,292.39136,211.54056,0.020821098,289.6737,210.22488,0.01022034,284.3576,202.82039,0.018254576,296.27817,200.90187,0.00823847,280.16324,204.23918,0.012863972
1,3,828.9428100585938,278.7314786911011,24.83642578125,23.080095291137695,273.43048,167.83997,0.7144587,274.66376,171.51318,0.7450924,277.29498,167.5834,0.34976017,280.0515,171.1627,0.5854675,282.04538,169.09505,0.045925166,277.5395,173.63504,0.03715808,276.78165,170.62067,0.025199573,272.6147,166.24602,0.03948074,278.81866,163.60143,0.022351544,268.60995,168.5617,0.026386376
1,4,989.7916259765625,309.82593727111816,35.035400390625,25.417762756347656,335.0232,190.36298,0.69391686,332.90884,188.00012,0.642851,328.17206,190.20308,0.5515808,324.88574,186.71278,0.595633,322.523,186.02214,0.03962598,329.19492,191.00606,0.02874166,330.78647,187.5637,0.02817321,330.4774,186.59482,0.031416968,332.97418,186.14767,0.018186206,324.38855,185.65672,0.019166032
1,5,879.00439453125,247.28199005126953,18.5899658203125,13.815427780151367,295.49533,150.71101,0.64628327,293.41525,148.35376,0.60769665,291.28244,149.45094,0.60431224,290.36325,148.85776,0.5988875,290.74057,147.86665,0.05362226,292.82648,151.29688,0.044527575,294.1523,146.45659,0.0378436,292.10526,145.84853,0.045096707,293.35248,145.60504,0.02722416,284.44418,151.65538,0.035658244
1,6,911.3692016601562,267.0864772796631,25.42694091796875,19.83863067626953,306.18143,162.99664,0.62924147,305.04205,160.59212,0.5962352,301.9903,162.79803,0.62759775,300.60986,160.49536,0.6112352,299.63065,160.27455,0.04282594,302.2954,163.91234,0.026218401,302.63486,158.03731,0.024820644,302.37604,158.37578,0.028161092,299.6671,158.28128,0.017395565,294.1814,160.94218,0.02109057
2,1,1142.8743896484375,464.1782684326172,111.4398193359375,86.91866111755371,363.37994,280.24948,0.856127,378.17282,299.612,0.88170516,373.55997,285.16885,0.03717879,395.51047,296.5311,0.33302695,404.99796,280.08276,0.002667879,385.20352,300.81638,0.0022733503,386.35617,299.6075,0.0003556581,361.51642,288.1416,0.0013873455,390.77325,285.21744,0.0003944737,360.4441,287.98663,0.0011575249
2,2,873.5798950195312,336.932822227478,42.50079345703125,39.503042221069336,285.50113,202.98228,0.76136035,288.3094,210.28012,0.791333,291.464,203.68619,0.2346563,297.7745,209.4655,0.56166047,300.53946,204.39322,0.0413646,292.99503,211.88664,0.049678847,292.29074,209.01274,0.022137502,283.6331,203.22185,0.03913518,293.87323,200.7105,0.020991769,282.50247,206.68877,0.03363746
2,3,829.6301879882812,280.81350803375244,24.6064453125,22.89470100402832,273.55283,169.1697,0.71185815,274.85278,172.82991,0.7445135,277.45862,168.83095,0.34505263,280.34332,172.46162,0.5742588,282.45068,170.21779,0.043269005,277.65744,175.13103,0.03146961,276.63962,172.04657,0.021946426,273.16824,167.5744,0.034885734,278.966,165.11305,0.019445905,268.24396,169.67139,0.02232336
2,4,989.2078857421875,310.82649993896484,34.236236572265625,26.72280979156494,334.74997,191.24971,0.69407994,332.76056,188.94023,0.64598393,327.9556,191.09367,0.5463898,324.94006,187.58185,0.590384,322.4502,186.84007,0.03712642,329.03552,192.09113,0.025495127,330.57617,188.57576,0.0249498,330.41162,187.49861,0.028322536,332.7837,187.17268,0.015886579,324.06735,186.67978,0.016785521
2,5,879.0214233398438,247.780855178833,17.92034912109375,13.111650466918945,295.5496,151.02402,0.64198416,293.43713,148.6332,0.6057979,291.30994,149.6563,0.60897976,290.54645,149.08957,0.60088605,290.7076,148.11147,0.053966265,292.80258,151.55768,0.0444967,294.19556,146.53198,0.03794463,292.16217,145.9998,0.044859402,293.01907,145.95868,0.027011808,284.37372,152.02014,0.035632897
2,6,910.8648376464844,267.70152282714844,24.97320556640625,19.144251823425293,306.02594,163.31883,0.63244057,304.9278,160.80602,0.59732264,301.70688,163.17422,0.62471414,300.40714,160.69806,0.61099803,299.21808,160.59145,0.04373519,302.11697,164.19257,0.026901424,302.4548,158.38611,0.025495932,302.26385,158.78168,0.029110204,299.5399,158.54602,0.018249622,294.31155,161.1762,0.021267878
3,1,1144.089111328125,463.8478546142578,112.61453247070312,86.92154502868652,363.74753,280.2008,0.86052865,378.9584,299.604,0.88782847,373.47974,284.80527,0.03497,395.99023,296.79102,0.33064818,405.28275,279.81036,0.002818502,386.12335,301.07397,0.002411051,386.28595,299.3169,0.00038072604,361.66428,287.92654,0.0014640355,390.29434,284.9979,0.00041554033,360.50726,287.90228,0.0012233737
3,2,874.7609252929688,337.69515323638916,43.0447998046875,40.767019271850586,285.67957,203.43443,0.7730338,288.79492,211.06801,0.8021851,291.67877,204.17184,0.2180708,298.4695,210.25558,0.5560864,301.51672,204.70648,0.038882855,293.6222,212.85829,0.045335542,292.35287,209.75864,0.019737603,283.76428,203.87764,0.03549446,293.91428,201.32687,0.018896079,282.26215,207.31213,0.030065602
3,3,830.5107421875,281.3898525238037,24.869293212890625,23.18437957763672,273.57782,169.7174,0.7157959,274.97937,173.46724,0.75033075,277.54822,169.37474,0.33722997,280.64777,173.12129,0.56915706,282.84366,170.6503,0.042154994,277.87903,175.87776,0.029260317,276.49826,172.8261,0.02061797,273.39093,168.20114,0.033008337,279.0946,165.8171,0.018178478,268.15552,170.25102,0.020619087
3,4,988.4620056152344,309.17399311065674,32.37908935546875,25.608821868896484,334.23062,189.48943,0.6977301,332.39932,187.42644,0.646977,327.42218,189.2907,0.5346772,324.8077,186.166,0.59352034,322.38107,185.29031,0.041912377,328.84164,190.2536,0.03382945,330.5116,186.98837,0.032192275,329.64978,186.00023,0.035545755,332.7468,185.42714,0.021034215,324.41763,184.99551,0.02254974
3,5,878.1437072753906,246.7906951904297,17.52410888671875,13.280076026916504,295.3481,150.90004,0.6466753,293.2578,148.46126,0.6063959,290.91006,149.48055,0.6041159,290.32053,148.94801,0.5975995,290.75345,147.75458,0.052433528,292.70676,151.47813,0.04340123,294.20496,146.32277,0.037156347,292.12158,145.75308,0.043654773,293.12604,146.00378,0.026097255,284.2507,152.32253,0.034950614
3,6,910.510986328125,266.6846351623535,24.38653564453125,19.236382484436035,306.03647,162.58986,0.6328152,304.88156,160.1531,0.59415793,301.6031,162.60149,0.6324812,300.2708,160.14679,0.6152627,299.2336,160.01543,0.04536215,301.94025,163.3143,0.028828816,302.38586,157.85112,0.027787518,302.24023,158.36212,0.03031116,299.78513,158.03645,0.019810777,294.60962,160.45984,0.02339575
4,1,1144.7968139648438,463.87767219543457,113.63223266601562,87.16309833526611,363.75528,280.25357,0.86019295,379.15784,299.81204,0.8883177,373.59436,284.88013,0.03400241,396.2093,297.03323,0.32720485,405.64282,280.03784,0.0028333755,386.47495,301.27234,0.0023425105,386.38522,299.409,0.000371636,361.66638,287.98532,0.0014550962,390.27692,284.9776,0.00041224816,360.42633,287.94232,0.0011922596
4,2,876.6211853027344,339.52424812316895,42.11517333984375,41.74587535858154,285.83994,205.22542,0.7846846,289.40176,212.58432,0.80928516,292.05026,205.95595,0.21183585,299.12088,211.80286,0.54655355,302.6654,205.75995,0.03654074,294.42694,214.85808,0.037217952,292.20966,211.92973,0.01681107,284.39587,205.88899,0.030982971,294.413,202.94768,0.016416432,282.07364,208.6936,0.024193577
4,3,830.7189331054688,282.33142375946045,25.43701171875,23.77280044555664,273.73743,170.05891,0.6857136,274.95956,173.76184,0.69920105,278.55884,170.15862,0.37742484,280.44598,173.47263,0.5893836,282.5827,171.50543,0.05663045,277.61343,175.39429,0.06149978,278.84424,172.13062,0.035360917,272.13092,168.69461,0.054150146,278.21143,165.27415,0.034878943,269.32745,171.74489,0.047178466
4,4,985.8849792480469,307.9938554763794,33.52587890625,24.78644371032715,333.6062,188.71011,0.7000073,331.58188,186.83604,0.6451226,326.35175,188.77043,0.5329649,323.57962,185.45627,0.59438497,321.22916,184.2956,0.04349359,327.8983,189.36377,0.039166477,329.9191,186.58017,0.036683526,328.79205,185.69508,0.038651105,332.65906,185.11249,0.02318303,324.1804,184.21997,0.026295135
4,5,876.8349609375,246.64989852905273,17.576751708984375,13.441575050354004,294.96957,150.7335,0.65235525,292.97534,148.37886,0.61239344,290.61404,149.36763,0.5942586,290.0571,148.91669,0.596463,290.6018,147.6575,0.053460136,292.57172,151.40152,0.045041267,294.08176,146.26805,0.03843665,291.87198,145.64471,0.045518216,293.23093,145.7442,0.027227236,284.2692,152.29381,0.036110893
4,6,909.731689453125,266.4121313095093,23.53271484375,19.202110290527344,305.84607,162.37672,0.6356662,304.71545,160.00032,0.59527886,301.46738,162.4846,0.6286551,300.1389,160.03773,0.6144001,299.26437,159.87733,0.045231484,301.83044,163.14261,0.029179426,302.27872,157.79025,0.027689919,302.033,158.28073,0.030614043,299.86926,157.86774,0.020034416,294.56326,160.28975,0.023624308
5,1,1144.8158569335938,464.8040256500244,114.40145874023438,86.90303134918213,363.84732,280.82953,0.86040014,379.40057,300.2251,0.889141,373.77026,285.5078,0.03430397,396.36478,297.52335,0.32599524,405.88025,280.45273,0.0027559455,386.74118,301.87347,0.0021672598,386.37167,300.0476,0.00034998168,362.04074,288.60422,0.0013827869,390.3939,285.5202,0.00038641065,360.40915,288.58905,0.0010926869
5,2,878.1798706054688,343.3611373901367,42.664764404296875,40.69731616973877,286.37408,207.93811,0.8089577,290.1513,215.23347,0.840461,292.77243,208.35823,0.18308356,300.59137,213.73079,0.46915364,305.8764,207.23575,0.01647678,295.76654,218.9232,0.006497836,290.1834,217.69879,0.003507531,287.74188,208.62103,0.008327296,298.2352,207.09097,0.0032692312,278.9608,209.89977,0.0038452314
5,3,830.343017578125,283.5424346923828,25.7574462890625,24.296024322509766,273.6683,170.73366,0.689383,274.99493,174.55557,0.7062592,278.38916,170.80946,0.37014866,280.5516,174.24707,0.59102964,282.60468,172.41774,0.05509837,277.6472,176.19562,0.05842076,278.6619,172.80234,0.034109566,272.01248,169.35805,0.05249407,278.09143,165.96448,0.033496812,269.30603,172.3336,0.04419384
5,4,982.9679260253906,307.68149185180664,34.319091796875,24.98056697845459,332.71246,188.63077,0.6922641,330.55148,186.63942,0.63440377,325.53735,188.5637,0.53774637,322.58337,185.09784,0.58730626,320.37445,184.34175,0.042282216,326.93655,189.21078,0.038966242,329.8322,186.43219,0.03394101,327.66245,185.72182,0.037735138,332.35785,184.36165,0.022141982,323.33728,183.86797,0.026111195
5,5,876.0071411132812,246.64098930358887,17.685333251953125,13.681943893432617,295.13138,151.11626,0.6508346,293.19846,148.53798,0.6076532,290.52432,149.60147,0.60003877,290.12814,148.97684,0.5979652,290.47388,147.6774,0.05265787,292.7414,151.70811,0.04373322,294.28125,146.29736,0.037449826,291.88892,145.71805,0.044169106,292.8914,146.09401,0.026268635,284.12,152.73251,0.03481948
5,6,908.2030334472656,266.8310194015503,23.46112060546875,19.474279403686523,305.44543,162.79422,0.6415153,304.3872,160.2131,0.60035604,300.86133,162.7396,0.6218011,299.56046,160.20935,0.6150754,298.20276,160.20763,0.04807309,301.5399,163.45607,0.03172386,301.98053,158.17197,0.030418357,301.5619,158.58873,0.03401049,299.7135,157.86194,0.02244502,294.68906,160.32541,0.024994079
6,1,1144.78857421875,465.35840606689453,114.76199340820312,86.87666416168213,363.91904,281.17145,0.8581394,379.48795,300.52847,0.888089,373.94376,285.872,0.0348903,396.22302,297.89612,0.32616538,405.91095,280.86465,0.0026831706,386.7325,302.23563,0.002021298,386.3626,300.4886,0.00033445487,362.31897,289.0465,0.001314843,390.64587,285.8911,0.00036579987,360.33783,288.84314,0.0010248022
6,2,880.3472900390625,345.5922803878784,43.269012451171875,41.40590858459473,287.21875,208.93297,0.7388305,290.68347,216.47769,0.74853957,294.60703,211.04408,0.2563649,301.2371,215.03784,0.55258375,304.41403,210.92365,0.047837265,295.58728,217.77733,0.05136882,294.96555,214.11815,0.02115698,285.17145,209.1484,0.04079722,292.53506,206.75595,0.02540554,283.96954,213.41727,0.03719049
6,3,830.8320922851562,284.74353218078613,24.371063232421875,23.55215549468994,274.02042,171.41592,0.6877715,275.31967,175.14093,0.7049606,278.6336,171.4875,0.37715366,280.7937,174.79161,0.5908972,282.97665,173.1018,0.052456338,277.82748,176.79294,0.052228685,278.73047,173.40903,0.03128726,272.46143,170.0254,0.047807757,278.1942,166.76404,0.030359343,269.3536,172.84004,0.039743066
6,4,979.1312255859375,306.248291015625,34.393341064453125,24.079962730407715,331.10257,187.35672,0.6810274,329.28845,185.22624,0.6441587,324.24197,187.13376,0.58869904,321.8457,184.51,0.60275406,319.9361,183.72539,0.04050126,325.3668,188.15813,0.02770827,325.75537,182.83475,0.02644715,326.37753,182.91473,0.027922085,324.53293,183.49455,0.016779259,318.0306,184.83745,0.020225808
6,5,875.2289428710938,246.15958213806152,17.991485595703125,13.738051414489746,294.71075,150.71745,0.6502017,292.90887,148.35211,0.6078951,290.31934,149.3152,0.5911369,289.9222,148.74733,0.59805596,290.2086,147.38306,0.05469558,292.55765,151.46103,0.047202375,294.28357,146.14392,0.040027343,291.6679,145.48315,0.0469985,292.84845,145.74567,0.028387684,284.16003,152.53049,0.03742598
6,6,907.2821044921875,266.5765657424927,23.1990966796875,19.368295669555664,305.2291,162.43874,0.6435402,304.12622,160.03114,0.60411805,300.68994,162.43242,0.6161586,299.44525,160.00803,0.61569077,298.13608,159.98323,0.049254924,301.43448,163.13354,0.03359661,301.92084,157.93336,0.03187158,301.33447,158.29533,0.03573642,299.73575,157.54622,0.023623161,294.67996,160.08757,0.02638926
7,1,1144.8729858398438,466.35083198547363,114.88055419921875,87.5489501953125,364.3276,281.6899,0.85931915,379.19226,301.11108,0.8873617,374.69812,286.59756,0.035455115,396.3934,298.11823,0.32449806,406.55774,281.67178,0.002653187,386.81787,302.50748,0.0018448146,386.49545,301.12164,0.000308802,362.78726,289.4445,0.0012647177,391.29788,286.3801,0.0003506884,360.29993,289.24384,0.00093120115
7,2,882.00732421875,347.8839855194092,43.804595947265625,42.28151035308838,287.25275,210.40926,0.75740737,290.76852,217.87595,0.7696658,295.09607,212.09375,0.24021555,301.87787,216.46774,0.54797643,305.79947,212.2458,0.043279584,296.54355,219.57414,0.041858982,294.75476,215.85272,0.016877037,284.97495,210.32889,0.036443096,293.1537,207.3663,0.020895768,283.39627,214.30054,0.029026791
7,3,831.9358520507812,287.04762268066406,23.568695068359375,22.853528022766113,274.38068,172.73575,0.69114405,275.81396,176.41972,0.70857984,279.0351,172.77866,0.3774572,281.42725,176.01445,0.5886255,283.81772,174.31151,0.048776153,278.2852,178.21486,0.04332223,278.67746,174.74794,0.026866887,272.95398,171.24522,0.041344255,278.32584,168.21786,0.025906999,269.27982,173.83614,0.033059683
7,4,975.4850463867188,305.2354459762573,34.153839111328125,23.55933952331543,329.96262,186.57614,0.6825442,328.28464,184.44283,0.6426437,323.26266,186.52663,0.5843935,320.98788,183.76791,0.60845596,318.92633,182.91716,0.04777356,324.75436,187.16687,0.036504347,325.21524,182.42163,0.034928825,325.22772,182.4022,0.03633932,324.39215,182.52805,0.022784373,318.17557,183.9326,0.026558815
7,5,874.6452026367188,246.33864212036133,17.820465087890625,13.736892700195312,294.58667,150.89027,0.64987904,292.98828,148.55734,0.60653013,290.27954,149.57605,0.58958143,289.9869,148.83871,0.6001464,290.12238,147.38828,0.05458839,292.5563,151.71883,0.04733691,294.39713,146.28677,0.039923165,291.61673,145.67111,0.046497915,292.55383,146.0046,0.028285593,284.18423,152.75189,0.03730356
7,6,905.5786743164062,266.6067180633545,23.28057861328125,19.128905296325684,304.74826,162.33066,0.64981437,303.61542,159.95146,0.6095597,300.24387,162.4105,0.6072356,298.93283,159.91858,0.6160742,297.66403,159.89569,0.050460547,301.11893,163.02808,0.035703126,301.59863,158.05489,0.03347431,300.8418,158.27481,0.038279884,299.83017,157.35616,0.025170691,294.66766,159.88625,0.027597519
8,1,1145.249267578125,467.7693557739258,115.20474243164062,88.01789474487305,364.49603,282.29782,0.8517249,379.29425,302.0533,0.88527703,374.406,287.24915,0.036121145,395.97696,298.8902,0.31991735,406.01138,282.61465,0.002561726,386.46588,303.2196,0.0016677179,386.39334,301.98788,0.00029767083,363.33884,290.3052,0.0011407732,391.46964,287.62207,0.0003193004,359.96237,289.9235,0.00085714407
8,2,884.7705688476562,351.0350704193115,44.689910888671875,43.31938362121582,287.6603,212.4621,0.77313125,291.64502,220.279,0.79473567,295.0625,213.83557,0.2125969,302.34485,218.9664,0.53330106,306.32776,214.25511,0.038975205,297.37354,222.40958,0.03362697,294.5631,218.26382,0.014094835,285.99167,212.64745,0.03077693,293.46857,209.46982,0.017026218,282.97498,216.67378,0.022009961
8,3,833.659423828125,289.53164863586426,24.253326416015625,23.85414218902588,274.85312,174.20763,0.6956642,276.30582,177.97247,0.7221173,279.11703,174.03491,0.371039,281.9049,177.56737,0.5845269,283.95404,175.77295,0.04793665,278.7133,179.89711,0.03851279,278.3444,176.24039,0.025715236,273.77356,172.55833,0.038451776,278.37152,169.89764,0.023699095,269.37637,175.24556,0.02919216
8,4,972.7787475585938,305.4793939590454,33.46234130859375,24.39562225341797,328.7897,187.39615,0.6841961,327.16885,185.19211,0.6482019,322.7026,187.31905,0.5750045,320.4878,184.56285,0.6127864,318.27795,183.73643,0.050867572,324.15158,188.03322,0.03885551,324.35992,183.8667,0.038614124,324.56808,183.28812,0.040829282,324.60242,183.24445,0.02538891,318.2241,184.45422,0.02770206
8,5,874.51904296875,247.05853843688965,17.269866943359375,13.285406112670898,294.49722,151.23538,0.6505149,292.98853,148.75595,0.608075,290.11118,149.94318,0.59318346,289.91367,149.0788,0.60302365,289.85562,147.43666,0.053972438,292.40048,152.06653,0.047081877,294.36826,146.54945,0.03964889,291.5392,146.09207,0.045668438,292.31946,146.34106,0.027749987,284.2174,153.00435,0.036755696
8,6,903.5402526855469,267.1405506134033,23.1441650390625,18.470163345336914,304.05496,162.40997,0.6545542,302.9598,159.96603,0.6154396,299.6628,162.4905,0.59737605,298.32495,159.96637,0.6155892,297.04352,159.98372,0.05197447,300.75653,163.10315,0.037879772,301.26794,158.29192,0.035183866,300.2197,158.36278,0.041574806,299.84616,157.13762,0.026901366,294.6128,159.88716,0.028649744
9,1,1146.3930358886719,468.9386787414551,116.83209228515625,88.40912818908691,364.36,282.29813,0.8384409,379.81033,302.5819,0.8831642,373.41724,287.10733,0.035621397,395.49277,299.55035,0.31434277,404.84064,283.14932,0.0025764853,386.12045,303.55063,0.0016712156,386.38687,302.08875,0.0003247868,363.70157,290.72092,0.0010985316,390.9926,288.3638,0.00031695986,359.81754,290.31107,0.0008842751
9,2,886.9376220703125,353.49981021881104,45.685089111328125,43.91831016540527,288.14624,213.7947,0.7790215,292.20392,221.86975,0.80927354,294.84665,214.74521,0.19442174,302.4864,220.72502,0.5204618,306.2104,215.7664,0.035490755,297.59845,224.24161,0.028517958,294.36182,219.72124,0.012437437,286.8454,214.07562,0.02652795,293.7539,211.01418,0.0143447,282.6453,218.2047,0.018077662
9,3,835.6229553222656,291.781099319458,24.2325439453125,24.32504367828369,275.137,175.47627,0.7003395,276.83954,179.49336,0.728581,279.24307,175.39236,0.35666522,282.64966,178.9786,0.5709824,284.73358,176.84042,0.047102634,279.3222,181.5381,0.033877183,278.1471,177.73953,0.023402551,274.44238,173.92535,0.03492987,278.30072,171.55646,0.021625808,269.14108,176.50012,0.025645275
9,4,970.739501953125,304.91726303100586,33.2852783203125,25.3357515335083,328.18213,187.30196,0.68732256,326.30487,184.99786,0.64606833,321.95758,187.32118,0.5751043,319.48312,184.22229,0.612576,317.38724,183.33774,0.052844606,323.6041,187.72539,0.04196892,323.86887,184.03062,0.041399542,323.71646,183.21994,0.04453141,324.74426,183.01794,0.02741702,317.88226,183.90509,0.029698282
9,5,873.9405212402344,247.08019351959229,17.5338134765625,13.81032943725586,293.94797,151.01822,0.65165365,292.6531,148.40852,0.60701644,289.39288,149.85886,0.5884689,289.08255,148.9171,0.60806686,288.93622,147.14764,0.056840006,292.0419,151.91772,0.052207716,294.19922,146.29451,0.044721507,291.08777,145.98964,0.05068362,292.17993,145.98518,0.031510357,284.38547,152.8684,0.04036614
9,6,902.7914428710938,267.0321464538574,23.621429443359375,18.426518440246582,304.24933,162.29558,0.65797585,302.9902,159.86673,0.61613923,299.41016,162.40445,0.5971903,297.9786,159.78021,0.61561626,296.7169,159.76994,0.05262094,300.76764,162.80243,0.038689367,301.0986,158.15103,0.036565587,300.09332,158.1635,0.04257116,299.90494,157.17601,0.027577117,294.62006,159.46033,0.029403629
10,1,1146.810791015625,470.0569667816162,117.506103515625,88.7623815536499,364.52844,282.95914,0.8469253,379.7331,303.0486,0.8853673,374.10214,287.97617,0.03522988,395.89987,299.914,0.31193358,405.98193,283.4766,0.0024121075,386.58038,304.09854,0.0014394554,386.4349,302.89395,0.00027861155,363.87524,291.22214,0.0010097297,391.72592,288.73892,0.0002836066,359.74078,290.71634,0.00075264246
10,2,888.4775390625,357.1263542175293,46.133697509765625,44.02416515350342,290.2199,216.04935,0.71510935,293.18643,224.05682,0.7411893,296.85876,217.63791,0.2626987,303.57382,222.54088,0.537458,306.314,219.52448,0.04254371,297.31485,224.96358,0.041900538,296.4235,220.20358,0.017279224,287.89362,215.64131,0.032827668,292.20782,214.30681,0.02002086,284.62814,221.15161,0.031568486
10,3,836.3219604492188,294.50922775268555,24.070220947265625,24.203481674194336,275.1422,176.97409,0.70378745,276.88022,181.08339,0.73432004,279.4493,176.82602,0.33688444,282.91064,180.5441,0.55654734,285.22766,178.18295,0.043567754,279.5726,183.39003,0.028163902,277.86935,179.37799,0.01937438,274.68304,175.24098,0.031199206,278.44318,173.13188,0.018352166,268.55283,177.74525,0.020753486
10,4,968.5880126953125,305.06689167022705,33.8994140625,25.296689987182617,327.4103,187.26755,0.68870497,325.38577,185.01492,0.6462108,321.35156,187.23468,0.5702804,318.6807,184.1462,0.6119016,316.78,183.28976,0.0535713,322.97104,187.56143,0.043833137,323.34262,184.40004,0.043238644,322.9148,183.26062,0.047140293,325.04977,182.87784,0.028589956,317.5726,183.45766,0.03102909
10,5,872.35986328125,247.77915573120117,17.777435302734375,14.343518257141113,293.3011,151.58963,0.64965504,292.42963,148.79312,0.6097519,288.73724,150.54599,0.58518565,288.3138,149.36015,0.61304355,287.64276,147.45035,0.058619898,291.66193,152.573,0.055119287,294.04007,146.82281,0.047795147,290.73727,146.64,0.054108858,291.7008,146.33553,0.033404086,284.49915,153.38013,0.041277666
10,6,901.0543212890625,267.17155265808105,23.733123779296875,18.10377788543701,303.82874,162.17009,0.66344243,302.53247,159.84381,0.61968374,298.79428,162.32863,0.58782536,297.32333,159.66446,0.6166,295.98764,159.60704,0.05424234,300.42786,162.64629,0.041868255,300.81235,158.1587,0.038990967,299.45663,158.08104,0.045763925,299.78912,157.11824,0.029570093,294.38693,159.33282,0.031219095
11,1,1148.7523498535156,470.50953483581543,118.64886474609375,88.7514123916626,364.9473,283.13565,0.85274875,380.14328,303.4165,0.89011043,374.53156,288.1656,0.03304197,396.38364,300.31213,0.30765304,406.77115,283.6829,0.002441256,387.3584,304.47607,0.0013875146,386.50854,303.08304,0.00027402613,364.25906,291.2792,0.0010089633,391.9705,288.8378,0.00028186766,359.79712,290.89954,0.0007238518
11,2,890.8918762207031,360.4057731628418,47.81927490234375,45.567830085754395,289.97195,218.49849,0.7376997,293.50406,226.71262,0.7686403,296.74466,219.7115,0.23233579,304.41412,225.02411,0.5300471,307.6376,221.85817,0.039939784,298.50604,228.0372,0.034695294,296.1684,222.75258,0.014272633,287.5284,217.82018,0.029926535,292.07248,216.02809,0.017247805,283.75473,223.2736,0.024354363
11,3,837.9170837402344,296.5446252822876,24.89007568359375,24.84674835205078,275.7195,178.29163,0.70534265,277.65628,182.67575,0.73953927,279.81323,177.98538,0.30713198,283.78836,182.04643,0.5325463,285.973,179.36288,0.040364757,280.33264,185.23743,0.02376589,277.86478,180.45216,0.015916964,275.25528,176.20749,0.027702246,277.9703,174.70901,0.01554499,267.94113,179.03769,0.016940814
11,4,966.4793701171875,304.34784507751465,33.5093994140625,25.13583469390869,326.45258,186.61775,0.68589747,324.48712,184.5884,0.6443953,320.34177,186.80627,0.56199044,317.73495,183.81255,0.61393476,315.79697,182.71426,0.055349533,322.15643,187.00677,0.04980636,322.9407,184.01804,0.047938928,321.88138,182.94968,0.05172248,324.79312,182.3314,0.031562865,317.27573,182.96414,0.03507043
11,5,871.6477661132812,248.78726291656494,17.856536865234375,14.739412307739258,293.32498,152.36322,0.64477915,292.36978,149.65268,0.61412144,288.84436,151.34785,0.58675414,288.3521,150.17221,0.61322397,287.27655,148.81128,0.05811853,291.4087,153.2764,0.052918445,293.822,147.60388,0.04604802,290.5624,147.55843,0.05373619,291.50485,146.8324,0.032667503,284.65057,153.52592,0.038969312
11,6,900.7974243164062,267.67149925231934,23.166046142578125,17.49177074432373,303.89102,162.68396,0.6627523,302.55078,160.46077,0.62479156,299.13846,162.98207,0.58487314,297.56284,160.34593,0.61378914,296.41983,160.23004,0.05143184,300.49353,163.38911,0.037626375,300.80304,158.81898,0.034910757,299.95554,158.72888,0.041739177,299.88815,157.86984,0.02619709,294.28433,160.31801,0.027805548
12,1,1149.02490234375,471.48723220825195,118.09295654296875,88.90348720550537,365.638,284.47876,0.89824206,381.0403,304.28766,0.9250134,374.55154,289.34106,0.021872517,397.41776,301.57098,0.28383476,408.01883,284.68948,0.004729617,392.18332,306.66373,0.0016569432,381.5498,300.69156,0.00038004934,363.8578,289.01028,0.0018898527,382.36395,287.2726,0.0005291861,356.4381,293.07065,0.0007766704
12,2,893.1179809570312,363.7476854324341,48.5654296875,47.0778923034668,290.51517,220.93373,0.75631386,294.08542,229.61845,0.7937269,296.61392,221.81812,0.1985741,304.81577,227.7852,0.50827473,308.06802,224.25882,0.036860425,299.26138,231.29443,0.02783928,295.7441,225.52573,0.011689682,288.36807,220.26524,0.025504978,292.3453,218.62732,0.014194989,282.92957,225.76785,0.018259073
12,3,838.6180114746094,298.55844497680664,25.22039794921875,25.42847442626953,275.73715,179.48592,0.6776911,277.64722,183.8467,0.6915654,280.34402,179.75371,0.3724745,283.7343,183.15482,0.5740179,286.08557,181.40501,0.04780004,279.81165,185.41618,0.041233093,280.1059,180.90257,0.024037205,273.90244,177.88585,0.036676995,277.31076,175.43921,0.024421437,269.32043,181.16272,0.032962777
12,4,964.0769348144531,304.27466583251953,32.1485595703125,24.637999534606934,325.54156,186.5407,0.68563133,323.6898,184.58437,0.644573,319.60168,186.62422,0.54903543,317.0932,183.87184,0.6095447,315.18167,182.83475,0.054552004,321.47183,187.12337,0.051230077,322.69937,184.10046,0.047282606,320.94724,183.05356,0.052902747,324.6684,181.89146,0.0319234,316.8357,182.85785,0.03553692
12,5,871.9923706054688,249.91901779174805,17.4942626953125,14.326626777648926,293.748,153.16553,0.63954633,292.76102,150.44576,0.6133174,289.0107,152.10837,0.5923016,288.7512,150.75032,0.6086141,287.2868,149.64053,0.05425273,291.49408,154.03035,0.046822574,293.77643,148.33794,0.039749034,290.71326,148.30121,0.047701072,291.02765,147.82895,0.02811946,284.5062,153.86205,0.034052674
12,6,899.8445434570312,268.1397228240967,23.1639404296875,17.231446266174316,303.50513,162.98262,0.66239274,302.1782,160.78543,0.62646115,298.82098,163.26767,0.58065283,297.20905,160.59253,0.6131184,296.00558,160.49747,0.05070081,300.22345,163.7803,0.037198182,300.63458,159.26935,0.03413505,299.6331,159.0522,0.041470744,299.82617,158.13261,0.025489999,293.98676,160.65004,0.027057795
13,1,1148.35546875,472.4045219421387,117.79714965820312,88.94265174865723,364.33856,284.5612,0.85524124,379.84958,304.5661,0.88625026,374.37564,289.7027,0.032224454,397.23257,302.25977,0.33819768,405.3598,285.75598,0.004642227,387.7155,305.5844,0.0047410307,386.77448,302.97974,0.0007436922,362.16592,292.08893,0.0028700216,388.54236,289.53897,0.0009019704,363.03702,293.82617,0.0024689941
13,2,894.8557434082031,367.62806510925293,48.80914306640625,48.288954734802246,291.1269,223.575,0.8226426,295.0865,231.71037,0.8375569,297.658,225.11314,0.18865395,305.80676,230.36806,0.5403524,310.8292,221.54362,0.022920756,300.79764,234.2699,0.02283209,297.46997,233.28088,0.009264678,289.93396,225.28313,0.01799163,303.5969,223.83286,0.0076826294,287.3545,226.96248,0.01406645
13,3,839.02880859375,300.5396146774292,26.316650390625,25.304311752319336,275.82,180.35678,0.6832371,277.97354,184.91556,0.69747674,280.26566,180.61588,0.36151922,284.0338,184.11008,0.5688945,286.3264,182.16359,0.046643533,280.0828,186.52867,0.038217742,279.9009,181.76308,0.02268732,273.96762,178.6525,0.034697983,277.14294,176.4656,0.022957355,269.04898,181.80124,0.030477352
13,4,961.1959533691406,303.9283390045166,30.510498046875,23.94503688812256,324.54745,186.16647,0.68366736,322.9157,184.2001,0.64219165,318.86618,186.15121,0.5444728,316.63354,183.55623,0.60747623,314.7208,182.5053,0.054979157,320.8372,186.86082,0.054850426,322.66913,183.67844,0.047964834,319.96863,182.79814,0.05537301,324.30966,181.08273,0.03320064,316.42352,182.73329,0.03779614
13,5,872.2955017089844,250.9896183013916,16.74517822265625,13.653825759887695,293.8474,153.37485,0.6313184,292.84906,150.772,0.6080525,289.2312,152.42558,0.59302956,289.02103,150.98192,0.6043079,287.41684,149.86255,0.053044096,291.44247,154.29358,0.044755973,293.91534,148.52962,0.037431575,291.02026,148.5333,0.045262992,290.74652,148.35313,0.026484596,284.41824,154.26982,0.03252178
13,6,898.9803771972656,268.56097984313965,22.619384765625,16.882261276245117,303.20044,163.27641,0.66075706,301.84833,161.10165,0.6291357,298.848,163.63763,0.5781658,297.20612,160.98901,0.61253774,296.0602,160.8464,0.04946589,300.0204,164.24155,0.03597631,300.49936,159.73799,0.032671854,299.6896,159.46837,0.040534258,299.84863,158.52507,0.024304785,293.8991,161.31708,0.025836736
14,1,1148.8701782226562,473.48047828674316,117.80429077148438,89.4768705368042,364.62427,285.7497,0.8655956,380.03543,305.67908,0.8917475,375.10507,290.94214,0.030743109,397.83752,303.16534,0.33270174,407.03586,286.4595,0.0042648353,388.64438,306.81177,0.0038686944,386.96964,304.2991,0.00060421537,362.25424,293.15744,0.002512411,389.2623,290.10425,0.00076445664,362.46945,294.43253,0.001970795
14,2,896.8135070800781,370.94260597229004,49.157958984375,47.994486808776855,291.4448,225.07964,0.7590155,295.73788,232.88293,0.7650574,298.80157,227.36551,0.24511753,306.69553,231.44618,0.5658013,309.87582,225.73415,0.039822645,300.77115,234.25958,0.052188538,300.4142,231.9913,0.019793114,289.4043,225.8472,0.03770825,300.43912,224.2598,0.020778842,290.26834,229.69891,0.03682506
14,3,840.2691650390625,302.98112869262695,28.016876220703125,26.73753833770752,276.34906,183.1733,0.7243327,278.00644,186.81148,0.7462777,281.0202,183.46777,0.3541373,284.4585,186.32307,0.6022576,286.63638,182.86722,0.03833952,281.17786,189.0045,0.04225043,282.6936,187.52274,0.025174042,275.74905,182.51297,0.039948102,286.72168,179.5346,0.02005975,275.08432,184.05482,0.029272018
14,4,959.1696166992188,303.69453620910645,29.88720703125,24.21280288696289,323.80164,186.5169,0.6721929,322.37146,184.30289,0.630788,318.29495,186.3928,0.5549881,316.07755,183.7124,0.6066574,313.96936,182.7142,0.05350465,320.0208,187.17143,0.05360656,322.64856,183.97055,0.046435926,319.49255,183.28659,0.05345266,324.05444,181.20723,0.03200872,316.10443,183.06598,0.036964633
14,5,872.13134765625,251.91633224487305,16.565277099609375,13.357426643371582,293.68243,153.42336,0.62882346,292.78595,150.98477,0.6049347,289.27893,152.64511,0.5876248,288.7605,151.07404,0.5986593,287.18524,149.85016,0.05031736,291.148,154.47049,0.042157635,294.10986,148.57776,0.034499142,291.03333,148.6215,0.04247641,290.73972,148.53188,0.02432993,284.19766,154.54498,0.030515492
14,6,897.7681274414062,268.981876373291,21.558746337890625,16.524527549743652,302.66174,163.46596,0.6587448,301.08392,161.33359,0.6285311,298.50928,163.89702,0.57546043,296.74832,161.16054,0.60880667,295.74475,161.14967,0.048267264,299.42197,164.48987,0.03526447,300.28784,160.09415,0.0313394,299.24765,159.83594,0.040132504,299.83472,158.6761,0.023447935,293.71277,161.55745,0.025127167
14,7,820.8480834960938,246.3610439300537,18.42919921875,15.505631446838379,271.0109,148.24884,0.67491466,271.19095,149.70238,0.6807774,273.59644,148.32947,0.42904636,274.82175,149.54948,0.58746004,275.70325,147.70258,0.067236856,273.36514,151.92552,0.08176535,276.28406,150.15297,0.052871004,271.6308,147.09587,0.075339675,277.80072,144.24312,0.046958797,269.4451,150.67264,0.059322957
15,1,1149.11572265625,475.13543128967285,117.52633666992188,90.36982727050781,364.88715,287.22968,0.8670794,380.40115,307.2686,0.89320326,375.76163,292.54227,0.029647145,397.92072,304.72104,0.32386103,408.1346,287.9179,0.0036555333,389.00607,308.58438,0.0028359406,387.3026,306.1621,0.00045908598,362.95886,295.0246,0.0019593225,390.29477,291.3733,0.0005887244,361.8085,295.6185,0.0014282573
15,2,898.6190185546875,375.6442050933838,48.674468994140625,47.54266548156738,291.8426,227.52695,0.7958295,296.0599,235.55672,0.8052205,298.96594,229.39069,0.21252361,307.39847,234.06595,0.55476725,311.48886,227.18811,0.0320981,301.8621,237.53886,0.037543666,299.729,235.2977,0.013836457,289.67007,228.37799,0.028283006,301.45203,226.599,0.01394412,289.1679,231.79695,0.024482027
15,3,841.1575012207031,305.122278213501,28.2916259765625,26.777114868164062,276.7201,183.92564,0.7275749,278.25702,187.53862,0.7511704,281.33463,184.1399,0.35460144,284.79736,187.03598,0.60029465,287.1821,183.55501,0.037050128,281.5719,189.79651,0.037831362,282.51688,188.45998,0.02352923,276.34744,183.20645,0.037085515,287.1037,180.43962,0.018334199,275.08545,184.6333,0.026331814
15,4,957.7652893066406,304.300106048584,29.32818603515625,24.10748863220215,323.50623,186.33511,0.64745677,321.83887,184.0221,0.6078287,317.65738,186.42989,0.6380521,315.47556,183.8064,0.61764187,314.18478,182.82973,0.041450184,318.13522,186.90536,0.026881931,318.6544,181.30313,0.026643997,319.10373,181.89441,0.02679369,316.25186,182.63597,0.016818764,310.4037,184.30708,0.021653429
15,6,896.3171997070312,270.81315994262695,21.457855224609375,16.270588874816895,301.64563,164.77629,0.65774167,299.46054,162.93239,0.6139226,297.63773,164.92265,0.56958175,295.72717,163.37845,0.5849819,296.0797,161.85016,0.060204167,298.81137,165.9518,0.062355302,300.99432,162.36975,0.04507793,298.86386,161.72977,0.05747096,301.47144,160.06616,0.03632214,292.45233,165.7347,0.046949983
15,7,820.7608337402344,247.7028350830078,18.06060791015625,15.3063325881958,271.0748,149.16612,0.67020535,271.2675,150.216,0.6761183,273.35223,149.05772,0.43994373,274.64325,150.13228,0.5862351,275.4303,148.4472,0.064635694,273.22076,152.6246,0.07501882,276.2341,150.81433,0.04956596,271.85516,147.91531,0.07058454,277.7244,145.05457,0.043667514,269.28027,151.51543,0.053857736
16,1,1149.2442626953125,476.45379066467285,117.42855834960938,90.64634799957275,364.7881,288.00082,0.8696179,380.6767,308.2212,0.89652216,375.30762,293.07495,0.028166084,397.99155,305.66046,0.3160509,408.4555,288.35858,0.0032922674,389.2672,309.62616,0.0024045235,387.1393,307.06885,0.00039929722,362.77298,295.73663,0.0016791733,390.45688,292.22488,0.0004895584,361.06693,296.10974,0.0012168973
16,2,900.9472045898438,378.9661617279053,48.920745849609375,47.987792015075684,292.2534,229.1428,0.8106222,296.91693,237.33328,0.8191037,299.61563,230.99002,0.19103698,308.13495,235.991,0.53725195,312.9916,228.37434,0.02897052,302.97522,239.75838,0.029195445,299.83557,237.41069,0.010963506,290.5387,230.34985,0.023566348,302.227,228.06027,0.011404643,288.81738,233.25684,0.018442493
16,3,842.0304565429688,307.5449695587158,28.551727294921875,26.968894958496094,276.54834,185.56456,0.732384,278.26895,189.24124,0.75664216,281.65036,185.5375,0.34248668,285.22098,188.82909,0.58749944,288.19086,185.12067,0.03238417,281.65665,191.76622,0.028238438,282.23093,190.8428,0.018042177,276.60757,185.10889,0.029176993,288.08908,182.05402,0.0141315125,274.34183,185.74834,0.01964148
16,4,956.2310485839844,304.8842010498047,28.51263427734375,23.155025482177734,322.71222,186.36569,0.6572706,321.18378,184.11766,0.6187997,316.94513,186.39838,0.6195803,314.98563,183.91132,0.6188284,313.4769,183.10672,0.04486681,317.80807,187.01382,0.030810978,318.18036,181.57178,0.029951781,318.27997,181.97083,0.031214248,316.1134,182.34076,0.019757744,310.4189,184.25537,0.02395795
16,6,894.8336791992188,271.4336643218994,21.38525390625,16.346034049987793,300.73682,164.71198,0.6667178,298.74432,163.13896,0.6279372,296.8716,164.69873,0.5438592,295.38843,163.60938,0.586539,295.55627,161.99677,0.06497741,298.5377,166.11098,0.071988076,300.58093,162.56036,0.051343672,297.79584,161.7172,0.066985354,301.21808,159.7665,0.0424157,292.37927,165.55418,0.052776486
16,7,821.1798706054688,248.54802703857422,17.629852294921875,15.581025123596191,271.41742,149.75644,0.6676403,271.72168,150.742,0.6771642,273.57144,149.63258,0.44712678,275.0693,150.74658,0.5927867,275.6727,149.26361,0.06420264,273.53906,153.18303,0.0720174,276.2559,151.11853,0.04926547,272.01617,148.41713,0.06906252,277.50772,145.46408,0.043074995,269.46347,151.79951,0.051767547
17,1,1150.4730834960938,477.2925453186035,117.69451904296875,89.63056755065918,364.6133,288.34677,0.8703839,380.71368,308.3596,0.8955945,375.42886,293.51828,0.02855643,398.32486,305.74136,0.31418562,408.9654,288.55435,0.0032674167,389.6216,309.80493,0.0022766925,387.23987,307.3708,0.00037779997,362.63885,295.9415,0.0016605201,390.45422,292.26184,0.00047769767,361.05386,296.35077,0.0011466482
17,2,904.2684631347656,381.4991626739502,50.328369140625,49.360894203186035,292.7944,231.64944,0.83269286,297.59348,240.33829,0.84113777,300.73355,233.1034,0.15981136,309.7601,238.75401,0.5093283,315.67902,230.90672,0.024531495,304.75906,243.40012,0.019535631,299.59717,240.81589,0.006920381,290.9843,232.88368,0.017907714,303.09473,230.01805,0.00798163,287.6696,235.07954,0.011619613
17,3,843.7979736328125,309.6890287399292,29.15716552734375,27.206457138061523,277.66528,187.6756,0.7030508,279.2443,191.12616,0.71584755,283.00974,188.00125,0.36262593,285.5692,190.75793,0.6014868,287.28992,188.0566,0.058537975,282.6882,193.1424,0.071901076,284.69687,190.72514,0.03990459,276.628,186.53769,0.06468191,285.8454,182.75589,0.038768854,276.1115,189.37602,0.05122309
17,4,954.3520202636719,303.7389278411865,28.81494140625,21.301108360290527,322.0315,185.27744,0.6642509,320.33435,183.14604,0.6187292,315.84616,185.36696,0.6065708,313.87628,182.8168,0.61911535,312.26065,182.23854,0.05192887,317.22028,185.67033,0.04056048,317.70804,180.73058,0.03795479,317.03693,181.04976,0.039852113,316.01172,181.00111,0.026510857,310.25858,182.79222,0.031046437
17,6,894.1068420410156,271.7434787750244,21.251220703125,16.673847198486328,300.37338,165.10832,0.6711483,298.38278,163.624,0.6397786,296.40247,164.90921,0.5334348,295.21228,164.1115,0.59140176,295.0548,162.58568,0.067447454,298.39914,166.5086,0.0768152,300.1115,162.91795,0.055067398,297.13626,161.90875,0.07303944,300.89822,160.0041,0.04529211,292.30765,165.65187,0.055126328
17,7,821.4084777832031,249.32570457458496,17.8084716796875,16.18816566467285,271.2108,150.59698,0.66575205,271.7201,151.61638,0.6813385,273.3414,150.42575,0.4441146,275.15332,151.63931,0.59577525,275.42633,150.5799,0.06193584,273.41446,154.10661,0.06777443,276.07028,151.85829,0.046986498,271.63214,149.2179,0.06709939,277.26755,145.96077,0.04135518,269.44568,152.23012,0.04785964
18,1,1151.2188720703125,478.1382522583008,117.91854858398438,89.32312202453613,364.64948,288.99915,0.8716698,380.67578,308.62878,0.8943205,375.6134,294.24713,0.029925462,398.4746,305.87424,0.31373477,409.3004,288.87692,0.003203296,389.8034,310.08148,0.0020923046,387.24808,307.9365,0.00035389644,362.72995,296.3706,0.0015994407,390.6908,292.6499,0.00045356038,361.07343,296.69778,0.0010517987
18,2,907.742431640625,385.79500579833984,52.203094482421875,50.184353828430176,294.13174,233.99965,0.79315805,298.34125,243.11917,0.79838187,302.43472,236.4685,0.18860799,311.03217,241.2318,0.53148854,315.9181,235.65964,0.034154776,305.0092,244.87079,0.034976877,302.3202,241.04025,0.011243166,291.10406,234.68079,0.028244724,300.76813,232.33293,0.0149524305,290.09366,238.92067,0.02273585
18,3,845.02294921875,312.6749324798584,28.877655029296875,26.719822883605957,277.86765,189.04102,0.71172,279.39355,192.54889,0.73224217,283.1333,189.18585,0.3544775,285.74625,192.21626,0.59950876,287.67532,189.57784,0.052159585,282.87354,194.64226,0.059219666,284.29504,192.41487,0.03431103,277.00867,187.99086,0.056518324,286.38556,184.18355,0.031926595,276.19,190.34253,0.041359067
18,4,951.84375,303.61406993865967,28.181671142578125,21.30242156982422,320.90082,185.45703,0.66866726,319.5737,183.41214,0.6268758,314.957,185.37894,0.5859746,313.4033,183.08002,0.6218513,311.3187,182.74403,0.05798258,316.83633,185.90858,0.047996685,317.20267,181.09792,0.044765577,315.92767,181.14894,0.04856452,315.63104,180.70924,0.032757983,310.3093,182.6964,0.03558842
18,6,894.1791687011719,273.40002822875977,20.154052734375,15.902581214904785,300.56906,166.05562,0.6684372,298.5016,164.55884,0.6439802,296.75333,165.72934,0.54269767,295.78387,164.96994,0.6007298,295.40723,163.81686,0.066209234,298.53488,167.35895,0.07216265,300.01437,163.6907,0.053643234,297.25955,162.69623,0.07066419,300.63913,160.99013,0.043079298,292.60678,166.31905,0.051701687
18,7,821.6097106933594,251.2518482208252,17.82623291015625,16.384915351867676,271.2722,152.1258,0.6605383,272.06662,153.13019,0.6853968,273.5962,151.76312,0.4442012,275.72357,153.21585,0.5964194,275.90234,152.62793,0.056374416,273.67426,155.69781,0.055340946,276.0448,153.28934,0.03979223,271.6793,150.60437,0.05851694,277.25754,147.09528,0.034933913,269.30887,153.22322,0.038575564
19,1,1151.8701782226562,478.4029541015625,117.92266845703125,89.06552696228027,365.15283,289.5037,0.8817789,380.7952,308.71686,0.89859843,376.41772,294.8507,0.030159865,399.13718,305.81656,0.3158345,410.4606,288.81458,0.003226908,390.728,310.33725,0.0019893602,387.15936,308.32755,0.00033152095,362.97015,296.39343,0.0016223205,391.02463,292.7147,0.0004440816,361.3131,296.89825,0.000980756
19,2,910.6488647460938,390.08309841156006,52.517120361328125,49.73598289489746,294.528,235.87915,0.8053157,298.96246,245.55476,0.82479835,302.0726,237.83571,0.159465,311.23947,243.76546,0.51161176,315.92654,237.76422,0.03333107,305.7244,247.58774,0.031119721,301.97174,243.29524,0.010584517,292.11057,236.85127,0.02619121,301.0168,234.22635,0.01350342,289.58563,241.16829,0.019055927
19,3,846.8045654296875,314.84965896606445,29.480804443359375,27.20650863647461,278.379,189.9996,0.7249317,280.0209,193.90167,0.75205064,283.44363,189.98463,0.33730534,286.65826,193.56065,0.5958308,288.73776,190.56769,0.0464094,283.5953,196.00485,0.049204372,283.87036,193.8294,0.029714972,277.56622,188.9599,0.048312034,286.7669,185.73386,0.025883637,276.20377,191.28374,0.03408329
19,4,949.751220703125,303.73097133636475,27.205810546875,21.434154510498047,320.18594,185.64708,0.6663822,319.11194,183.67685,0.6308493,314.6977,185.5589,0.5800548,313.29745,183.363,0.62358844,311.09787,182.9772,0.058961272,316.62497,186.25566,0.049293514,317.01797,181.60364,0.04591187,315.5822,181.41907,0.05049926,315.5732,180.77695,0.033600684,310.25485,182.97818,0.03606803
19,6,894.6181640625,274.32844161987305,19.470794677734375,15.73080825805664,301.035,166.62837,0.6652424,298.85263,164.68982,0.63551575,297.06732,166.1256,0.5617349,295.916,165.05391,0.60034275,295.59152,164.01051,0.063089,298.65405,167.59828,0.06515037,300.3448,163.81102,0.04971579,297.7064,163.05917,0.06486558,300.7078,161.43367,0.03913424,292.66913,166.78488,0.04709177
19,7,822.2847290039062,253.3062744140625,17.576751708984375,15.781868934631348,271.7007,153.30354,0.64778334,272.4362,154.06276,0.6770148,274.1891,152.76173,0.45366874,276.24182,154.13643,0.588712,276.44986,153.98726,0.052448306,273.98767,156.80655,0.04550512,276.30185,154.12236,0.033139113,272.32703,151.47401,0.051052433,277.2237,147.95598,0.029575042,269.06754,154.15767,0.031700872
20,1,1152.917724609375,477.5991668701172,117.75009155273438,89.25442314147949,365.46536,289.04282,0.8896009,381.2553,308.6776,0.9059953,376.54688,294.4858,0.02701013,399.66974,305.82407,0.3127867,411.0632,288.20898,0.0033045276,391.52875,310.39597,0.0021246881,387.18958,307.9417,0.00034289912,363.09363,295.97546,0.0016966366,390.76932,292.44156,0.00046045863,361.4204,296.92624,0.0010257586
20,2,913.8684997558594,393.12580490112305,53.66986083984375,49.550923347473145,295.13593,238.11346,0.8189537,299.79572,248.26343,0.8427531,302.5285,239.71687,0.13645709,312.36923,246.31377,0.48565882,317.47748,240.16832,0.030586895,307.139,250.6833,0.023368996,301.81073,246.10512,0.008053069,293.04138,239.15146,0.021589931,301.533,236.32262,0.010715588,288.8243,243.267,0.013637297
20,3,848.1440734863281,316.12689685821533,30.20947265625,27.83308982849121,278.4096,190.79399,0.73629314,280.2295,194.94302,0.7625206,283.6648,190.8628,0.32656363,287.31226,194.47357,0.59112304,289.7503,191.12662,0.043004397,284.07266,197.1549,0.042492025,283.58356,195.2124,0.025727777,277.7472,189.90295,0.04257433,287.08273,186.93694,0.02217715,275.9775,192.08826,0.029226165
20,4,948.8197631835938,302.9405736923218,26.75335693359375,21.442909240722656,319.88065,185.37027,0.6678832,318.84076,183.4981,0.6334147,314.37317,185.24356,0.5741389,313.17682,183.15639,0.622186,310.94012,182.76785,0.06000233,316.46365,185.99818,0.05198886,316.8791,181.41751,0.04752013,315.19287,181.16176,0.05273698,315.48184,180.48174,0.034987517,310.1441,182.75494,0.037855867
20,6,893.8880310058594,273.2410011291504,20.3331298828125,15.2993803024292,300.32687,165.80397,0.6685186,298.17694,163.89743,0.6358535,296.4868,165.23524,0.5497887,295.24234,164.33304,0.59473425,294.96088,163.00809,0.068047054,298.1912,166.8561,0.07597983,300.23145,163.16324,0.055923253,297.18484,162.37848,0.07361497,300.7806,160.37979,0.045127735,292.37912,166.35315,0.05459237
20,7,823.3224792480469,254.08971977233887,17.46624755859375,15.950114250183105,272.0236,153.9309,0.64561206,272.88333,154.76611,0.6775931,274.57516,153.33614,0.44987756,276.73608,154.82744,0.58359116,277.0238,154.72955,0.049660254,274.38037,157.56883,0.040091477,276.4394,154.69554,0.029687455,272.71185,151.99245,0.04631086,277.31268,148.56058,0.026470382,268.912,154.66942,0.027954262
21,1,1152.8999633789062,477.73924255371094,117.51278686523438,88.96793746948242,365.69833,289.22183,0.89326054,381.23297,308.74365,0.9074257,376.8927,294.60306,0.02674369,399.9676,305.77405,0.31194672,411.52676,288.22543,0.0033216479,391.82718,310.4864,0.0020988937,387.1782,308.03857,0.00033316028,363.13443,295.9231,0.0017074617,390.8949,292.39832,0.00045892538,361.40027,296.9245,0.0010043115
21,2,915.8701171875,396.2965621948242,54.560577392578125,50.16269874572754,296.7741,240.14651,0.7801236,300.63177,249.68918,0.7796144,306.08472,242.87746,0.193794,313.76456,247.76796,0.547372,318.00388,241.71992,0.028664842,306.5661,250.8706,0.042076435,308.0025,249.01768,0.011774551,294.49026,241.57718,0.029607343,309.46332,239.96704,0.014205923,296.36545,245.81789,0.027533187
21,3,849.0847778320312,317.0329341888428,30.534027099609375,29.176812171936035,278.69623,191.13284,0.7418076,280.50815,195.73833,0.77042776,284.01596,191.11755,0.3099424,287.90704,195.17401,0.58113486,290.61942,191.73253,0.04092914,284.47806,197.93097,0.037990812,283.68927,195.96703,0.022900509,278.1476,190.43001,0.038262833,287.45917,187.47589,0.019927314,275.71606,192.50479,0.026102437
21,4,946.9396362304688,301.8596477508545,25.738311767578125,21.055100440979004,318.9881,184.24538,0.664062,317.91177,182.58722,0.6308606,313.76132,184.18185,0.56595707,312.7042,182.31868,0.61991096,310.60806,181.89322,0.065104514,315.93634,184.99031,0.062022816,316.77722,180.5276,0.053946454,314.34073,180.28502,0.061127394,315.38333,179.14583,0.041176736,309.87177,181.98755,0.045219347
21,6,892.9855041503906,272.7545213699341,20.97528076171875,14.962503433227539,300.15094,165.53703,0.6696844,298.00458,163.64107,0.63551825,296.34488,164.95435,0.54665905,295.0809,164.11679,0.5943506,294.82245,162.72188,0.07047074,298.09106,166.61452,0.08066555,300.21442,162.88869,0.058770422,297.0354,162.15102,0.07745153,300.7253,160.06888,0.048004396,292.32907,166.26317,0.05791922
21,7,823.7287902832031,254.59332275390625,17.53985595703125,16.29268169403076,272.0344,154.2271,0.6462763,272.99088,155.16307,0.6802082,274.77243,153.66756,0.4469118,277.00958,155.21356,0.58279544,277.41046,155.11302,0.048564434,274.58194,157.98093,0.037807554,276.4485,155.13448,0.028332388,272.8215,152.30899,0.04447963,277.4593,148.8605,0.02524916,268.87357,154.93446,0.026365755
22,1,1151.974365234375,477.8912658691406,114.46353149414062,87.48627662658691,367.62402,289.66528,0.7658928,380.7868,310.07922,0.6351515,378.92938,290.63892,0.20274056,401.35562,305.53918,0.31405807,402.45798,327.7058,0.029668039,393.07504,311.3604,0.010406428,385.45834,299.52908,0.005147592,369.5925,298.09958,0.00583123,382.52103,292.73322,0.007196244,379.74088,292.2629,0.0046918145
22,2,917.2387390136719,399.86401176452637,55.992919921875,53.043185234069824,296.75476,242.67677,0.8267426,301.4271,252.39897,0.8184779,306.04776,245.70572,0.16212463,315.29156,250.54501,0.5357498,321.59045,242.20897,0.02128904,308.64825,254.40065,0.026201155,307.17038,252.8833,0.0069860327,293.79398,244.4778,0.019123867,310.51883,242.69862,0.008327966,294.83148,247.43909,0.016096039
22,3,849.73681640625,317.8347644805908,31.00433349609375,30.520869255065918,278.84912,191.60043,0.74843365,280.8933,196.54002,0.7768273,284.18146,191.70226,0.2949244,288.39853,195.97903,0.573577,291.22598,192.16396,0.039681483,284.8017,198.8334,0.0351397,283.6486,196.83087,0.021302015,278.49164,191.22397,0.035202675,287.6206,188.3136,0.018637825,275.57736,193.1567,0.023985405
22,4,944.2490844726562,301.0577144622803,25.216278076171875,20.820138931274414,317.8035,183.73816,0.6652459,316.75473,182.2025,0.6355265,312.88217,183.61728,0.5521891,311.94186,182.00163,0.6163708,309.83014,181.41452,0.06871116,315.14386,184.63515,0.07119492,316.30304,180.41795,0.059771325,313.41034,179.97974,0.06948279,315.41046,178.4445,0.04626149,309.5477,181.72719,0.05120379
22,6,892.1077880859375,272.5034923553467,21.570831298828125,14.635720252990723,300.09393,165.48932,0.6683615,297.816,163.3771,0.63098,296.44318,164.91252,0.55424196,294.90182,163.92798,0.591495,294.97964,162.3665,0.07011156,298.00128,166.47316,0.078865916,300.33047,162.81581,0.057587665,297.36215,162.15486,0.07586764,300.95374,160.08943,0.046639416,292.24155,166.70384,0.057010908
22,7,823.6722106933594,254.83654975891113,17.716552734375,16.64186668395996,271.9193,154.318,0.6482679,273.00867,155.36804,0.68344784,274.75232,153.82095,0.44377235,277.11105,155.42451,0.58351374,277.5638,155.21523,0.047880925,274.64328,158.16551,0.036941804,276.41873,155.3595,0.027855579,272.7485,152.45966,0.043619912,277.51566,149.01347,0.024661202,268.8522,155.05032,0.025761522
23,1,1152.8937377929688,479.0285053253174,116.51541137695312,88.41340255737305,366.52585,290.86157,0.9095253,381.7127,309.68307,0.9214677,376.40955,296.1615,0.023103472,400.3946,306.40308,0.28956586,411.31195,290.27246,0.0063300882,394.68552,312.07205,0.0023690162,382.30276,305.96268,0.00047014473,363.30392,294.213,0.0028381178,381.068,292.34784,0.0008453722,358.12463,298.86975,0.0010968032
23,2,919.4360961914062,403.92231845855713,56.825775146484375,54.08152198791504,297.10416,244.58237,0.8498238,302.59964,254.70079,0.83908075,306.37433,247.93378,0.13965164,316.48734,252.78885,0.5145458,323.83936,242.9228,0.018428048,310.39243,257.26492,0.019152375,306.8554,255.80502,0.0050432864,294.24408,246.95616,0.014583477,311.0445,244.95926,0.006120887,293.9619,249.00375,0.011325334
23,3,850.641357421875,320.0246057510376,31.944854736328125,32.06085205078125,279.21548,193.41362,0.7599449,281.47943,198.57388,0.7889167,284.20374,193.49828,0.2775767,288.90298,197.95352,0.55889636,291.71796,193.642,0.0359383,285.22086,201.14342,0.027723672,283.1544,199.2331,0.01744062,279.23386,193.24167,0.028716872,288.01492,190.75848,0.014946264,275.12836,194.93256,0.018528398
23,4,942.158203125,300.3091335296631,25.275604248046875,20.19188404083252,317.11853,183.0127,0.66654474,316.1607,181.5433,0.63448364,312.22293,182.91258,0.5440152,311.36823,181.43498,0.61269623,309.2883,180.58525,0.07337085,314.7193,184.01463,0.081579864,316.09576,179.8618,0.066023916,312.7711,179.44577,0.077489935,315.3005,177.61156,0.052396692,309.22128,181.29047,0.058555935
23,6,891.5970153808594,272.5275936126709,22.07830810546875,14.97960090637207,299.9956,165.46999,0.6659781,297.87155,163.33746,0.6288607,296.22394,164.82616,0.5541247,294.7744,163.9235,0.59514624,294.63724,162.33691,0.07321089,297.98477,166.4624,0.08353078,300.39365,162.59889,0.062011976,297.24945,162.02637,0.07974465,300.7201,159.99376,0.050111294,292.24408,166.73662,0.060519967
23,7,823.7558898925781,255.35083866119385,18.1182861328125,17.073989868164062,271.71353,154.56361,0.6488998,272.91132,155.70067,0.6842042,274.78528,154.10507,0.44063482,277.22113,155.71788,0.5813002,277.8441,155.43376,0.04619707,274.6254,158.50037,0.034683518,276.41608,155.79921,0.026062196,272.6318,152.75603,0.04145313,277.6717,149.281,0.023198994,268.67084,155.22853,0.024171047
24,1,1152.8718566894531,479.83898735046387,117.07763671875,88.79933166503906,366.4993,291.05493,0.9071848,381.97183,309.9904,0.92300385,375.94788,296.32697,0.023012625,399.80508,306.9894,0.29134274,410.41757,290.45056,0.006224182,394.39087,312.52496,0.0023601972,382.17966,306.23846,0.0004900855,363.76343,294.72742,0.0027399112,381.00165,292.91965,0.0008173127,358.0716,299.53253,0.0010907302
24,2,921.6887512207031,408.11843490600586,57.487060546875,54.7983283996582,298.34225,247.4123,0.79054856,303.36237,257.9124,0.7860636,307.5453,251.00916,0.17632194,316.76077,255.77817,0.5342312,321.27243,249.02371,0.028901238,309.50903,259.06082,0.0390128,309.26093,256.30765,0.010476894,295.58228,249.18596,0.026687235,308.41037,247.9474,0.013624026,296.9161,253.80582,0.025790332
24,3,851.64990234375,321.6391067504883,31.988067626953125,32.65004539489746,279.61502,194.15878,0.75919586,281.91315,199.4094,0.78901434,284.50537,194.37048,0.2750448,289.21948,198.69962,0.55068576,292.0209,194.44443,0.03505228,285.51276,202.04869,0.024812246,283.23767,200.1038,0.015985053,279.95105,194.10278,0.026377648,288.13348,191.7531,0.013834812,275.13538,195.74751,0.016533898
24,4,940.0749206542969,299.72987937927246,25.48516845703125,20.03126049041748,316.33612,182.69289,0.665071,315.71307,181.27061,0.6348113,311.6959,182.5832,0.54084784,311.17743,181.30644,0.612534,309.11838,180.13536,0.07590747,314.42566,183.86607,0.08747005,315.8868,179.69923,0.06985064,312.25342,179.26541,0.08168126,315.09302,177.2686,0.055346068,308.99658,181.28876,0.06322904
24,6,890.759033203125,273.0179615020752,22.884063720703125,15.035399436950684,299.79544,165.68352,0.66069835,297.7705,163.36403,0.62218183,296.15973,165.00035,0.56199956,294.48996,163.93335,0.59749824,294.44046,162.38657,0.072641924,297.91904,166.58157,0.081004746,300.59943,162.59634,0.060946174,297.23303,162.06152,0.07833399,300.65466,160.03435,0.048738338,292.115,167.09851,0.058938697
24,7,824.1594543457031,257.01034927368164,18.83056640625,17.034825325012207,272.0154,155.65428,0.6597223,272.84042,157.02792,0.6610524,275.35333,155.62076,0.45232385,277.13013,156.8867,0.59892523,278.05087,155.0147,0.07106969,275.18393,159.31235,0.07942198,277.68073,156.93034,0.05385171,272.81332,153.77702,0.07192688,277.67642,151.30472,0.048541196,269.75568,158.46017,0.06113418
25,1,1152.933837890625,480.4618091583252,117.50711059570312,89.07206726074219,366.5318,291.4493,0.9051159,382.22092,310.2695,0.922637,375.7446,296.53217,0.02331572,399.63797,307.38168,0.29066077,410.0298,290.72266,0.00623984,394.4107,312.88974,0.002309128,382.08957,306.49124,0.0004993915,363.94858,295.0135,0.0027022837,380.93304,293.28656,0.00080317614,357.9438,299.8167,0.0010755648
25,2,924.6492919921875,412.32621574401855,58.654449462890625,55.80728530883789,299.1357,249.47176,0.82101625,304.06955,260.5127,0.82748044,307.4457,252.78027,0.14388978,317.8438,258.48322,0.51837915,322.94717,250.6724,0.02554159,311.0896,262.06503,0.030588986,308.54736,258.88034,0.008235257,295.92886,251.23177,0.021865822,308.85187,250.03642,0.010277639,296.11884,255.5909,0.018771691
25,3,852.169189453125,323.22651958465576,31.541290283203125,32.76823425292969,279.81625,195.23802,0.76008886,282.01367,200.29303,0.7915917,284.6479,195.3639,0.27567053,289.18588,199.68558,0.5451182,292.09,195.37398,0.033163566,285.51483,203.14223,0.021390418,282.96948,201.41954,0.014382025,280.55743,195.22128,0.023745412,288.6534,192.9573,0.01222695,275.0713,196.60353,0.014199467
25,4,938.3043823242188,298.9848518371582,26.023590087890625,20.13307285308838,315.83456,182.39598,0.6651249,315.17996,180.87543,0.6316726,311.2779,182.28474,0.53987116,310.53748,180.92175,0.6077117,308.62503,179.57082,0.07675907,313.9446,183.58768,0.09082196,315.81824,179.52466,0.07099612,311.95898,179.09802,0.083672084,315.24023,176.82166,0.056601558,308.70087,181.15535,0.0656849
25,6,890.6239013671875,273.5489101409912,23.160552978515625,15.007307052612305,300.21436,166.2627,0.6586604,298.16885,163.73718,0.61855435,296.47388,165.58054,0.5750959,294.72363,164.27876,0.600719,294.76392,162.74094,0.06923201,298.26648,167.02892,0.07270655,300.76846,162.89963,0.05624743,297.58206,162.43254,0.071793586,300.5957,160.68211,0.04374347,292.1269,167.64044,0.05325255
25,7,824.3909912109375,257.7435836791992,19.313507080078125,17.278876304626465,271.9212,155.90457,0.66291034,272.84598,157.42224,0.66726094,275.21683,155.9218,0.4482757,277.16217,157.26138,0.6019425,278.03867,155.37569,0.069846116,275.18747,159.668,0.07834817,277.5645,157.22176,0.053304866,272.57437,154.09421,0.071121536,277.5584,151.5511,0.047589827,269.71985,158.60489,0.05983264
26,1,1153.760009765625,480.15585708618164,117.76922607421875,89.49399375915527,365.9701,290.6423,0.88994026,381.39105,309.9183,0.90638757,376.62695,295.8816,0.028711518,399.51776,306.85196,0.30915275,411.1409,289.34317,0.0030793329,391.6665,311.60986,0.001715537,386.80362,309.5474,0.00030305545,363.82825,297.21933,0.0014587672,391.42163,294.15546,0.00038302442,361.06042,297.91907,0.00084014324
26,2,928.5916442871094,414.67660331726074,60.14190673828125,57.83415985107422,299.79556,250.88457,0.86464715,305.1485,262.29398,0.87625074,308.2981,253.02382,0.09672758,318.2932,260.2411,0.44577822,326.1425,250.25822,0.013452142,312.86218,265.7831,0.00810108,306.78253,263.4264,0.0025535526,298.85742,253.89194,0.007837109,313.4936,251.24323,0.0030267385,292.54208,255.00687,0.0043338286
26,3,853.3287048339844,324.9694061279297,30.1358642578125,32.06360721588135,280.02606,196.73416,0.72297376,282.01245,201.09274,0.7504512,285.2809,196.84348,0.31695536,288.89813,200.66527,0.58347887,290.62042,198.10687,0.056264557,285.71393,203.25351,0.058997266,285.21124,199.86424,0.03368615,278.97333,195.66273,0.0562031,285.66684,192.07915,0.03334945,276.9627,198.918,0.04063472
26,4,937.8900146484375,298.23472595214844,26.30328369140625,20.33136749267578,315.93015,182.0818,0.6661206,315.12717,180.49472,0.6288043,311.07126,182.0413,0.54167795,310.13675,180.59674,0.6046129,308.374,179.12086,0.07747012,313.87473,183.22437,0.09246508,315.78177,179.15366,0.07149286,311.97903,178.82036,0.08429557,315.27747,176.58357,0.057132464,308.50705,181.02539,0.067127496
26,6,890.7556457519531,273.08006858825684,23.56842041015625,15.016705513000488,300.03348,165.99231,0.65814793,298.23718,163.35576,0.61424744,296.21527,165.37746,0.5746795,294.39978,164.00403,0.6039183,294.4512,162.23909,0.0713071,298.32727,166.81735,0.07638341,300.80884,162.54018,0.05944363,297.51974,162.09709,0.07441223,300.45505,160.39748,0.04608992,292.05502,167.62448,0.056126498
26,7,824.7485046386719,258.3517541885376,19.724853515625,17.53165626525879,271.7213,156.37195,0.6649625,272.66742,157.84145,0.671851,274.9623,156.32565,0.446556,276.94843,157.6688,0.6015765,277.81845,155.8331,0.06899185,275.0595,160.09685,0.07629969,277.34842,157.74545,0.052698012,272.4392,154.55357,0.070752345,277.6125,151.9518,0.046513774,269.66306,158.95145,0.05775133
27,1,1154.868896484375,480.1310348510742,114.45016479492188,88.12774085998535,368.27917,290.52155,0.7669618,381.74826,311.3914,0.6364383,379.08557,291.479,0.19963965,401.26102,306.8946,0.31263387,403.01105,328.3403,0.028734786,392.80167,312.46167,0.009682764,385.6904,300.87732,0.004608776,370.20264,298.88168,0.0055281846,382.30304,293.83582,0.0067024752,380.14035,293.40912,0.0042143553
27,2,933.315673828125,417.64507484436035,62.116241455078125,60.70506763458252,301.79425,253.74236,0.8100149,307.85266,265.2336,0.8576748,309.56464,254.46062,0.08054215,320.29108,263.07712,0.316893,328.7405,255.20413,0.00810277,314.59204,268.3841,0.0013868595,307.6837,265.7332,0.00073606014,304.38922,255.21866,0.0025032822,316.1239,253.80603,0.00086480635,289.56854,255.48572,0.00079490617
27,3,854.892333984375,326.2109041213989,30.073883056640625,31.625638961791992,280.40292,197.18085,0.72346604,282.50247,201.8363,0.7513412,285.89127,197.51143,0.31786063,289.87305,201.21361,0.57893646,291.9597,198.55518,0.053253695,286.33246,203.9379,0.050879385,285.5474,200.60883,0.029633645,279.6421,196.27223,0.049050134,285.87848,192.92236,0.029272327,277.0171,199.50124,0.035692006
27,4,937.3497619628906,297.74737071990967,25.91986083984375,20.15241050720215,315.26312,181.91902,0.666422,314.4922,180.29453,0.6303724,310.79984,181.71634,0.5348158,310.0086,180.31451,0.5989417,308.30173,178.915,0.07814756,313.5291,183.14192,0.09563126,315.85233,179.19473,0.07158071,311.78357,178.74347,0.0868928,315.30627,176.27405,0.05813423,308.42053,181.4004,0.06845407
27,6,890.6818542480469,271.8423557281494,23.59515380859375,14.585509300231934,299.6432,165.23836,0.6582219,297.90826,162.54251,0.61109895,295.9588,164.69763,0.56766444,293.9526,163.31873,0.59816206,294.02777,161.2551,0.07595891,298.031,166.18037,0.08541078,300.8339,162.07161,0.065425985,297.7022,161.61848,0.08082746,300.68536,159.72252,0.051624298,292.10904,167.49545,0.06263887
27,7,824.9646606445312,258.48673152923584,19.916290283203125,17.56080436706543,271.65723,156.57184,0.664745,272.68832,157.94435,0.67172366,275.0434,156.50687,0.4468684,276.9515,157.8709,0.6029895,277.9598,156.01343,0.06854764,275.13968,160.23045,0.074130304,277.35538,157.91568,0.05192141,272.43054,154.67639,0.07016943,277.73376,152.05182,0.04590785,269.69562,159.02325,0.056176826
28,1,1155.3627319335938,479.6579189300537,113.66134643554688,87.55399703979492,368.4341,290.21786,0.7695027,382.07834,311.04367,0.6374867,379.18176,291.20212,0.19789213,401.45004,306.66217,0.31066638,403.1877,328.18994,0.02849859,392.86295,312.60382,0.00972488,385.97537,300.68057,0.0045975023,370.4179,298.7469,0.005573299,382.22974,293.5206,0.0067323223,379.9331,293.36487,0.0042247376
28,2,936.2589111328125,420.40392208099365,64.32449340820312,60.91175651550293,302.0008,255.06032,0.79808164,307.41525,266.9527,0.806726,310.56848,258.70102,0.14344092,321.6161,264.71524,0.49996084,326.327,258.54794,0.03008598,314.3083,267.9421,0.03220978,311.27408,262.90903,0.008694522,298.31265,256.1766,0.024026552,307.45847,255.35228,0.012680164,297.88284,262.01773,0.021520896
28,3,855.9774169921875,326.74762058258057,30.667510986328125,32.40630340576172,280.8277,197.28113,0.72417456,282.9275,202.30894,0.7575411,285.94073,197.49837,0.30595213,290.1126,201.70158,0.5727308,292.0246,198.95634,0.051635988,286.51343,204.36057,0.048465595,285.7138,200.75554,0.02845027,280.10748,196.46832,0.04595285,285.92178,193.26344,0.027597731,276.8995,199.86975,0.03385191
28,4,934.4214477539062,295.08104038238525,25.199249267578125,19.38518714904785,313.75272,178.85315,0.6417745,312.66013,176.83214,0.6117705,309.16583,178.90477,0.5894434,307.3578,176.57259,0.59399897,306.18677,175.8045,0.04220742,309.6746,180.05054,0.027769022,310.65118,173.62025,0.023994816,310.14102,174.23741,0.02918595,307.14175,174.3291,0.017193396,301.58688,177.60562,0.020900618
28,7,825.9904174804688,257.9671382904053,19.505035400390625,16.86606502532959,272.16443,156.15845,0.65773666,273.1646,157.49062,0.6593196,275.80075,156.0942,0.4518447,277.60446,157.45006,0.5894666,279.12473,155.16666,0.06614763,275.57193,159.7591,0.06717707,277.6891,157.68332,0.046848066,273.4803,154.26556,0.062740766,278.17435,152.25114,0.041230395,269.5984,158.97754,0.0528272
29,1,1156.1296691894531,478.0882987976074,113.59259033203125,86.99101638793945,368.54422,289.29166,0.7722154,382.18674,310.05023,0.637688,379.2463,290.26694,0.19554235,401.519,305.73898,0.30764845,403.04144,327.5927,0.028876143,393.21127,312.08002,0.0102153495,386.3055,299.7582,0.004841167,370.5843,297.92203,0.00582148,382.3223,292.4873,0.0070255175,379.61975,292.62518,0.0045047393
29,2,939.5320129394531,423.0820713043213,65.3419189453125,62.896119117736816,302.82336,257.41196,0.81444234,308.65277,269.6837,0.8293294,311.09857,260.67026,0.12004615,323.44037,267.13763,0.4744048,329.03467,260.96863,0.027218308,316.6206,270.9834,0.02389611,311.8192,265.19754,0.006343948,298.89597,258.3256,0.019756641,307.41956,256.92316,0.009912832,296.94492,264.2939,0.014782164
29,3,857.6742553710938,327.08037757873535,32.237457275390625,32.69384479522705,281.32162,197.6492,0.7232835,283.62244,202.74431,0.7571325,286.24527,197.89493,0.30699822,290.64337,202.08844,0.5694881,292.5009,199.2573,0.049894627,287.01715,204.82153,0.044249117,286.00583,201.01205,0.02634927,280.605,196.78555,0.041988768,285.8265,193.77368,0.025379408,276.84738,200.30046,0.03105795
29,4,933.1941833496094,293.37615966796875,24.45703125,18.622109413146973,314.22723,178.75877,0.64496,312.9534,176.56029,0.6165453,309.16592,178.52827,0.60785216,307.62473,176.43741,0.6038203,306.07028,175.75766,0.043533016,309.71704,179.71877,0.028943539,310.45422,173.5307,0.026348917,310.40912,174.21254,0.029430546,307.42358,174.12367,0.018017417,302.0122,177.14236,0.022354212
29,7,826.7450866699219,256.56481075286865,19.84405517578125,17.229154586791992,272.488,155.07497,0.6568013,273.52585,156.74437,0.6542531,276.09827,155.11166,0.44716796,277.88892,156.61317,0.58806956,279.47513,154.25458,0.06369121,275.66824,158.87038,0.068223655,278.12097,156.68759,0.045722283,273.57635,153.3509,0.060099036,278.22443,151.4386,0.04035699,269.58362,158.15977,0.05432776
30,1,1155.4996948242188,477.9444122314453,113.44601440429688,87.10539436340332,368.54358,289.2405,0.77347857,382.11838,310.02853,0.6386694,379.26044,290.2107,0.19450969,401.56662,305.72598,0.306505,403.00797,327.69534,0.028707784,393.28122,312.1227,0.010169019,386.34027,299.7083,0.004819024,370.55606,297.9301,0.005804106,382.37933,292.4737,0.0069949296,379.60297,292.5984,0.004494273
30,2,942.4493408203125,427.14612007141113,66.26614379882812,64.85125637054443,303.87994,258.89758,0.8671216,309.32877,271.58362,0.8622557,313.2661,262.81403,0.097038195,325.0868,269.30005,0.48575377,332.68,258.47955,0.016043857,318.2019,273.49115,0.018270772,314.5246,271.4723,0.003906749,299.84998,261.64236,0.013098229,318.80276,260.45938,0.005098297,300.49472,264.4136,0.010364879
30,3,858.7657470703125,327.65159797668457,33.227142333984375,33.11535930633545,281.70065,197.55452,0.72740436,284.05405,203.02705,0.7615139,286.55524,197.89236,0.29567608,291.29938,202.19667,0.5646819,293.19754,199.35358,0.04852807,287.5871,205.05774,0.04231186,286.2558,200.97061,0.024179997,280.68582,196.65427,0.039682657,285.5679,193.87537,0.023819989,276.6432,200.44928,0.029363714
30,4,931.169677734375,291.68518352508545,23.05938720703125,17.541955947875977,313.5329,177.4436,0.64582944,312.08853,175.24036,0.61110514,308.6347,177.19984,0.6135351,307.15234,175.13475,0.60607636,305.89316,174.5477,0.047829576,309.22882,178.15929,0.034946237,310.23782,172.70105,0.030921325,309.56653,173.26375,0.03424734,307.75668,172.6783,0.021767627,301.97836,175.79854,0.027469575
30,7,826.642822265625,255.49011611938477,19.072265625,17.45144748687744,272.8764,154.60117,0.64556694,273.94275,155.62463,0.6772603,275.4998,154.26273,0.45333958,277.8438,155.532,0.57609767,278.7588,154.9101,0.047713276,275.7142,158.17372,0.03308996,276.61334,155.36897,0.026324775,273.58908,152.3904,0.040435962,277.48303,149.80151,0.022518953,268.84055,155.12175,0.02401169
30,8,883.0947875976562,263.42795276641846,19.31890869140625,13.931556701660156,297.15155,158.91116,0.61812425,295.63898,157.31613,0.5884014,293.03635,159.13095,0.6229492,291.83624,157.5176,0.6098316,291.34128,156.42047,0.048358843,293.5492,159.85037,0.038168285,294.7861,155.05965,0.032743875,293.49234,155.14302,0.035827488,292.16864,155.32329,0.022800826,285.6783,158.80896,0.031239193
31,1,1155.322265625,477.78425216674805,113.27792358398438,86.99982261657715,368.60373,288.96613,0.7745988,382.0415,309.69208,0.6404949,379.48877,289.922,0.19378373,401.725,305.39737,0.30572706,402.90115,327.58536,0.028921613,393.28308,311.90094,0.010310636,386.43362,299.2595,0.0049334536,370.6737,297.71692,0.0058926437,382.59598,292.23166,0.0071442807,379.45016,292.30255,0.0046157595
31,2,946.322021484375,430.9107313156128,67.82913208007812,65.27882194519043,305.4651,262.1546,0.7972004,310.61627,274.74158,0.7969868,315.06665,266.1765,0.14526296,325.77533,271.9713,0.502623,329.95053,265.05695,0.026061466,317.4637,275.10522,0.034878455,316.90683,272.47845,0.008263653,302.59366,264.03995,0.024098672,316.21057,264.3919,0.011352998,304.22592,269.85483,0.023314787
31,3,859.606201171875,327.97099113464355,34.021820068359375,32.849472999572754,281.59177,197.26532,0.726033,284.24664,202.83731,0.7564951,286.6367,197.81573,0.29879358,291.71933,201.93108,0.5647489,293.8101,198.86438,0.046478048,287.79633,204.8221,0.0403833,286.4995,200.71878,0.022554757,280.4489,196.40215,0.03715898,285.38205,193.77126,0.022300752,276.4977,200.2116,0.028447127
31,4,929.0875854492188,290.44167709350586,22.439849853515625,17.41145896911621,312.89627,176.97693,0.6523036,311.44034,175.03905,0.61756974,308.10483,176.70523,0.60148436,306.95905,174.87727,0.6055174,305.69687,174.28929,0.050144702,308.76944,177.83388,0.038949974,309.905,172.77434,0.034047116,308.92554,173.10579,0.037358735,308.02585,172.26527,0.024425488,302.00574,175.18585,0.0305841
31,7,827.5426025390625,254.73476314544678,18.92486572265625,17.588613510131836,273.70685,154.10487,0.6467346,274.4796,155.12837,0.67691964,275.50873,153.67809,0.4596179,277.83435,154.9021,0.57717544,278.32526,154.39316,0.047581572,275.82532,157.64673,0.03482085,276.71835,154.5113,0.027218366,273.96082,151.79462,0.040308643,277.1162,149.5399,0.022613892,268.95554,154.80788,0.02525426
31,8,880.32421875,260.5154085159302,19.163177490234375,14.191057205200195,296.2227,157.27985,0.6453656,294.29102,155.98041,0.6059361,291.63187,157.36374,0.5894667,290.11954,155.88174,0.59754604,289.7612,155.02654,0.055212084,292.7825,158.12018,0.050911203,294.1362,154.18166,0.039468255,291.77228,153.78053,0.046679717,292.73154,153.10674,0.030051902,285.25842,156.74136,0.040026806
32,1,1155.7005615234375,477.69196701049805,113.69741821289062,87.09097480773926,368.46252,288.76544,0.77572685,382.0007,309.57596,0.641445,379.38333,289.67758,0.19285983,401.80203,305.25082,0.30379853,402.8971,327.7505,0.028689573,393.26135,311.9566,0.01030435,386.4612,299.05646,0.0049322015,370.60794,297.62878,0.005847926,382.4911,292.0248,0.0071241604,379.2693,292.25247,0.0046304194
32,2,951.0099792480469,436.1400604248047,71.83575439453125,66.86690425872803,305.62695,264.94556,0.8866807,312.29916,278.47464,0.8956268,315.52475,266.8318,0.06148321,327.37317,275.97372,0.36314526,339.1058,264.31155,0.004814713,321.19492,282.29733,0.0014275773,313.96814,281.20535,0.00044204944,305.19217,268.48553,0.0017991918,326.28226,265.832,0.0005477823,294.66415,267.18155,0.0007569946
32,3,861.236572265625,329.0270175933838,34.653076171875,33.39831733703613,282.0647,198.07504,0.7304179,284.866,203.8819,0.7599426,286.9217,198.64052,0.28851262,292.26657,202.86237,0.55552304,294.49545,199.60898,0.042020272,288.22403,205.96342,0.033837456,286.58398,201.61859,0.018720843,280.8883,197.21515,0.031398334,285.43903,194.91695,0.01858409,276.11453,200.9909,0.02362826
32,4,927.2548828125,288.373423576355,22.462554931640625,17.929584503173828,312.2179,175.71031,0.6537904,310.76953,173.69786,0.6161675,307.36118,175.4507,0.5958402,305.95074,173.55368,0.60097754,304.68704,172.737,0.054344133,308.29425,176.45088,0.047190074,309.91245,171.80006,0.039547544,308.15308,172.0442,0.043822944,308.30997,170.59402,0.02893717,301.73468,173.99396,0.036546987
32,7,828.3072509765625,254.3704376220703,19.01202392578125,17.69351577758789,273.65652,153.98303,0.6497637,274.48337,155.07756,0.68040615,275.71893,153.36415,0.45622146,278.24017,154.81088,0.57893,278.71823,154.32355,0.048520308,275.9547,157.59839,0.035938613,276.72733,154.5544,0.028063204,273.95285,151.685,0.04111004,277.24973,149.29822,0.023390327,269.06235,154.55945,0.026214164
32,8,878.5669555664062,258.44424533843994,18.7745361328125,13.70877456665039,295.9107,156.10687,0.64962375,293.4913,154.83408,0.6034961,291.33197,156.10632,0.5820453,289.5791,154.73398,0.5804025,289.54956,153.4935,0.05686821,292.25803,156.92493,0.05484485,293.96042,153.34816,0.04027545,291.86557,152.64278,0.048826754,293.2635,152.36684,0.030902136,284.90402,156.47849,0.04359587
32,11,806.0995788574219,205.87742042541504,13.10760498046875,10.41113805770874,270.25143,124.68421,0.64350575,268.74234,124.47624,0.6233487,267.61758,124.38052,0.5367677,267.09134,124.38926,0.5821836,267.0713,122.94943,0.05930197,268.12515,126.63753,0.057967212,269.5723,123.05844,0.041781448,267.83728,121.72595,0.049570374,268.97525,121.15255,0.03229705,260.6834,125.64228,0.0459057
33,1,1155.7012939453125,478.43385314941406,113.51614379882812,87.60631942749023,368.48724,289.19977,0.7742162,382.09778,309.9849,0.64103466,379.45404,290.1147,0.19343816,401.77072,305.68304,0.30424386,402.86084,328.01514,0.02848979,392.98703,312.28696,0.010052141,386.39005,299.5054,0.004770581,370.71094,298.08096,0.0057378123,382.4393,292.42603,0.0069485116,379.3994,292.67834,0.0044628535
33,2,954.9169921875,441.5548610687256,74.6649169921875,69.94743633270264,306.51273,267.43256,0.87617344,314.00305,282.4878,0.895051,315.8206,269.39447,0.047192957,329.04987,279.5961,0.3091768,341.09528,268.27597,0.0044568134,322.83774,285.50433,0.0008999968,314.94553,283.6877,0.00034098316,307.03018,270.92157,0.0013461506,326.7179,268.88126,0.00043040255,293.8223,269.65497,0.00049501756
33,3,862.63037109375,331.5669708251953,34.563262939453125,33.18593788146973,282.33655,199.56096,0.73662895,285.3457,205.63002,0.7651036,287.26312,200.09015,0.26973948,292.90067,204.54982,0.53903717,295.45474,200.969,0.037043963,288.6443,207.95406,0.026184648,286.54636,203.38875,0.0145525,281.34268,198.74188,0.025413752,285.82343,196.61874,0.014744787,275.50473,202.19287,0.018062104
33,4,925.4393005371094,287.516206741333,22.855224609375,18.588995933532715,311.57358,175.33414,0.6582749,310.25327,173.42249,0.6201933,306.7178,175.0889,0.5820844,305.3043,173.29572,0.6021841,303.86816,172.38075,0.058150474,307.9711,176.13779,0.054113023,309.67474,171.5983,0.044756323,307.36884,171.7014,0.050275415,308.24924,170.02153,0.033481747,301.6212,173.56297,0.041084923
33,7,829.3298950195312,254.7700138092041,18.694976806640625,17.784204483032227,274.26114,154.11754,0.63885456,274.89105,155.12927,0.6676461,276.0408,153.37268,0.4595752,278.3957,154.81235,0.56879187,278.8136,154.47256,0.04701325,275.9907,157.64502,0.033772208,276.95135,154.33429,0.026473995,274.53006,151.6547,0.03866866,277.20462,149.57541,0.022129111,268.8809,154.59279,0.02494901
33,8,877.1998901367188,257.9414405822754,19.114654541015625,13.832911491394043,295.5853,156.10574,0.6543396,293.1219,154.73917,0.6045156,290.9102,156.06099,0.57872355,289.06876,154.6252,0.5801349,289.23096,153.45872,0.056626238,292.0329,156.84402,0.055198256,293.779,153.30522,0.039951973,291.40268,152.499,0.04988379,293.29892,152.23914,0.031119222,284.68988,156.43404,0.043535218
33,11,805.7252197265625,205.93914127349854,13.18560791015625,10.437144756317139,270.2836,124.64612,0.64549047,268.67648,124.401,0.62469506,267.47113,124.28281,0.5364868,267.00696,124.323,0.5830731,266.95844,122.97417,0.06068647,268.1557,126.554184,0.059814762,269.4891,122.941826,0.042942066,267.6901,121.612206,0.05133647,268.89474,121.03562,0.033548232,260.63797,125.56983,0.047163133
34,1,1156.60986328125,477.9011535644531,114.0205078125,87.6203784942627,368.59964,288.91757,0.77636737,382.12518,309.62164,0.64315146,379.73615,289.8025,0.19281115,402.22363,305.24496,0.30430576,403.1127,327.84467,0.028673174,393.2775,312.01923,0.010181377,386.65656,299.00238,0.004863499,370.83798,297.81473,0.0058087274,382.87946,292.157,0.007120936,379.20862,292.23315,0.004574503
34,2,958.2683715820312,445.0848197937012,76.59805297851562,72.30951404571533,308.07126,269.8279,0.82068586,314.2731,284.6083,0.83811915,317.0092,273.6683,0.09207887,331.2985,282.2316,0.44883227,335.79495,274.58582,0.019916782,322.17688,285.22845,0.022202794,318.54074,279.7975,0.0044972207,303.84427,271.1567,0.016183296,315.14743,272.35254,0.0069146417,303.97318,278.97183,0.013996893
34,3,863.9923095703125,332.5337505340576,35.08209228515625,33.64841938018799,282.56027,200.79387,0.743601,284.6793,206.07329,0.7627751,288.6788,201.26534,0.29210854,293.24344,205.04057,0.5679328,297.00732,200.59229,0.026299242,288.4538,208.32526,0.024571748,290.1701,207.67111,0.012489371,282.12384,201.24774,0.02228349,296.1209,198.23154,0.010519954,280.03354,201.97255,0.016416263
34,4,925.2212219238281,286.5344409942627,22.387939453125,18.82382869720459,311.34686,175.22658,0.6540098,310.1672,173.16519,0.61809397,306.8135,174.85612,0.58639467,305.43204,173.0678,0.5988323,304.07596,172.1328,0.05776106,308.0074,176.0226,0.053223938,309.94656,171.43178,0.043458015,307.48453,171.5388,0.04947412,308.30334,169.57921,0.032535646,301.5297,173.71033,0.040517237
34,7,830.2128295898438,254.5720796585083,18.558746337890625,17.698768615722656,274.16696,154.07294,0.64106375,274.92517,155.17714,0.66933846,276.3455,153.36774,0.4545345,278.6373,154.88388,0.5681089,279.3109,154.36282,0.04646537,276.194,157.73434,0.032850187,277.04312,154.4103,0.025602695,274.56766,151.59428,0.03797727,277.3786,149.49411,0.021552444,268.84125,154.5602,0.024400197
34,8,876.1265258789062,257.70032501220703,18.947113037109375,13.411654472351074,294.9519,156.04892,0.64915055,292.61398,154.60558,0.60000366,290.6916,156.03969,0.57948893,288.96054,154.5512,0.5807918,288.95053,153.25029,0.059218656,291.61707,156.85365,0.059348196,293.77188,153.36937,0.042857185,291.33392,152.59435,0.05305503,293.15332,152.25,0.033559844,284.77283,156.8943,0.04658838
34,11,805.3328247070312,205.4083342552185,13.275421142578125,10.571388244628906,270.07144,124.45897,0.646056,268.5381,124.10699,0.6226706,267.31235,124.12069,0.53993434,266.8624,124.05861,0.58401287,266.9024,122.60183,0.06065882,268.06082,126.31517,0.06062135,269.52948,122.831505,0.043659545,267.6379,121.484245,0.051771857,269.0203,120.850784,0.03395212,260.6764,125.56518,0.047895703
35,1,1158.5123291015625,476.06446266174316,115.67486572265625,88.541015625,368.77625,287.9218,0.7812264,382.284,308.65024,0.6451273,380.1426,288.62042,0.18698417,402.84027,304.2993,0.29743868,402.9745,327.62378,0.028482415,393.87332,311.68057,0.010449621,387.23676,297.94086,0.004961692,371.1809,297.1342,0.0058952672,383.34955,290.9529,0.007219594,378.66046,291.3001,0.004740176
35,2,962.9996337890625,448.44998359680176,77.78860473632812,74.47198390960693,308.84244,273.26367,0.84675807,316.18744,288.0155,0.8588644,317.59787,277.14282,0.074825846,333.69678,285.23172,0.42077866,340.16,276.86615,0.018016247,325.74048,289.1221,0.014581359,319.27612,283.15704,0.0030419482,304.11896,274.39865,0.012288314,315.41333,274.4264,0.0052021625,302.64117,281.32745,0.008528652
35,3,865.4798583984375,333.28253746032715,35.326629638671875,33.43248653411865,282.84378,201.52014,0.7233045,285.42587,206.4288,0.7149616,289.80737,202.46443,0.30911303,293.68396,205.58278,0.57765007,296.39658,201.75543,0.04856658,289.68655,208.29039,0.06416917,292.6072,206.46674,0.02773178,281.9862,200.77693,0.05272968,294.0836,197.97609,0.030177902,282.4489,204.78265,0.046151765
35,4,925.2932739257812,285.0308418273926,20.69146728515625,17.911946296691895,311.16614,174.13649,0.64808285,309.91537,172.11752,0.61108315,307.06232,173.7594,0.5919147,305.5764,171.93967,0.58998054,304.50684,170.81067,0.05749343,307.8789,174.9437,0.055188257,310.28888,170.7453,0.042436447,307.8225,170.77237,0.04861918,308.59247,168.6445,0.031881474,301.2983,173.39557,0.0423984
35,7,830.7240600585938,253.74931526184082,18.607818603515625,17.2379093170166,273.9524,153.78252,0.64449286,275.091,154.9885,0.6686056,276.89398,153.12302,0.44407293,279.0546,154.84526,0.5653494,280.26086,153.56024,0.047877613,276.55237,157.58633,0.033409037,277.1932,154.44472,0.026419394,274.74503,151.4025,0.038749516,277.8608,149.34924,0.022436624,268.86993,154.13882,0.025399284
36,1,1159.4272155761719,475.4323196411133,116.89801025390625,88.8250036239624,369.09073,288.20215,0.7818468,382.57736,308.61624,0.64499176,380.7497,288.96683,0.18793789,403.39777,304.2398,0.29976085,403.48837,327.50845,0.02852945,394.12845,311.69485,0.0103038745,387.6003,298.06766,0.0048568896,371.59647,297.3631,0.0059185466,384.0433,291.1422,0.0072460705,378.65176,291.33133,0.004660179
36,2,967.38134765625,452.4817428588867,80.32754516601562,77.01270961761475,309.41885,275.32828,0.85343146,317.13684,291.3346,0.8732801,317.86823,279.28952,0.056609046,335.03293,287.87408,0.38259155,342.45944,280.05765,0.01884572,327.8605,292.23398,0.012067813,319.83505,285.65326,0.002684221,304.7812,276.85803,0.011512848,315.64185,275.98865,0.004998242,301.71954,283.2421,0.0067570633
36,3,866.7476806640625,334.02746200561523,35.977386474609375,33.262850761413574,283.6825,201.85803,0.723448,286.06647,207.09,0.7281301,290.2551,202.77821,0.30701986,294.18314,206.29074,0.5817591,296.68558,202.6339,0.04830431,290.1871,208.78229,0.063214846,292.57602,206.71179,0.028192945,282.37534,201.31529,0.051980823,293.95834,198.21077,0.029497074,282.66925,204.75403,0.04504589
36,4,922.456787109375,282.3076057434082,21.304046630859375,18.042314529418945,310.23206,171.81691,0.6606193,309.16718,169.69528,0.63835245,305.96664,171.5961,0.5595647,304.09738,169.45383,0.61213887,302.09695,169.38676,0.054099746,307.37097,172.84511,0.040753614,308.55273,167.91138,0.038161572,306.72684,167.61615,0.04699723,307.57986,165.73473,0.028145239,301.7,169.12305,0.028650526
36,7,830.3622436523438,252.28650283813477,19.120880126953125,18.010591506958008,273.6931,152.88441,0.6619287,274.7148,154.4184,0.68592596,276.2064,152.51768,0.43346173,278.19107,154.19124,0.57645273,279.2913,152.80809,0.046339568,276.1302,156.9611,0.03598931,277.24866,153.84978,0.027095782,274.11542,150.83028,0.039398506,277.89062,148.64526,0.02253826,269.03137,153.9269,0.02632569
36,8,874.4078979492188,254.06955814361572,20.574920654296875,15.085224151611328,294.32993,154.42252,0.6422004,292.5315,152.4403,0.6259136,290.384,154.18094,0.5825382,289.2854,152.21423,0.6130699,287.5868,152.75542,0.05206774,291.10422,155.49367,0.042342454,293.02417,150.58301,0.03479495,290.92236,150.3693,0.045711584,291.3379,149.18669,0.026929231,285.23712,153.76495,0.029393617
37,1,1159.959228515625,474.81753158569336,117.29049682617188,88.98879432678223,369.2179,287.8448,0.7829718,382.64453,308.14697,0.6471585,381.18307,288.59195,0.18714935,403.80493,303.76303,0.2993119,403.56436,327.32852,0.028950525,394.14636,311.40842,0.010513122,387.8741,297.3895,0.0049902564,371.85464,297.05795,0.0060480037,384.42337,290.83618,0.0075061214,378.3518,290.93304,0.004817885
37,2,972.9825439453125,456.6255626678467,83.928955078125,79.51805591583252,311.12122,277.07104,0.8402301,318.59753,294.75006,0.8804735,318.23468,281.04858,0.04501123,335.58994,290.73337,0.3461807,342.47876,283.76434,0.020060936,328.66467,294.84045,0.0109507525,320.48044,287.21225,0.0028305193,307.7487,279.00238,0.011042867,315.46793,278.74527,0.0051092673,301.5039,286.17255,0.0059318957
37,3,868.1244506835938,334.2706890106201,36.263763427734375,33.34051036834717,284.34903,201.3784,0.7218885,286.7038,207.1245,0.73515844,290.34106,202.39049,0.2988716,294.41498,206.34834,0.58065933,296.49283,202.68732,0.050454147,290.54602,208.60294,0.06784771,292.5896,206.23721,0.030930934,282.9235,201.05756,0.054257493,293.6306,198.18849,0.031352296,282.98044,204.60194,0.048558872
37,4,921.3394775390625,279.3489189147949,22.13616943359375,18.611294746398926,309.90964,170.38786,0.6678082,309.23868,168.05284,0.63569605,305.7037,169.93942,0.5587023,304.12186,168.02657,0.6172573,302.03363,167.5643,0.06115067,307.4026,171.14944,0.052266642,308.62567,166.50763,0.048906937,306.0941,166.16208,0.058252055,307.91437,163.97533,0.037374593,302.10956,167.25261,0.03734335
37,7,830.3959350585938,250.44623279571533,19.517669677734375,19.245471954345703,273.75827,152.66791,0.6561071,274.9393,153.93924,0.67245156,276.3269,152.17696,0.4371642,278.19525,153.72484,0.5656912,279.4881,152.07104,0.04612641,276.14053,156.61124,0.035066903,277.60822,153.5825,0.02676645,274.51788,150.574,0.038043067,278.2736,148.44919,0.02232672,268.87613,153.80196,0.026200352
37,8,873.1738586425781,252.37188720703125,21.64764404296875,15.542401313781738,294.31558,153.58624,0.65063965,292.3313,151.41437,0.62676007,289.91705,153.2624,0.5828792,288.8237,151.41948,0.61518574,287.3777,151.8816,0.05601308,291.19684,154.38043,0.04792415,292.71024,149.79451,0.039750934,290.33575,149.48491,0.052250937,291.6636,148.20938,0.031420153,285.3015,152.69327,0.03349448
38,1,1160.3987731933594,474.2341060638428,117.24371337890625,88.78120422363281,369.23672,286.8803,0.78632665,382.50592,307.5884,0.65040445,381.1087,287.51764,0.18395323,403.80707,303.2088,0.29496443,403.35046,327.237,0.028893523,394.28232,310.9921,0.010837029,388.03903,296.49927,0.0052053365,371.80728,296.3089,0.00616118,384.33823,290.0425,0.00769871,378.0723,290.2554,0.0050622937
38,2,977.9111938476562,460.6504211425781,85.370361328125,82.71639060974121,313.22964,280.25595,0.88762987,321.61502,297.65515,0.9064686,322.60046,283.58676,0.035443865,337.30078,294.3575,0.30573282,349.50632,281.82455,0.0044300854,330.84128,300.1098,0.0011827501,323.92096,297.49512,0.00035640562,313.1462,285.22653,0.0014545496,333.40186,282.95197,0.000486879,301.3569,285.09476,0.00060365186
38,3,869.8251342773438,334.7442684173584,36.713104248046875,33.518282890319824,284.9089,201.29659,0.72333544,287.17715,207.3547,0.74093,290.9047,202.30289,0.2894401,295.17926,206.56737,0.57726514,297.25128,202.84998,0.05022403,291.0902,208.76804,0.066625744,292.83575,206.20499,0.030365536,283.40717,201.04848,0.052849073,293.6464,198.2742,0.030715434,283.13312,204.76468,0.04743964
38,4,920.7057495117188,276.807240486145,22.042327880859375,18.49163818359375,309.5984,169.32695,0.66788626,308.92685,167.16823,0.63631904,305.5676,168.81635,0.5535308,304.16232,167.05551,0.612111,302.21875,166.57986,0.061643388,307.29013,170.22511,0.056651518,309.00592,165.52457,0.049013194,305.78882,165.2422,0.060272265,307.83536,162.79692,0.03845027,301.7695,166.9213,0.040035535
38,7,830.231689453125,248.62674236297607,19.603546142578125,20.4045467376709,273.44135,151.81989,0.66390085,274.89392,153.21312,0.67620623,276.59488,151.15897,0.42748716,278.604,153.0496,0.56745946,280.19513,151.05374,0.05089358,276.5647,155.81279,0.039923433,277.80267,153.08163,0.030129883,274.13675,149.79002,0.042300027,278.64554,147.18756,0.025975531,268.8619,152.72836,0.030306906
38,8,872.2840576171875,250.98405647277832,21.043487548828125,14.43698787689209,293.35104,151.64417,0.65309864,291.43463,150.1559,0.62527055,289.72476,151.62195,0.5539413,288.60883,150.2034,0.605516,287.9082,150.3518,0.056914672,290.54413,152.9515,0.055053256,293.01978,148.63835,0.0407623,289.9346,148.31245,0.055320684,292.0266,146.66452,0.034702137,284.9893,151.80417,0.03844
38,11,804.8191223144531,197.6245036125183,12.90069580078125,9.794380187988281,269.76498,118.869965,0.6250684,268.92938,118.21558,0.5997739,267.02524,118.9681,0.54263484,266.5356,118.424965,0.60095817,266.16656,117.579216,0.05780321,267.73438,120.71921,0.052176416,269.6582,116.14452,0.04166837,267.4678,115.511604,0.048941873,267.94196,115.1345,0.033514947,260.8307,119.51644,0.040368006
39,1,1159.5477905273438,474.72823333740234,117.38433837890625,88.90433692932129,369.0564,286.8575,0.7864787,382.33887,307.69125,0.64947987,380.9854,287.47537,0.1832078,403.65323,303.31714,0.2934674,403.25436,327.46814,0.028632147,394.28955,311.02124,0.010729245,387.89664,296.65192,0.005159072,371.6553,296.33704,0.006082744,384.21802,289.972,0.0075636134,378.03555,290.34235,0.005019835
39,2,982.0162353515625,467.25864601135254,90.13421630859375,85.26991367340088,313.72247,283.25674,0.89862645,322.52142,302.0545,0.9043157,325.12466,288.71103,0.036936425,340.27075,298.1617,0.34990054,353.83923,282.484,0.002448526,331.79538,303.65936,0.0013899521,329.4952,303.69598,0.0002404195,311.69495,290.43332,0.0010835066,340.76273,288.59637,0.00028507266,305.64874,289.1074,0.0006795051
39,3,870.3605346679688,336.67690086364746,37.393341064453125,33.926716804504395,284.93314,202.53836,0.7346132,287.31702,208.4692,0.75357276,291.25107,203.40247,0.2852738,295.8703,207.73785,0.5801183,298.4018,203.65178,0.047565594,291.58496,210.06918,0.05918538,292.56363,207.67177,0.027809644,283.4194,202.35025,0.048404343,293.99765,199.337,0.027467627,283.04282,205.56984,0.041563883
39,4,918.9303588867188,274.25420665740967,21.786529541015625,18.521095275878906,308.57364,166.95003,0.66197675,308.12656,164.94185,0.62526137,304.74493,166.51605,0.5481764,303.36456,164.98961,0.6078246,301.518,163.87059,0.07088304,306.68262,167.90039,0.07767062,309.1529,163.42679,0.06295899,304.89685,163.20897,0.07557513,307.82495,160.33684,0.05063528,301.3378,165.32571,0.05588154
39,7,829.8455200195312,248.6371192932129,19.854217529296875,20.289679527282715,273.48547,151.69147,0.66761214,274.99698,153.0947,0.67520183,276.7265,150.9554,0.42214033,278.78696,152.82764,0.5637066,280.42935,150.72935,0.05144522,276.73953,155.73495,0.04061672,277.8804,152.94955,0.029784827,273.97446,149.5679,0.04261716,278.59653,146.95682,0.02630831,268.63638,152.4801,0.030745432
39,8,871.0277709960938,249.4185562133789,21.387176513671875,14.631265640258789,292.96643,150.26744,0.6608626,290.96896,148.76907,0.6194113,289.21756,150.19984,0.54403806,287.98798,148.85489,0.5999847,287.64603,148.65627,0.06072046,290.31732,151.61508,0.064359106,293.17853,147.36395,0.045132056,289.4133,147.01479,0.061897386,292.2739,145.29625,0.040154,284.56738,151.08754,0.044891052
39,11,804.3466186523438,196.76849699020386,12.985198974609375,9.686285018920898,269.71017,118.33408,0.6288178,268.8602,117.75168,0.60450906,266.91132,118.39914,0.54277486,266.46713,117.97693,0.6035761,266.11725,117.05925,0.059332278,267.78558,120.17444,0.055237558,269.65335,115.76442,0.04370997,267.3528,115.02504,0.05077284,268.07086,114.55095,0.03499242,260.87378,119.05886,0.042888716
40,1,1158.7348937988281,475.39318084716797,117.23931884765625,89.22259712219238,369.24454,287.59924,0.77054644,383.8082,308.93042,0.6789416,378.89835,289.13318,0.1873214,402.3921,303.7533,0.30815932,396.6534,329.03214,0.028485714,381.1289,315.693,0.0105073,387.31845,291.49234,0.0031549628,374.77606,296.32693,0.006340793,381.69955,293.5826,0.009327899,362.21976,289.36014,0.0037624245
40,2,986.7952880859375,473.86094856262207,91.87930297851562,88.600341796875,315.3283,286.03064,0.9150238,324.04138,306.7351,0.9213505,325.98282,291.87543,0.024979547,342.34778,303.233,0.3536007,355.26138,286.47455,0.0043082503,334.84125,307.83517,0.0035080996,330.29993,305.56134,0.0005368873,311.41315,293.05554,0.0023904913,338.45248,291.4101,0.00071469246,307.83923,293.56412,0.001689836
40,3,871.9260864257812,339.170711517334,38.17620849609375,34.604461669921875,285.58926,204.07104,0.74954593,288.13162,210.0907,0.7728543,291.37717,204.5,0.27204,296.7836,209.34193,0.57347584,299.46628,204.76239,0.04309764,292.40622,211.93446,0.04939679,292.18378,209.5298,0.024199924,284.11642,203.9981,0.040589333,294.2841,201.14488,0.02245958,282.7372,206.81172,0.03408582
40,4,916.8396606445312,273.2878646850586,22.074188232421875,20.261149406433105,307.9774,167.73079,0.6670348,307.7905,165.65633,0.63535774,304.11874,167.16394,0.53725326,302.82513,165.75493,0.6096286,300.66815,164.49063,0.06951179,306.31992,168.80252,0.07665315,308.7559,164.26929,0.063604176,304.3413,163.91295,0.07701976,307.7475,160.96408,0.04995829,301.3059,165.84991,0.053704668
40,7,830.736328125,249.32539558410645,19.42584228515625,19.571070671081543,274.17978,152.5333,0.65996504,275.85873,153.82948,0.6653062,277.34274,151.52519,0.4149698,279.3534,153.6217,0.547496,281.00363,151.21965,0.04750639,277.11697,156.66246,0.03474997,278.11957,153.4031,0.025541628,274.58658,150.15443,0.03723064,278.5621,147.82567,0.022754189,268.1056,152.8356,0.026409611
40,8,871.2902526855469,248.199125289917,21.4969482421875,14.489670753479004,293.17282,149.5132,0.66482085,291.0456,147.85983,0.61242765,289.5646,149.16512,0.5509373,288.31638,147.92674,0.59224886,288.6608,147.5042,0.059278477,290.6049,150.63066,0.062247008,293.40466,146.56253,0.043110542,289.55063,146.07,0.05913978,292.8174,144.5596,0.0380682,284.3364,150.51027,0.045165244
40,11,803.8897705078125,196.31898021697998,13.214080810546875,9.86149549484253,269.55103,118.2318,0.6321791,268.6822,117.62036,0.6100374,266.7138,118.224174,0.5424473,266.30716,117.88534,0.6062511,265.91824,116.97765,0.060511418,267.75677,120.05852,0.057312652,269.55353,115.75658,0.04527836,267.16202,114.94656,0.052750796,268.11475,114.30546,0.036185116,260.9273,118.95777,0.044188883
41,1,1159.3427124023438,475.2864761352539,117.52194213867188,89.08355140686035,368.7568,287.06256,0.7870009,382.22745,308.0918,0.6472963,380.96652,287.7552,0.18118326,403.77817,303.6335,0.2915306,403.44717,327.90787,0.028141601,394.42453,311.23358,0.01037354,387.73322,297.03305,0.004953734,371.40067,296.66595,0.0058435523,384.215,290.10538,0.007239303,377.90768,290.46786,0.0047998
41,2,992.9768371582031,481.4911079406738,94.38153076171875,89.46855354309082,316.32318,292.30185,0.83212024,326.17667,312.0766,0.8534368,328.55743,299.23895,0.04795708,344.45245,307.14154,0.3218848,356.25592,293.81586,0.00148806,332.02896,312.0055,0.00086157484,338.071,314.24524,0.00014024001,316.89053,301.91232,0.0005883547,347.9382,299.9421,0.00015938522,311.18387,299.94937,0.0004307644
41,3,874.4141235351562,340.87855339050293,38.73358154296875,34.6259880065918,285.89142,204.97562,0.7588409,288.7274,211.02647,0.78138113,291.67398,205.3325,0.26660055,297.63303,210.26923,0.56777227,300.63083,205.29558,0.039890792,293.11536,213.07422,0.042150512,292.08502,210.75117,0.021129131,284.55746,205.01352,0.03529719,294.56546,202.20819,0.019224979,282.6348,207.51892,0.029127998
41,4,915.8766174316406,272.432373046875,22.4512939453125,20.89998722076416,307.90436,167.32332,0.66556025,307.5653,165.24153,0.6323827,303.89426,166.86635,0.5404961,302.5017,165.33136,0.60952777,300.3625,163.96687,0.072701424,306.2023,168.39653,0.08250754,308.72308,163.87334,0.067654245,304.34064,163.5789,0.08136825,307.63455,160.66914,0.05331178,301.19202,165.79492,0.05788413
41,7,831.4765319824219,249.81612396240234,19.414306640625,18.99817657470703,274.31055,152.735,0.6586174,276.08582,154.03662,0.66399455,277.52576,151.72913,0.41485643,279.5858,153.81956,0.5460376,281.24002,151.43645,0.04625395,277.26688,156.90875,0.033147372,278.21304,153.55832,0.024259167,274.68677,150.33719,0.035721865,278.50272,148.01422,0.021748379,268.03714,152.98087,0.025136685
41,8,871.6946411132812,247.45427799224854,21.8477783203125,14.56483268737793,293.1908,149.32358,0.66525716,291.01117,147.78357,0.6145611,289.60556,148.9548,0.5504124,288.41718,147.82153,0.5933512,288.7828,147.41603,0.060284678,290.6906,150.45044,0.063736044,293.37952,146.41727,0.044279538,289.49652,145.84442,0.060438957,292.8607,144.35751,0.03892635,284.34625,150.30693,0.046544313
41,11,803.3331298828125,195.96307468414307,13.321929931640625,9.994091033935547,269.32666,118.10386,0.634786,268.47363,117.51856,0.6137218,266.48654,118.08623,0.53943264,266.1189,117.773186,0.6074828,265.6759,116.88684,0.061753992,267.6527,119.94886,0.059746817,269.48016,115.69326,0.046768785,266.93365,114.838615,0.054797534,268.07535,114.07536,0.037563935,260.91696,118.88939,0.0457211
42,1,1159.219482421875,475.5446891784668,117.384521484375,89.10752391815186,368.67545,287.29642,0.78564614,382.38297,308.3095,0.6460752,380.66513,288.1023,0.18133128,403.43402,304.0168,0.29136062,403.40213,327.82468,0.02799778,394.0608,311.49408,0.010252128,387.56238,297.41913,0.0048583834,371.3001,296.9039,0.0057367077,383.64865,290.3976,0.007072673,378.04453,290.8324,0.0046541886
42,2,998.1419677734375,489.60149002075195,98.03128051757812,93.56587028503418,318.17355,296.52774,0.88008505,327.5943,318.16678,0.89194405,330.37057,302.93127,0.030027999,346.96472,313.49808,0.32837588,360.09348,298.42502,0.0019086829,335.95837,318.05002,0.0013833722,338.25803,318.34528,0.00019047216,315.87067,305.27527,0.0008886013,347.9432,303.4843,0.00024221459,311.50848,304.15088,0.00067660684
42,3,875.7811889648438,343.59612464904785,38.455902099609375,34.54310131072998,286.00198,206.20657,0.77287805,289.08542,212.80035,0.7952029,291.95587,206.65833,0.23926762,298.2749,211.94312,0.5529125,301.76855,206.58926,0.035695635,293.6585,215.09334,0.033980127,291.99686,212.65775,0.016727047,284.81326,206.63153,0.029301867,295.03265,203.66476,0.015733011,282.05396,208.72925,0.022756934
42,4,914.6580505371094,272.2921943664551,23.1046142578125,20.603047370910645,307.60477,167.06816,0.66931784,307.06134,164.90776,0.63024515,303.42648,166.58997,0.5368923,301.90833,164.93105,0.6042995,299.9269,163.51547,0.07346535,305.75778,168.095,0.086424984,308.52893,163.7294,0.06897015,304.03244,163.45891,0.083847776,307.7106,160.45384,0.055072013,300.9251,165.67358,0.060277477
42,7,832.0187072753906,250.5999298095703,19.85540771484375,18.411377906799316,274.4813,152.9668,0.65561587,276.34058,154.23518,0.6600614,277.87653,151.98409,0.41557264,279.92163,154.02174,0.5421611,281.71335,151.5841,0.04483763,277.47913,157.15686,0.031051937,278.30923,153.76138,0.022754798,274.94376,150.54169,0.03399518,278.52905,148.30855,0.020540003,268.00864,153.11401,0.023662047
42,8,872.0542602539062,247.46908378601074,21.931182861328125,14.683201789855957,293.2471,149.4058,0.6634132,291.01782,147.94951,0.61461765,289.79276,149.08214,0.5536819,288.53198,147.98688,0.5938138,289.0425,147.53207,0.058216136,290.6366,150.52068,0.06044789,293.3415,146.59572,0.042262122,289.60367,145.99101,0.057196442,293.01205,144.5497,0.036508705,284.32446,150.22134,0.044695795
42,11,802.8447875976562,196.1588716506958,13.378875732421875,10.006708145141602,269.2089,118.255684,0.6352408,268.3755,117.66001,0.6141822,266.36023,118.23798,0.5380487,266.00684,117.90593,0.6077856,265.53632,117.0392,0.061959613,267.56757,120.113976,0.059920143,269.40714,115.834724,0.046952784,266.81082,114.98799,0.055224124,268.00635,114.20281,0.03780837,260.87277,119.007126,0.04566551
43,1,1159.9635314941406,474.95153045654297,117.5518798828125,89.24216651916504,368.72736,287.2044,0.7875415,382.4102,308.36642,0.64872605,380.91815,287.9733,0.17854811,403.9121,304.02664,0.28811327,403.47543,328.23453,0.02763056,394.19025,311.54456,0.010052967,387.7661,297.1543,0.0047528897,371.40747,297.01746,0.005585781,384.0031,290.35114,0.006945337,377.82242,290.67676,0.0045703445
43,2,1005.3071594238281,497.22011375427246,102.4376220703125,96.99211120605469,320.11536,300.7126,0.90055966,330.09006,323.7851,0.91321504,331.33313,307.16956,0.020346258,349.41513,319.94333,0.32290414,361.86545,303.21643,0.0031148947,339.59644,323.70508,0.0028049026,338.83484,321.6514,0.00037376105,316.67517,309.18088,0.0016773647,346.20346,307.7049,0.0005119975,313.71466,309.79532,0.0013660307
43,3,877.7500305175781,345.0666103363037,39.40264892578125,35.65103816986084,286.65814,207.94211,0.71590394,289.41492,214.66394,0.7247746,293.57315,209.57838,0.28267038,299.0708,213.50644,0.5579052,301.28445,209.92482,0.056151185,293.7204,215.84834,0.06718133,294.5121,212.6462,0.029542912,285.0708,207.81517,0.05241567,292.78952,205.4904,0.03392942,284.30005,212.25446,0.05035783
43,4,913.9002685546875,271.38221740722656,24.097503662109375,21.059683799743652,307.35837,167.0379,0.66814536,306.8952,164.83087,0.63377434,303.25128,166.46907,0.53781456,301.87686,164.9349,0.60297704,299.95804,163.49527,0.07318791,305.75705,168.10965,0.08544109,308.49136,163.7334,0.06768622,304.06293,163.3785,0.08301708,307.69537,160.39516,0.05334882,300.76587,166.10295,0.059441138
43,7,832.4104614257812,250.32724571228027,20.155975341796875,18.666269302368164,274.1572,152.98817,0.6639796,276.23306,154.44672,0.6711744,277.88028,152.08827,0.4103097,280.2283,154.21886,0.5469354,282.1111,151.75441,0.04532874,277.7077,157.38016,0.03123416,278.2271,154.09477,0.022766184,274.5653,150.69261,0.034423433,278.59033,148.10933,0.02072028,268.1006,153.09233,0.023709634
43,8,871.033447265625,246.23384284973145,21.794036865234375,14.357963562011719,292.27063,148.66028,0.6672663,290.2783,147.173,0.611435,289.17883,148.18471,0.54193455,288.07733,147.22774,0.58544606,288.85062,146.36247,0.058039095,290.11252,149.95532,0.064007185,293.4958,146.07614,0.043304466,289.2034,145.32634,0.05906967,293.2905,143.85161,0.037607167,284.03497,150.4298,0.047277883
43,11,803.1132202148438,195.7076554298401,13.403961181640625,10.053545951843262,269.3121,118.094025,0.6333863,268.3751,117.46358,0.61210644,266.4968,118.06338,0.5422149,266.12164,117.739494,0.606879,265.71906,116.80561,0.06200003,267.60245,119.9087,0.05975389,269.45135,115.66333,0.04683593,266.9714,114.80257,0.054770496,268.09927,114.08885,0.037486333,260.8649,118.93217,0.045954015
44,1,1160.8434448242188,473.7831344604492,117.27163696289062,88.7748441696167,368.84427,286.46136,0.78890795,382.4778,307.82257,0.64952964,380.8743,287.3277,0.17678897,403.94385,303.54697,0.28575015,403.33026,327.83246,0.027708404,394.26468,311.16705,0.010346769,387.87805,296.4202,0.0049195336,371.4897,296.4804,0.0056558256,383.89655,289.654,0.0070525534,377.62006,290.01553,0.0047114077
44,2,1013.5107421875,504.6083335876465,104.7095947265625,98.41980171203613,323.14175,304.25348,0.7800534,333.04324,329.64618,0.66778165,334.59192,302.0085,0.17039308,355.51218,322.27863,0.2799116,352.054,351.1402,0.0281378,347.41638,327.72134,0.009573875,339.02344,312.6835,0.0045934888,325.56717,311.84198,0.005766974,340.34753,308.55737,0.007319757,331.5865,307.48477,0.0051555103
44,3,879.736083984375,345.3516540527344,41.146087646484375,37.56368923187256,286.21432,207.81776,0.7946757,289.9962,215.1947,0.8113276,292.9444,208.93245,0.2062249,299.96722,214.0429,0.52767015,304.5652,207.91713,0.030991776,295.3399,217.90662,0.024044124,292.14078,215.37526,0.011398628,285.40305,208.76683,0.022614261,295.58435,205.67316,0.01176616,281.5558,210.49352,0.01556659
44,7,833.2527465820312,250.53504180908203,20.482635498046875,17.206443786621094,274.95035,154.66864,0.6441544,277.32788,156.44368,0.6414901,278.5675,153.19327,0.34787506,280.967,156.25111,0.4798719,282.97284,152.35838,0.041482747,277.78854,159.65358,0.02546833,278.0888,155.2339,0.018651607,275.59943,151.87968,0.029560607,278.53122,150.7583,0.01781857,266.37787,153.79565,0.019602003
44,8,869.5153198242188,244.48948860168457,22.071258544921875,14.721877098083496,291.71973,147.84686,0.68212676,289.61795,146.70015,0.62506163,288.40402,147.37029,0.514542,287.20175,146.71207,0.5720013,287.97147,145.5301,0.061119746,289.4142,149.29166,0.073236346,292.99643,145.83647,0.047228187,288.61227,144.96812,0.06491342,293.6742,143.04088,0.041962113,283.80023,149.47266,0.053539153
44,11,803.5686950683594,195.08281230926514,12.84906005859375,9.551526546478271,269.37778,117.600975,0.63000107,268.3358,116.97844,0.60454386,266.6965,117.543106,0.5414972,266.3604,117.31998,0.5969122,266.2734,115.99825,0.06108713,267.59732,119.42868,0.058654774,269.47638,115.27221,0.045384683,267.37747,114.3049,0.052720938,268.33163,114.03021,0.03599802,260.6598,118.89156,0.04618622
45,1,1159.9288330078125,473.83169746398926,119.49600219726562,90.14763736724854,367.12515,286.3028,0.9101883,382.93945,307.32553,0.924242,378.12546,292.44287,0.01933739,402.34854,304.39822,0.30716342,413.5318,285.9209,0.004356132,394.88843,309.09216,0.0033006289,388.04465,304.93854,0.00046020036,363.9468,293.06277,0.0025539899,389.2438,289.87625,0.0007030281,363.15625,296.20767,0.0014791222
45,2,1021.276611328125,512.209550857544,110.57656860351562,101.8307991027832,323.92398,309.17853,0.931217,335.16043,334.0069,0.94312346,334.5998,315.5298,0.0106168445,355.73605,330.14722,0.28071555,369.39023,312.08435,0.0039375275,348.21866,334.73538,0.0026616086,340.46304,329.4223,0.00034181017,319.4478,316.43814,0.001995793,344.96594,315.06384,0.000585809,314.78705,319.6142,0.0011616284
45,3,881.1963500976562,346.4158945083618,41.848388671875,39.031986236572266,287.57333,209.37836,0.7288019,290.7122,216.31444,0.7448161,294.66855,210.8491,0.27162266,301.043,215.0314,0.55673426,303.93555,211.46854,0.04983419,295.67612,217.65681,0.052030202,294.98438,213.97366,0.0227558,285.53152,209.02089,0.04326458,292.66525,206.47305,0.026505832,284.11017,213.39537,0.037889577
45,7,833.367919921875,250.55237102508545,20.532073974609375,16.648509979248047,275.20706,153.61324,0.65075946,277.4469,155.26607,0.6454355,278.5909,152.48862,0.37272936,280.78357,155.05658,0.4987488,282.89554,151.21495,0.04188399,277.95923,158.38377,0.0270431,278.3258,154.39166,0.019486805,275.72012,151.16159,0.02950478,278.58557,149.87518,0.018017378,266.89175,153.29909,0.020945204
45,8,868.3576354980469,243.69803524017334,22.87811279296875,15.371194839477539,291.64664,147.66779,0.683471,289.69632,146.37978,0.62004083,288.06726,147.11629,0.51689506,286.93872,146.35132,0.568706,287.75848,144.92375,0.060329616,289.4223,149.01534,0.07230343,293.13358,145.47293,0.04678217,288.51068,144.57693,0.06358322,293.6655,142.92006,0.04099763,283.58395,149.49347,0.053332146
45,11,803.9529418945312,194.5270414352417,12.571746826171875,9.1000657081604,269.6783,117.01302,0.629413,268.52948,116.34053,0.5979932,266.87137,116.90221,0.54456633,266.5266,116.67709,0.59204787,266.54385,115.15499,0.061724324,267.7228,118.77184,0.060094584,269.63968,114.67092,0.046089727,267.70987,113.694695,0.052512564,268.5019,113.66693,0.03648577,260.61722,118.555115,0.048103526
45,18,852.0807495117188,226.99851608276367,15.813720703125,14.649856567382812,286.26395,140.1059,0.6442131,285.08078,138.82736,0.6331248,283.08707,139.2576,0.5336565,283.3035,138.66425,0.5801352,282.14655,137.86578,0.040145136,283.4122,142.50731,0.028942378,285.19766,136.7146,0.022766033,284.24054,136.16507,0.030302498,283.51,136.1573,0.017050335,275.8327,140.88718,0.019965312
46,1,1159.2643432617188,473.7829284667969,120.15682983398438,90.62139701843262,367.1029,286.08853,0.9087188,382.95807,307.16547,0.92412657,377.86023,292.14285,0.019383447,402.1633,304.32327,0.3083894,413.0727,285.7682,0.004448063,394.67178,308.9103,0.0034831509,387.94766,304.68823,0.0004910862,363.96716,292.91116,0.002625567,389.07236,289.84232,0.0007301891,363.22043,296.10123,0.0015698943
46,2,1028.2474365234375,521.2094135284424,114.34451293945312,108.27366256713867,327.72977,312.80682,0.7715825,339.0998,341.8178,0.6769903,339.69354,309.43048,0.15298076,360.06,334.592,0.2687841,356.95758,362.94965,0.022454882,345.35828,336.4294,0.0046721664,340.84274,321.09998,0.0017116374,331.57947,319.25555,0.0033952694,343.81958,318.6109,0.004163165,332.60468,316.8117,0.002068107
46,3,883.0302429199219,348.01077461242676,42.03570556640625,40.314425468444824,287.89813,210.46756,0.7407007,291.10797,217.5952,0.759925,295.3394,211.73534,0.2528269,301.79272,216.38458,0.54760665,305.33463,212.77464,0.04482234,296.5421,219.17693,0.041745383,295.13672,215.27798,0.018217862,285.84198,210.02109,0.037370663,293.32773,207.08458,0.021866877,283.77237,214.21657,0.029640742
46,7,833.4580078125,250.34753608703613,20.664093017578125,16.921554565429688,275.19766,153.23875,0.6577298,277.4503,154.93149,0.6535966,278.59683,152.2634,0.38236973,280.815,154.71523,0.5133558,282.94977,151.04405,0.041884985,278.1123,158.0032,0.027642611,278.41846,154.1374,0.01977002,275.52454,150.90912,0.029507505,278.5991,149.32016,0.018088317,267.17557,153.04378,0.021386215
46,8,867.9812622070312,243.4607048034668,22.843963623046875,15.522703170776367,291.7255,147.60468,0.67879105,289.991,146.223,0.61137784,288.11685,147.07445,0.52812886,287.21088,146.16887,0.5685229,288.0136,144.52551,0.05812978,289.48288,148.87935,0.06864826,293.2877,145.33183,0.04467857,288.75916,144.45042,0.058942042,293.55627,143.16524,0.038154766,283.54224,149.60266,0.051747527
46,11,803.4802551269531,194.5203981399536,12.0494384765625,8.439431190490723,269.38834,116.88956,0.63123196,268.30875,116.174065,0.5956781,266.6526,116.80787,0.5386179,266.30423,116.48309,0.58711416,266.35178,114.81104,0.062317725,267.51648,118.65774,0.061465163,269.59143,114.56586,0.04646178,267.62103,113.537605,0.053485274,268.4774,113.6596,0.03714104,260.51477,118.686066,0.049066104
46,18,851.7086791992188,226.80900192260742,15.952972412109375,14.5779390335083,285.9307,139.69096,0.6482871,284.91382,138.414,0.63458085,282.79736,138.94757,0.5329595,283.12378,138.29019,0.5833878,282.06247,137.34158,0.040501565,283.2587,142.11044,0.030379876,285.21887,136.47638,0.02371919,284.04932,135.95557,0.031098051,283.5683,135.83627,0.017776344,275.97794,140.72954,0.020927511
47,1,1159.2152709960938,473.9253730773926,120.23812866210938,90.92683410644531,367.333,285.79846,0.90918225,382.94116,307.26154,0.92576647,377.92157,291.86826,0.018482786,402.05582,304.42,0.3069636,412.98785,285.77008,0.004435279,394.56842,308.9016,0.003548145,387.9065,304.55347,0.0004994572,364.17914,292.7819,0.0026126923,389.19067,289.91238,0.00073058513,363.19952,296.03098,0.0016002276
47,2,1035.8594970703125,531.5512733459473,119.48190307617188,112.54715538024902,329.977,317.64624,0.805817,340.44403,348.51376,0.67803794,329.4752,312.00525,0.13944535,355.8718,342.84253,0.19802833,344.5395,384.0993,0.044305224,349.75235,357.56543,0.05946397,345.24454,327.89246,0.040621124,332.21896,327.21802,0.019066995,337.07248,326.90604,0.039398283,321.35233,333.12033,0.044812653
47,3,885.0858764648438,350.39177799224854,43.032989501953125,41.40446662902832,288.20364,211.7367,0.75210476,291.74704,219.25911,0.7771396,295.25275,212.90395,0.23340398,302.10257,218.07288,0.5389449,305.80878,213.99783,0.039882693,297.03436,221.05852,0.034515493,295.03955,216.82224,0.015298703,286.34332,211.4997,0.0313376,293.5271,208.5935,0.017792303,283.28156,215.64165,0.0237734
47,7,833.863037109375,250.55373573303223,20.752899169921875,17.507683753967285,275.29117,153.13116,0.6645899,277.63168,154.9034,0.66553444,278.84717,152.3532,0.39377186,281.25223,154.68199,0.52998805,283.33423,151.36212,0.042041425,278.51447,157.93092,0.027646424,278.5033,154.16266,0.01981369,275.44235,150.96019,0.029409776,278.49686,148.93666,0.018028142,267.70828,152.97182,0.021333398
47,8,868.11767578125,243.72391319274902,22.44287109375,15.380181312561035,291.5935,147.60915,0.6708803,290.10638,146.40651,0.6079765,288.43555,147.24207,0.53488714,287.74942,146.30768,0.5727784,288.50897,144.54655,0.05641902,289.55707,149.02756,0.06575833,293.47943,145.45833,0.04317903,288.99835,144.5399,0.055682376,293.38837,143.46423,0.03586882,283.72797,149.84117,0.050417747
47,11,802.9690246582031,194.7769374847412,11.9388427734375,8.299703121185303,269.21564,116.92593,0.6321584,268.13342,116.184814,0.59902376,266.48184,116.79207,0.53754616,266.2038,116.57249,0.58988214,266.20538,114.95752,0.06388526,267.48456,118.69322,0.06352491,269.4902,114.58994,0.048122134,267.4214,113.55312,0.055720713,268.4142,113.53645,0.03867519,260.5197,118.72796,0.050407656
47,18,850.4493713378906,226.14668083190918,16.14569091796875,14.189898490905762,285.23416,138.73134,0.6548774,284.3712,137.4477,0.63664854,282.2647,138.05833,0.5336566,282.77734,137.4137,0.590722,281.9574,136.36377,0.04362248,283.02032,141.03726,0.035217106,285.12515,135.90045,0.027423054,283.5277,135.28377,0.034950398,283.8321,134.83797,0.02080093,276.19077,140.08257,0.024442634
48,1,1158.6060791015625,475.2373466491699,120.80511474609375,91.44060802459717,367.25677,286.68085,0.9084709,383.00644,308.04752,0.92435354,378.02728,292.7875,0.019006973,402.11148,305.00098,0.30372694,413.56247,286.54758,0.004301268,394.9008,309.55432,0.0030753142,387.98242,305.54092,0.00045421848,364.19482,293.55746,0.0024082335,389.62927,290.5479,0.00066872593,362.78738,296.4241,0.0014064902
48,2,1043.7284545898438,543.7924461364746,124.32797241210938,118.29983711242676,331.06097,326.02414,0.8089014,343.54776,358.92313,0.7079031,344.35312,321.39554,0.116823606,367.2662,352.22675,0.21374555,360.5472,387.2565,0.016522396,346.7583,355.8878,0.0033352962,346.8092,335.47406,0.0010108083,336.787,335.95856,0.0026385994,348.61874,332.55487,0.0031209965,329.66974,333.2207,0.0014303275
48,3,886.3127746582031,354.2805519104004,43.2081298828125,41.84222888946533,288.45724,214.20352,0.7753297,292.1842,221.94878,0.7923825,295.99768,216.4899,0.22616361,302.52182,220.75305,0.56045103,307.4232,213.94312,0.021533163,296.90283,223.85687,0.023823228,298.29556,223.43916,0.009930974,288.1818,216.15802,0.019074237,303.93204,214.00363,0.008496218,287.52182,218.22763,0.015286445
48,7,833.34228515625,251.31611824035645,21.004486083984375,19.247918128967285,274.44498,152.62039,0.6753507,276.61563,154.74266,0.6899595,278.2598,152.19943,0.40636784,280.96164,154.38327,0.5622059,282.64993,152.21536,0.044712316,278.23233,157.52411,0.03131851,278.37195,154.03981,0.022307076,274.46774,150.72412,0.03352556,278.26404,147.80399,0.020322906,268.65338,153.03294,0.023513382
48,8,867.2633056640625,244.90219688415527,22.817138671875,15.248087882995605,290.8075,148.11165,0.6645721,289.36557,147.15857,0.6176849,288.27182,147.84985,0.52905023,287.73505,147.01363,0.58297765,287.99423,145.77672,0.05915143,289.1609,149.78824,0.07097679,293.22604,146.1751,0.046107855,288.31827,145.2112,0.061898604,292.91537,143.50102,0.039208684,283.9681,150.15048,0.052553374
48,11,802.5770874023438,195.6532859802246,11.910552978515625,8.62483835220337,269.13577,117.35983,0.63204694,268.12778,116.64713,0.6038982,266.41754,117.30158,0.5408745,266.09213,116.99166,0.59776384,265.9281,115.649284,0.06324545,267.44037,119.140785,0.06249526,269.49176,114.93821,0.04769008,267.1943,114.00323,0.055657085,268.20364,113.71595,0.03832007,260.64066,118.91995,0.04888236
48,18,848.9643859863281,226.80699348449707,16.73638916015625,14.004632949829102,284.7259,138.91635,0.6577183,283.7384,137.70132,0.64157623,282.06396,138.0924,0.52577055,282.5152,137.57916,0.5867812,281.76688,136.76369,0.044169158,282.7322,141.24739,0.035405293,284.9502,136.26941,0.026867423,282.99976,135.43048,0.03594178,283.98892,134.58612,0.020969655,275.85666,140.09843,0.024274684
49,1,1158.8624267578125,475.76309394836426,121.16848754882812,91.85712718963623,367.29614,287.09494,0.9032939,383.2466,308.24106,0.9217826,377.81073,292.92603,0.02014434,402.0719,305.16095,0.30400673,413.22632,287.15057,0.004439606,394.97644,309.63992,0.0030278624,388.09988,305.6245,0.00047507702,364.35764,293.72168,0.0024359517,389.44232,290.7105,0.00068221317,362.81006,296.5947,0.0014101382
49,2,1052.53125,555.5273895263672,129.9503173828125,125.59252738952637,332.71628,333.13583,0.78486156,346.3357,368.16693,0.69977295,346.07086,328.67877,0.11784217,370.8341,360.7821,0.21754178,363.82825,396.19476,0.014748355,345.7157,361.01413,0.0020692744,347.24487,341.62637,0.00053002127,338.96637,342.48584,0.0016394665,350.96506,340.49875,0.0020506508,330.0661,339.3195,0.00074695237
49,3,887.9910278320312,358.1450443267822,43.290435791015625,41.96901798248291,290.38684,216.44247,0.7084419,293.37387,224.02672,0.730505,297.11298,217.96996,0.27309233,303.5368,222.65805,0.53813446,306.44022,219.64508,0.043524757,297.44873,224.98376,0.040599205,296.55838,220.33743,0.01777213,288.1651,215.867,0.033007726,292.5325,214.38982,0.020617185,284.7507,220.98622,0.03130303
49,7,833.4872131347656,254.1276741027832,21.525146484375,19.33971405029297,274.5776,154.16182,0.6648264,276.58783,156.10455,0.68715286,278.47583,153.48721,0.40537232,281.0902,155.86317,0.55439,282.65643,153.9808,0.04260969,278.1209,159.10036,0.027004203,278.03043,155.28181,0.020343356,275.0389,151.97108,0.031299893,278.2906,149.2063,0.01828516,268.5595,154.2211,0.020284617
49,8,867.4473266601562,245.8447208404541,22.130767822265625,14.664765357971191,290.89447,148.69162,0.65434223,289.39413,147.51259,0.6166094,288.4786,148.40031,0.5453278,287.84424,147.57837,0.5901575,287.93808,146.49773,0.059031915,289.24832,150.24768,0.068206504,293.12164,146.5098,0.046123758,288.4268,145.66237,0.0617084,292.77792,143.73293,0.038076647,284.1149,150.45726,0.050755553
49,11,801.9467468261719,196.21593189239502,12.91278076171875,9.588991641998291,268.8147,117.84915,0.63583595,267.91345,117.05954,0.6112229,265.93576,117.767,0.54071444,265.60455,117.34564,0.60900617,265.07626,116.44298,0.06617382,267.3282,119.594765,0.06670744,269.37366,115.32791,0.051305678,266.43115,114.48881,0.06082298,267.87186,113.56651,0.04218039,260.7564,118.848305,0.05060819
49,18,847.2568359375,226.927396774292,18.025177001953125,14.02379035949707,284.55417,139.09659,0.65816915,283.7034,137.71199,0.6372653,281.56415,138.35742,0.5273482,281.7037,137.42598,0.58830655,280.83896,136.62924,0.044810906,282.68826,141.22122,0.035865728,284.98682,136.00414,0.027147222,282.4699,135.2036,0.037023693,283.56143,134.40999,0.021212421,275.54953,139.94485,0.024409698
50,1,1159.3408813476562,475.99303436279297,118.578369140625,90.53807258605957,369.15533,287.79178,0.78366023,382.60944,308.8109,0.6478023,380.36676,288.33008,0.18009517,403.37537,304.4572,0.29093477,402.8235,328.27484,0.028218664,394.36743,311.82202,0.010283223,387.68454,297.61017,0.004792048,371.50507,297.06073,0.0057268054,383.82355,290.96115,0.00705041,378.49,291.0878,0.004645511
50,2,1062.5711059570312,567.3915939331055,137.7945556640625,132.21563529968262,335.59003,341.37326,0.8411071,349.28305,375.7929,0.70790625,343.08594,336.00073,0.096941896,371.81384,370.30206,0.16496027,365.10242,406.63934,0.015348014,364.75626,379.4508,0.0077304123,357.21817,355.96643,0.0032490212,337.2655,356.04605,0.0030800765,347.41434,346.64435,0.003688862,342.57654,352.40295,0.0037996664
50,3,891.1466674804688,361.8193016052246,45.10858154296875,43.8359899520874,290.57068,218.98926,0.72750986,294.01276,227.18877,0.7618634,297.06085,220.0319,0.2309125,304.4908,225.59576,0.52277666,307.6588,222.58667,0.04022649,298.73047,228.46178,0.0327093,296.46292,222.82982,0.014328387,288.18808,218.08968,0.029225396,292.2611,216.3971,0.017227206,283.69553,223.44359,0.023317944
50,7,833.8359375,255.96500873565674,22.096893310546875,19.534635543823242,274.38568,154.59233,0.6554921,276.40436,156.82796,0.67724603,278.43036,154.06989,0.3877721,280.95612,156.48114,0.5381245,282.61877,154.57841,0.04036047,277.7734,159.83427,0.024809517,278.01288,155.69562,0.018500125,275.1406,152.38168,0.029485494,278.247,149.9783,0.017007042,268.03348,154.85475,0.018559154
50,8,867.0518188476562,246.12018585205078,23.14947509765625,15.112466812133789,290.9865,148.96613,0.66691893,289.26538,147.87328,0.6284846,287.82462,148.69853,0.5263588,286.9462,148.05879,0.5906413,286.96042,146.9402,0.06081172,289.1433,150.67912,0.07196919,292.5868,146.52803,0.048609093,287.83234,145.77522,0.066674,292.61734,143.85895,0.040740594,283.7828,150.41893,0.05207183
50,11,800.8240356445312,197.07958602905273,13.604827880859375,9.594939708709717,268.2499,118.204414,0.635077,267.54236,117.42188,0.6144928,265.55823,118.23073,0.53439516,265.18073,117.776,0.61088395,264.54587,116.91886,0.066288404,267.03708,120.0828,0.06700998,269.2378,115.70636,0.051520813,266.0893,114.88342,0.062471114,267.6644,113.794754,0.042561438,260.71936,119.40654,0.04983986
50,18,846.0163879394531,226.2330436706543,18.966064453125,13.920845031738281,284.83856,138.92769,0.6696306,283.8712,137.72055,0.64540696,281.228,138.434,0.51338893,280.77963,137.43582,0.58991915,280.058,136.10724,0.044213984,282.84106,141.25345,0.035955098,284.9398,135.59721,0.027456407,282.38632,134.76976,0.037266783,283.53625,134.5476,0.020701192,275.2681,140.08618,0.024150368
50,22,1725.5908813476562,603.9999618530273,153.69287109375,109.55478858947754,592.5128,379.13687,0.5441833,560.5342,366.81573,0.5040891,593.7095,375.8922,0.28942797,561.4362,369.4897,0.35199857,543.6609,372.84787,0.025055852,583.48206,393.92596,0.011419749,572.94855,379.15555,0.0015924248,595.8204,369.82266,0.006966018,593.391,370.02057,0.0027868357,566.4517,379.41077,0.0021708452
51,1,1159.1192321777344,476.2982654571533,117.6624755859375,90.53070831298828,369.28778,288.33157,0.78274137,382.58768,309.20273,0.64630675,380.69965,288.88138,0.18029651,403.54034,304.67273,0.2931331,402.80768,328.4838,0.028224368,394.59875,312.1769,0.01008365,387.63297,297.96265,0.0046467814,371.6744,297.3952,0.0056649023,384.201,291.41818,0.0069434172,378.58035,291.3252,0.0045278235
51,2,1072.8674926757812,581.1517639160156,143.48171997070312,137.69254302978516,338.9409,347.18613,0.7794279,353.85867,386.07034,0.6761771,342.09613,340.92694,0.13294594,368.80502,379.9671,0.17902617,375.32822,416.1266,0.027304782,375.51132,384.638,0.022316406,361.26013,366.02588,0.012077328,337.93182,354.4548,0.004836453,345.59357,353.34268,0.008273119,361.47177,359.5205,0.012157233
51,3,893.1699829101562,365.12372303009033,45.792388916015625,44.766849517822266,290.81546,221.37628,0.7477406,294.5406,229.57344,0.7804164,296.89514,222.07988,0.21188113,304.75287,227.97997,0.5110062,308.17413,224.29463,0.0354084,299.26123,231.36919,0.02523158,295.91672,225.55034,0.011325249,288.591,220.44206,0.023610102,292.73376,218.80107,0.013431085,282.83353,225.37964,0.017261421
51,7,834.4384460449219,257.3055896759033,22.05157470703125,18.954995155334473,274.73328,155.18483,0.67555,276.29605,157.91872,0.6787354,278.89502,155.23044,0.433332,281.46188,157.43591,0.59070617,283.79678,155.07413,0.05192528,278.6151,159.72731,0.04913881,278.93295,156.87305,0.031064622,273.9494,153.31152,0.043322746,278.13947,151.30133,0.027514374,269.4448,156.986,0.040175308
51,8,866.0826416015625,245.92217445373535,24.4229736328125,15.847220420837402,290.79593,149.2288,0.67183465,288.9938,148.10979,0.632134,287.3142,148.92061,0.5176059,286.36475,148.21893,0.58746845,286.1579,147.15877,0.061874505,288.77054,150.96812,0.07473648,292.35577,146.69261,0.04984125,287.40387,146.03947,0.069312185,292.44766,143.98912,0.042340685,283.5776,150.53734,0.052923333
51,22,1703.42724609375,597.8573341369629,197.07659912109375,123.5705451965332,597.8602,380.90793,0.49468657,551.4968,360.8183,0.47395027,591.6122,378.1891,0.2450973,549.13763,364.1789,0.30012557,534.52136,358.65637,0.03268293,582.762,401.3918,0.013790662,567.1489,376.60498,0.0011428054,596.7064,364.47516,0.0054606004,594.0163,370.06668,0.0018121153,564.2092,377.8827,0.0016236032
52,1,1159.3445434570312,476.180025100708,117.7371826171875,90.41558361053467,369.15338,288.38684,0.7829816,382.46777,309.15958,0.64496064,380.70062,288.98065,0.1825454,403.7138,304.55664,0.29596624,403.1477,328.4951,0.028257547,394.84027,312.13834,0.010100174,387.60062,298.05588,0.0046845297,371.48257,297.41235,0.005755483,384.37766,291.40158,0.007040549,378.5433,291.37128,0.0045799213
52,2,1085.964111328125,594.8251075744629,150.7177734375,145.10028076171875,342.43323,355.10022,0.79620683,357.25748,396.54333,0.6541986,347.4726,349.20572,0.118095905,374.1184,389.65897,0.16727161,377.626,426.52582,0.016419513,376.18085,392.96503,0.009410567,362.735,376.4146,0.0045293304,343.69547,366.6512,0.0027715203,351.38565,359.98257,0.003345246,360.68933,369.3587,0.004766345
52,3,895.4373779296875,367.9344549179077,47.089324951171875,46.22142219543457,291.45944,223.05342,0.7273936,295.03842,231.25775,0.74121124,298.57965,225.43631,0.25464228,305.13043,229.83876,0.5621233,307.26086,225.2271,0.047753856,299.30914,232.05963,0.069018066,300.5854,229.78662,0.027172502,290.1251,223.96342,0.04888271,300.3138,222.78683,0.028577989,291.03397,228.49599,0.051082123
52,7,835.0693359375,258.2897758483887,22.02886962890625,18.27861499786377,274.67715,155.62665,0.6766955,276.4305,158.40523,0.6764512,279.17264,155.76868,0.42937288,281.791,157.8706,0.5866215,284.47705,155.27628,0.04940211,278.80646,160.2894,0.044582535,278.9883,157.43677,0.028074529,273.96613,153.77284,0.040003307,278.22986,151.90585,0.025118658,269.2346,157.31624,0.03659592
52,8,865.5750732421875,245.67606353759766,25.017059326171875,15.749527931213379,290.4875,149.18118,0.67613447,288.6447,148.1616,0.6367986,287.18994,148.91222,0.50880754,286.18774,148.2123,0.5843232,286.0653,147.08035,0.061269112,288.5136,150.99841,0.07518665,292.19318,146.90913,0.04929472,287.26135,146.13654,0.06945788,292.58752,144.0008,0.041987296,283.55972,150.51044,0.05285774
52,22,1679.28369140625,587.4452819824219,243.5592041015625,128.94517707824707,592.01245,374.8588,0.45244545,533.61383,345.09576,0.4231194,580.4158,374.84277,0.33489317,530.38654,348.28845,0.36814818,507.7716,339.063,0.043444883,582.2806,392.76556,0.039422642,555.4137,370.27444,0.0046497774,586.2351,360.2796,0.014259449,583.8953,359.05313,0.003111856,570.44305,370.08246,0.0052009043
53,1,1160.0912475585938,475.9376735687256,117.86151123046875,90.34940814971924,369.38715,288.29474,0.7833791,382.53738,309.05142,0.64545304,381.15845,288.81366,0.18272209,404.00964,304.46304,0.29656425,403.30862,328.3906,0.028473774,394.95694,311.89432,0.0101505425,387.80756,297.94824,0.0047255224,371.7296,297.3512,0.0058777053,384.88422,291.25586,0.0071533066,378.55713,291.12976,0.004628778
53,2,1101.1577453613281,610.5567398071289,163.77685546875,153.71910667419434,344.17358,365.32352,0.8765284,363.12094,406.5345,0.7443085,347.8608,358.13455,0.06705217,376.56433,402.41183,0.11751671,371.18604,444.9468,0.010889383,364.07266,415.3302,0.0064827236,366.47757,381.9413,0.0020543104,350.8236,382.12985,0.0029849538,348.31558,372.16556,0.0034516465,340.08963,387.05048,0.003093579
53,3,898.8248291015625,370.8446559906006,47.208160400390625,46.30582809448242,292.4285,224.9749,0.7450821,296.40588,232.53052,0.75808805,299.26627,227.05194,0.25701344,306.7533,231.22412,0.5642946,309.46463,226.06172,0.044401053,301.16577,233.78767,0.05597686,300.77402,231.29962,0.023056135,290.5961,225.52885,0.041550428,300.36337,223.94409,0.023718538,290.9439,229.5195,0.04042482
53,7,836.1831665039062,259.6237392425537,22.200347900390625,17.400824546813965,275.1761,156.40881,0.67404646,277.01987,158.96619,0.66933084,279.75732,156.41579,0.42775497,282.21042,158.55043,0.57513034,285.2679,155.53612,0.046996556,279.17728,161.00945,0.03899446,278.96365,158.07883,0.02508587,274.5125,154.43614,0.036076892,278.44388,152.84682,0.022440927,268.97745,157.52145,0.03256775
53,22,1659.0955810546875,577.7097129821777,284.7036437988281,137.80022621154785,587.01666,372.477,0.40593854,514.6321,334.72305,0.46069115,571.35175,370.29745,0.27129364,512.3047,338.4922,0.2771084,492.8624,321.16644,0.122058116,571.1855,399.07654,0.1069907,543.6696,356.19833,0.0073939483,574.7812,348.9152,0.025723523,576.2008,354.80518,0.006450425,564.8302,361.06732,0.009797537
54,1,1159.4839782714844,476.1708068847656,117.943359375,90.3850450515747,369.14642,288.31897,0.7843323,382.39963,309.22168,0.6460989,381.032,288.909,0.18276785,403.9987,304.67813,0.29572922,403.5009,328.60272,0.02801992,394.81305,311.88895,0.0099338675,387.67398,298.18338,0.0046639405,371.473,297.5832,0.0057620327,384.76468,291.314,0.007000891,378.5698,291.24564,0.0045311493
54,2,1113.71337890625,627.3805503845215,176.083740234375,166.49941635131836,346.17157,373.09232,0.87796235,367.85535,419.97772,0.731956,346.96497,366.69867,0.06336544,375.8563,415.52924,0.10802459,375.44037,459.70337,0.012413417,364.82632,424.411,0.00870247,369.1436,391.8027,0.0029556267,354.26968,389.52902,0.0036253056,348.50946,381.6383,0.004754988,339.51855,398.42365,0.0045800777
54,3,901.1173095703125,374.212703704834,47.14581298828125,46.96335983276367,292.88843,226.81041,0.7716431,296.97952,234.6046,0.78537285,299.8687,228.82211,0.2303009,307.52582,233.26866,0.55560714,311.19876,227.36174,0.038740866,302.28107,236.28394,0.043626804,300.72122,233.65388,0.01786354,291.19705,227.58444,0.03405068,301.16483,225.58984,0.01852864,290.40958,231.26921,0.029743465
54,7,837.0362548828125,261.3782901763916,22.5157470703125,17.036705017089844,275.34702,158.5849,0.6672453,277.59732,160.88988,0.6586637,279.96274,158.13165,0.39995342,282.67355,160.67075,0.5459285,285.90143,156.8827,0.043267958,279.38202,163.33276,0.03132634,278.53918,159.84087,0.021263404,275.0308,156.06444,0.031702943,278.46136,155.31888,0.019160436,268.0996,158.88376,0.026197804
54,22,1638.74560546875,571.8041839599609,326.5967102050781,144.44851684570312,583.9675,377.5302,0.46000007,502.4557,330.9119,0.48890388,563.2311,375.50104,0.2791982,497.7283,334.5376,0.2840916,479.0298,316.17105,0.07343456,565.1919,405.3814,0.08440698,535.0113,359.87802,0.0048694895,573.4971,349.68277,0.017983288,573.3137,358.64883,0.0038404416,553.9505,366.245,0.006879287
55,1,1158.9028930664062,477.21581268310547,117.73443603515625,89.65729522705078,368.95724,288.73615,0.7816785,382.3442,309.76697,0.64437133,380.5567,289.49698,0.18582442,403.34097,305.23883,0.29951587,403.6229,328.4636,0.02809495,394.37302,312.01077,0.009844742,387.2093,298.838,0.004644779,371.1353,297.82745,0.0056833248,384.09335,291.8881,0.0069168457,378.90518,291.71353,0.0044393423
55,2,1127.3604125976562,647.0631408691406,185.8271484375,181.0016269683838,349.27173,382.09146,0.84643036,373.3561,431.36603,0.71447074,351.38373,372.7606,0.07309554,381.81577,426.3861,0.11327725,380.1157,471.63568,0.013922343,361.9352,429.61688,0.0064983717,372.7629,401.3956,0.0016782793,358.7686,396.04245,0.0040377956,355.76572,391.3989,0.004494873,343.87524,404.8999,0.003086229
55,3,903.3984375,378.02255630493164,47.530059814453125,47.34720325469971,293.12805,228.47392,0.79180974,297.76016,236.7282,0.8065405,300.00262,230.45404,0.20158306,308.1676,235.4032,0.5385432,312.3674,228.60503,0.033913005,303.20102,238.81055,0.033978365,300.7035,235.94852,0.014000032,291.80325,229.68256,0.0273455,301.74414,227.32454,0.014532882,289.76065,232.97209,0.022232365
55,7,838.0468139648438,264.3555164337158,23.4979248046875,17.393177032470703,276.09705,164.40678,0.64023376,278.3986,166.57674,0.64035,280.2526,162.23695,0.30628386,283.17636,166.61758,0.46115842,285.4762,161.80978,0.039597936,279.1106,169.92377,0.022362353,277.10208,163.96138,0.017038671,276.07104,160.13933,0.028927473,277.83896,161.12585,0.016005864,265.60696,162.27896,0.017799871
55,22,1619.9745483398438,562.8198738098145,359.5978088378906,143.35247611999512,566.92926,366.83105,0.427982,486.5191,327.73755,0.45670965,552.6924,364.5265,0.31301355,486.17844,330.4246,0.33363125,463.52188,311.98227,0.10795946,558.7413,394.4182,0.13642776,520.67487,349.65125,0.008789069,552.9835,343.45276,0.038921434,554.6885,344.65967,0.0073226537,552.5946,355.88644,0.012333294
56,1,1158.6589965820312,478.92504501342773,117.34048461914062,89.18634223937988,368.85318,289.49368,0.7774365,382.52338,310.73853,0.64207745,379.80167,290.2695,0.18904716,402.40417,306.306,0.30200475,403.61243,328.65057,0.027882667,393.68628,312.53595,0.009579805,386.7852,300.05215,0.0044607543,370.8863,298.3461,0.0055213785,383.10123,292.7982,0.0066552516,379.4858,292.7484,0.0042116106
56,2,1144.2346801757812,667.121618270874,202.11337280273438,196.42504119873047,352.82156,392.96494,0.8539967,379.29294,448.88757,0.676435,352.54797,380.52423,0.0609971,386.9389,445.37357,0.0952236,390.19992,492.0539,0.009761598,375.75098,445.28284,0.005432707,374.72714,421.53058,0.0020119348,361.4106,410.2884,0.002388293,354.67923,398.10632,0.0023252734,355.22675,422.95987,0.0025795677
56,3,905.90625,381.99524688720703,48.883209228515625,48.738484382629395,293.69562,231.76196,0.8223324,298.49335,240.673,0.83869517,300.61435,233.46913,0.16315539,309.70505,239.00726,0.5054978,314.6762,231.48299,0.027487937,304.78763,243.45276,0.021649864,299.9311,240.5644,0.0086430255,292.65598,233.32047,0.019318523,302.65494,230.80867,0.009341383,288.58362,235.8672,0.013077141
56,7,838.4855346679688,266.16025257110596,23.652008056640625,17.786367416381836,276.0593,163.369,0.65020365,278.06342,165.45111,0.6610293,280.1739,162.01431,0.3545559,282.53793,165.55356,0.5064005,284.86572,161.64635,0.03944496,278.97073,168.63866,0.022988945,277.49664,163.58629,0.01752267,276.2324,160.137,0.027993005,278.11038,159.79855,0.015689041,267.08942,162.1076,0.01816509
56,22,1605.6324462890625,546.6979866027832,387.4247131347656,134.06010246276855,549.29956,357.682,0.36451092,472.80692,325.91434,0.456639,538.3074,352.49408,0.3492772,476.03143,330.85892,0.3568258,453.37906,311.59686,0.1903346,550.48065,385.14206,0.23779169,509.53845,341.46396,0.016783476,529.3822,334.81683,0.08139283,534.0898,335.36188,0.017421119,552.6251,345.19794,0.023893135
57,1,1157.6820373535156,480.95191955566406,117.0150146484375,88.99744606018066,368.602,290.4063,0.7727452,382.71716,311.94992,0.64037764,379.21597,291.09073,0.19178444,401.93204,307.5136,0.30373812,403.73132,329.43094,0.027468933,392.93134,313.33957,0.009147627,386.35422,301.2056,0.0042026388,370.6712,299.08566,0.0052570454,382.27377,293.83786,0.006334187,379.81494,293.89908,0.003925685
57,2,1161.40283203125,691.257740020752,217.24539184570312,216.39720726013184,359.33075,417.26038,0.84635824,391.09842,474.67938,0.6482854,357.42505,408.64987,0.073375195,398.17645,471.97708,0.10862287,411.0077,519.7889,0.011484604,391.1064,471.7279,0.0077245035,384.01154,446.97668,0.0044429535,366.78583,434.14728,0.002346164,358.52908,423.777,0.0034158423,365.83255,450.4864,0.0044795703
57,3,908.1023254394531,387.42539405822754,50.94818115234375,47.648314476013184,294.42383,233.76648,0.7808795,298.6081,243.10878,0.7966932,302.05453,236.23149,0.19046137,310.62067,241.27353,0.5321782,314.81863,235.98209,0.038186476,304.82254,244.50244,0.04000731,302.51852,240.42833,0.014110488,291.7706,234.55399,0.03188646,300.401,232.31955,0.017649777,290.563,239.1059,0.026410716
57,7,838.8316040039062,267.7847957611084,24.091278076171875,18.51731014251709,276.3926,163.26735,0.6509385,278.31897,165.02194,0.66768765,280.31702,162.31078,0.38686123,282.42694,165.2503,0.5299461,284.56277,161.81155,0.039593693,279.23648,168.28249,0.022648888,277.81097,163.30444,0.017789645,276.61298,160.24673,0.027509995,277.93118,159.36736,0.015380059,268.0761,162.28566,0.017898636
57,22,1578.3665771484375,533.0093479156494,384.55682373046875,119.48929595947266,542.2208,351.53485,0.38130265,474.12827,321.66693,0.43549457,527.2278,350.56528,0.32070366,474.16968,323.3788,0.35515302,454.95502,304.13605,0.13159573,535.0145,378.1726,0.11659466,501.84415,335.18103,0.008694962,526.85565,330.44366,0.028075395,526.46027,335.26086,0.0077104634,532.9546,340.10574,0.0102792885
58,1,1157.9765625,482.20446395874023,117.28875732421875,88.9779281616211,368.73645,291.35785,0.7701735,382.69226,312.85205,0.6402987,379.48682,292.02756,0.19333215,402.00656,308.31378,0.307241,403.91452,329.78854,0.027267648,392.83963,313.75708,0.008746071,386.19382,301.99658,0.0039855246,370.73886,299.79892,0.0050408607,382.5328,294.8796,0.00609751,380.145,294.43,0.0036840495
58,2,1184.8741149902344,718.1484603881836,249.1915283203125,247.43056297302246,363.18405,431.76492,0.8508564,402.8842,499.86084,0.5928708,357.5041,420.5729,0.058936987,403.7402,497.6426,0.08536029,419.94,551.3002,0.008708181,393.4221,489.24286,0.0048619607,388.8551,468.009,0.0022795212,374.72366,449.64975,0.0022864062,363.57733,439.36795,0.0024187774,367.93396,471.27798,0.002601038
58,3,911.4814453125,391.87493419647217,51.615142822265625,46.95676803588867,295.3073,236.25446,0.7930387,299.4801,245.70454,0.81727666,302.38242,237.9983,0.17053045,311.10037,243.95143,0.5120225,315.50528,238.42131,0.03406542,305.66864,247.60492,0.030158553,302.28644,243.20766,0.01121297,293.18396,237.13383,0.025607226,301.18738,234.58961,0.013661563,289.8778,241.38376,0.018980678
58,7,838.878662109375,270.1140947341919,24.50830078125,19.381067276000977,276.70886,162.59412,0.6485066,278.29373,164.52596,0.67386174,279.97226,161.98637,0.40168086,281.78387,164.54984,0.5435394,283.3164,161.36827,0.04041117,279.0165,167.60533,0.024869332,278.09134,162.41473,0.019787023,277.3064,159.67632,0.028745024,277.5776,159.11551,0.015975043,268.62344,162.90663,0.019265624
58,22,1538.6918334960938,521.9724655151367,353.4121398925781,108.09717750549316,527.8875,343.50464,0.42411688,462.92676,315.90414,0.43179134,512.5926,343.48798,0.34590286,461.6735,316.90424,0.3942492,439.54153,300.02283,0.0928274,523.8687,366.65677,0.09912094,489.51456,331.79855,0.009349316,513.5999,327.49005,0.031405367,512.2305,326.8587,0.0069507165,521.45245,334.6235,0.010609714
59,1,1158.9169921875,482.09817123413086,117.45382690429688,89.14359855651855,368.7964,291.44342,0.7703758,382.6733,312.89615,0.6393074,379.72458,292.11304,0.19247654,402.16092,308.33936,0.3072872,403.99985,329.7591,0.027296897,393.08667,313.6686,0.008693323,386.25455,302.07526,0.0039485823,370.7721,299.8502,0.005028748,382.84158,294.90503,0.0060593197,380.1662,294.30923,0.0036488755
59,2,1215.48193359375,749.2543258666992,277.7518615722656,277.0396270751953,375.4196,446.42377,0.8260241,412.42752,522.7506,0.5693004,367.31952,432.0868,0.061563306,412.43372,520.6241,0.07740844,431.0167,576.09174,0.0069323783,403.28418,506.25278,0.0040000463,396.77966,490.15714,0.002043247,386.04303,466.70074,0.0015074564,371.144,451.70798,0.0014402706,383.26447,491.86328,0.0018925421
59,3,914.5250244140625,395.115291595459,52.295013427734375,47.50272846221924,296.58514,239.21983,0.80365247,300.56412,248.64642,0.83157504,303.34616,240.24484,0.154212,312.18118,246.8095,0.48866436,316.77142,241.5149,0.030971158,306.96146,251.10745,0.021352544,302.04483,246.37206,0.00837385,294.89127,239.8031,0.020366581,302.01447,237.20645,0.010540061,289.28467,243.74557,0.012883629
59,7,840.6981811523438,271.1858797073364,24.770782470703125,18.760923385620117,277.3532,163.4968,0.68447375,277.8011,165.19926,0.68028367,280.87885,163.24707,0.40741715,282.47275,164.82211,0.5653323,284.00232,162.3929,0.06922038,280.7057,167.1587,0.084927514,284.00388,166.29785,0.04857033,277.59106,162.51299,0.07709817,286.05157,159.16763,0.047111046,276.24268,165.24185,0.06235179
59,22,1501.98779296875,510.9891929626465,306.4340515136719,98.59984016418457,516.5957,332.44244,0.42655358,460.43576,310.6879,0.43336648,505.56512,334.10098,0.37340677,459.96057,311.21567,0.41464138,439.4929,299.07947,0.11186571,518.9217,353.1386,0.12938565,486.73273,325.3958,0.016302723,502.1149,320.23584,0.05130121,502.89383,318.89035,0.012403132,525.4087,322.81036,0.016568802
60,1,1158.978515625,481.95871353149414,117.18594360351562,89.20060729980469,368.85397,291.28818,0.7695444,382.71347,312.61398,0.6381537,379.70035,292.02063,0.19372246,401.91537,308.13214,0.3084377,403.94684,329.3346,0.02763712,393.02393,313.42645,0.00887359,386.23712,301.973,0.0040442557,370.82687,299.6308,0.005138478,382.7281,294.69894,0.006179309,380.1791,294.2427,0.0037357504
60,2,1246.2089538574219,776.0774803161621,303.18365478515625,298.42547607421875,374.09036,455.7449,0.54170936,420.7893,541.9378,0.65571177,372.18478,440.62033,0.25676998,417.57227,539.3644,0.24113163,424.18277,571.2184,0.0668948,381.06635,496.8857,0.071635865,385.64804,526.6601,0.024061283,439.31653,521.6532,0.016630903,385.56763,530.9864,0.011447068,367.74747,503.12872,0.026885152
60,3,916.4976196289062,398.84593963623047,53.64202880859375,49.5565881729126,297.291,241.92972,0.75599337,301.62686,251.51753,0.7777943,304.99103,244.09727,0.196222,314.1541,249.40703,0.5080743,318.73273,245.59944,0.032742906,307.68695,252.6539,0.026505044,304.6971,247.33525,0.00965862,294.49167,241.78479,0.02329308,300.18887,240.30598,0.01285796,291.08777,247.41217,0.018506683
60,7,841.72705078125,271.73925590515137,24.233367919921875,18.466970443725586,277.9514,164.11392,0.68329376,278.24786,165.64026,0.68048865,281.10944,163.69548,0.4164628,282.66562,165.1954,0.5697197,283.99332,163.0926,0.06748023,280.951,167.64862,0.08078556,284.0923,166.5986,0.047533624,277.9243,162.97276,0.07437619,286.03262,159.54584,0.04550299,276.33698,165.4303,0.058883086
60,22,1461.960205078125,502.3429183959961,272.8400573730469,93.14451026916504,504.89865,325.05646,0.577642,457.65247,305.1278,0.5046805,489.12183,327.5623,0.31923547,446.61673,304.74933,0.3985592,442.8451,297.78986,0.024021856,496.37195,343.4581,0.016022343,472.46518,321.01273,0.0014964346,501.0345,304.903,0.006559602,494.39197,317.26923,0.002410669,477.68246,324.49634,0.00245466
60,32,802.0805969238281,207.51331901550293,12.73773193359375,11.050774097442627,268.9684,125.3232,0.6447679,267.55884,124.89795,0.6286633,266.10226,125.00517,0.52859205,265.84213,125.0807,0.59370023,265.5009,124.0862,0.06704155,267.4747,127.19161,0.06767757,268.90955,123.20671,0.04917565,266.3685,121.92839,0.06204674,268.16235,121.15184,0.040247742,260.39194,126.41615,0.051489796
61,1,1158.9855651855469,481.70420837402344,116.833740234375,89.07325172424316,368.80737,291.2462,0.76967293,382.69684,312.33212,0.63910985,379.88943,292.10748,0.1948523,402.03687,307.92453,0.31005788,404.10785,329.05927,0.027774865,392.85834,313.33438,0.008917737,386.29028,301.73938,0.0040884465,370.8311,299.63422,0.005169354,382.7269,294.7388,0.006280271,380.0537,294.22797,0.0037558118
61,2,1257.2623901367188,807.8030261993408,299.2563171386719,314.0767707824707,382.6886,466.80017,0.7805359,424.8784,531.85046,0.5521197,376.18253,454.83868,0.097223766,423.38867,530.96344,0.112864524,448.83472,581.7981,0.014027163,415.7927,518.5877,0.0076268567,407.81097,504.98547,0.004859767,392.0661,480.25327,0.0027446982,379.6816,470.97668,0.0036133926,400.7399,508.46323,0.004382511
61,3,919.4639282226562,402.1490478515625,54.734893798828125,50.32126235961914,297.58304,242.83911,0.8204937,302.43814,252.48936,0.8166586,306.1807,245.97823,0.16645119,315.34436,250.80826,0.535368,321.25146,242.34993,0.023477465,309.08426,254.40703,0.028074255,307.47607,252.70522,0.008426513,295.25497,244.86183,0.020374762,310.38425,243.22742,0.009474631,295.592,247.96866,0.017597035
61,7,842.5931396484375,272.3313846588135,23.4708251953125,18.520065307617188,278.45248,164.79614,0.6824979,278.6663,166.25816,0.6841216,281.28754,164.29298,0.42067787,282.8054,165.84532,0.5746042,283.94217,164.01315,0.06534282,281.15787,168.30289,0.0761468,284.10388,166.9741,0.046167705,278.17587,163.55573,0.071620755,285.94522,160.01689,0.0435121,276.46158,165.71745,0.054977432
61,22,1432.0658569335938,493.392391204834,245.89407348632812,89.54307174682617,498.052,320.5261,0.5044643,455.62946,304.3755,0.43616518,481.4407,323.75656,0.34431595,446.78067,301.7868,0.43148595,434.50278,291.53262,0.048464287,496.55026,338.9861,0.04003395,470.12646,318.21045,0.005226548,488.93347,308.75998,0.015296174,481.7819,312.55527,0.0045467205,494.18253,315.95016,0.0054871873
61,32,801.7701416015625,207.7886552810669,12.81646728515625,11.111284732818604,268.78238,125.485596,0.64563394,267.41513,125.1338,0.6307737,265.97974,125.19878,0.5234954,265.75464,125.294304,0.59447634,265.4078,124.388306,0.06737552,267.40192,127.419716,0.0680421,268.80725,123.43348,0.049370285,266.19687,122.11804,0.06293838,268.08698,121.29231,0.04078309,260.37338,126.53476,0.051377594
62,1,1159.1827697753906,481.32260513305664,116.8963623046875,89.11728286743164,368.87753,291.07083,0.7711538,382.75613,312.02545,0.64298683,380.1205,292.05066,0.19568206,402.14474,307.7152,0.31141692,404.4122,328.73447,0.0278693,392.5704,313.21515,0.008971351,386.40866,301.3318,0.0041624396,370.91537,299.51102,0.005186457,382.65704,294.81674,0.0064388104,379.85944,294.19598,0.0038070523
62,2,1283.7463989257812,806.8195095062256,318.9463806152344,273.59201431274414,384.6389,476.84296,0.7991592,427.48322,529.741,0.57430243,378.67307,468.95688,0.121030524,425.62976,530.29736,0.13357575,449.82404,573.5848,0.010710206,415.43878,528.9104,0.0054014153,412.2998,509.59167,0.002550814,394.28723,490.09174,0.0024048907,380.29437,481.60944,0.002752497,402.92633,515.0293,0.002634439
62,3,922.4622802734375,404.6535186767578,55.66864013671875,52.14484691619873,297.98227,243.89229,0.7564856,303.6858,255.07188,0.7405296,306.78006,248.14787,0.19029881,315.61295,252.86353,0.5276331,318.12402,246.19292,0.036914717,308.03857,255.6659,0.058121543,309.7491,252.91173,0.016356055,296.61813,246.05394,0.034910746,307.4006,246.66858,0.020903999,298.13776,252.4924,0.04314535
62,7,843.1737670898438,272.25537300109863,22.988983154296875,18.257397651672363,278.72037,164.56778,0.68523836,278.9415,166.19322,0.6883845,281.47266,164.18411,0.4233518,283.16098,165.745,0.5828942,284.23154,163.90225,0.06692851,281.51938,168.12471,0.079802245,284.08356,166.61148,0.04893457,278.16174,163.25412,0.07431264,285.6976,159.85379,0.0453241,276.66193,165.52538,0.05803803
62,22,1406.9618225097656,484.84365463256836,220.503662109375,84.4050235748291,486.88763,311.46664,0.5960147,448.49182,296.4621,0.485946,470.6798,315.3743,0.40542784,436.3459,294.58856,0.47024715,433.1366,289.79144,0.019456321,482.80112,327.42194,0.017515678,461.7195,312.5894,0.0018844419,483.52762,297.3999,0.0088687185,475.1375,303.58115,0.0033250055,464.0502,314.31186,0.00296916
62,32,802.1479797363281,207.44016551971436,12.79229736328125,11.267852783203125,268.9776,125.3625,0.64560956,267.6104,125.14726,0.6335108,266.18527,125.07675,0.5241091,265.95358,125.27196,0.5960812,265.627,124.40314,0.06642264,267.5479,127.30433,0.06699094,268.88593,123.408936,0.048919573,266.2964,122.062965,0.061593335,268.20862,121.20022,0.039880767,260.49268,126.24471,0.050905652
63,1,1158.1034545898438,481.6673355102539,116.03384399414062,89.41617965698242,369.13455,291.31085,0.76875764,382.7236,311.8003,0.6432301,380.8601,292.61697,0.2011263,402.25775,307.37183,0.32099608,405.09763,327.5589,0.02905691,392.58734,312.3513,0.009167374,386.53717,300.99222,0.0043123798,371.1382,299.27267,0.005281096,383.30063,295.27176,0.0067882086,380.0487,293.77927,0.0039016218
63,2,1309.1966857910156,828.739912033081,335.73651123046875,269.06962966918945,392.45267,489.77216,0.6855241,433.00635,536.5924,0.5256172,387.21155,482.65588,0.21444969,430.28067,535.3062,0.1800845,459.74847,568.2119,0.015611242,422.0865,530.5204,0.0065687685,420.2112,522.9368,0.002561537,398.62042,498.81793,0.0021884493,388.14197,492.285,0.0024462652,425.69138,519.8458,0.0023774428
63,3,925.0827941894531,408.5822296142578,56.354736328125,52.970932960510254,299.01352,246.81598,0.84838665,305.02957,257.23236,0.8509905,307.21027,249.87224,0.13020058,317.48907,255.36238,0.49318781,324.16794,245.37862,0.019949209,312.09372,260.015,0.01718546,307.43085,257.777,0.0054000732,297.38593,249.70236,0.013804345,311.00226,247.1811,0.0061906893,294.47824,251.53462,0.009980583
63,7,843.0352478027344,272.74455642700195,22.7889404296875,18.184578895568848,278.53363,164.53387,0.6880011,278.90408,166.34645,0.6924596,281.52002,164.26146,0.4196989,283.39606,165.91153,0.5885311,284.56818,163.9836,0.06630527,281.61652,168.23065,0.079732016,284.01416,166.6758,0.049153507,277.9114,163.22644,0.07433021,285.68286,159.86342,0.045198016,276.71255,165.47765,0.05822194
63,22,1379.1706237792969,479.42931747436523,203.79345703125,80.27000999450684,477.70258,305.0046,0.5933375,438.75687,292.76178,0.4956475,463.50076,309.06546,0.45176312,428.99005,290.01364,0.48846814,425.95773,288.2278,0.01820764,470.3348,322.86725,0.017667595,451.57996,306.3052,0.0019523825,475.8945,289.885,0.008265025,468.41013,297.57037,0.004269866,444.29395,309.3267,0.0033989567
63,32,802.4547729492188,207.60851383209229,12.8426513671875,11.459156513214111,269.09235,125.3617,0.6449347,267.70615,125.19047,0.6349519,266.2883,125.06352,0.5272929,266.10715,125.339096,0.5987374,265.7917,124.48071,0.06610292,267.6501,127.29487,0.06641559,268.90002,123.41343,0.049035165,266.35522,122.07314,0.0610357,268.25027,121.212814,0.039493814,260.55338,126.20036,0.05073568
64,1,1157.2283935546875,481.9292049407959,114.87222290039062,89.64874649047852,369.3596,291.6053,0.7663906,382.5046,311.6043,0.6478281,381.58908,293.001,0.20783904,402.635,306.80734,0.33026683,405.61694,326.78433,0.030604342,392.60657,311.1083,0.009428618,386.8414,300.25342,0.0045555686,371.35352,299.01932,0.005441762,384.50513,295.8904,0.007387931,380.36832,293.2757,0.0041396334
64,2,1340.6993408203125,852.6133918762207,358.8208923339844,266.1762943267822,396.50858,508.77353,0.5449635,430.38687,533.9043,0.53908044,394.0821,500.6628,0.3406365,430.75296,537.2887,0.23435333,457.93466,566.35925,0.05305322,436.12122,528.73663,0.025443235,429.06168,530.74084,0.011485861,399.15195,505.27863,0.0071509467,401.69693,507.39398,0.010665846,453.54803,523.6296,0.010639939
64,3,928.1356201171875,413.12598609924316,57.419036865234375,54.58780288696289,300.55392,249.76282,0.8079107,305.76566,260.4736,0.8214527,308.3554,252.79816,0.15208726,318.58728,258.6529,0.51905113,323.27374,251.52414,0.030168483,312.4548,261.9522,0.03291923,309.56506,257.99942,0.010126033,297.54517,251.13458,0.024856478,308.44406,249.48318,0.01262275,296.98068,255.70976,0.020802645
64,7,843.0999755859375,273.5329713821411,22.87078857421875,18.372007369995117,278.28323,165.01721,0.6915564,278.8341,166.94563,0.6966492,281.4303,164.8092,0.4156859,283.55426,166.47667,0.59202856,284.8025,164.51189,0.062840834,281.60495,168.8603,0.07422375,283.86658,167.29428,0.045969106,277.56216,163.70871,0.07016784,285.7126,160.34926,0.042020626,276.6025,165.71411,0.053933877
64,22,1355.384765625,471.8687324523926,180.26971435546875,74.33008003234863,471.4499,297.0661,0.56011885,455.49948,289.13303,0.43426317,457.55063,301.25082,0.8116489,433.11612,287.02463,0.5863404,433.2112,284.82675,0.017463377,449.79276,294.70737,0.0053581195,455.27747,294.03802,0.00564124,462.13297,291.3271,0.007647825,463.02036,293.45734,0.0032762447,439.26184,286.72165,0.0028739788
64,32,802.4646606445312,208.01318836212158,12.94830322265625,11.60355806350708,268.93976,125.485306,0.6436856,267.66232,125.368195,0.63284117,266.23175,125.222084,0.5234839,266.11377,125.46584,0.5971884,265.819,124.68579,0.06541174,267.57877,127.46631,0.065248795,268.89896,123.59908,0.048125487,266.26712,122.22475,0.060327936,268.22134,121.375114,0.03918645,260.53436,126.256714,0.049785797
65,1,1156.9736938476562,481.9851837158203,114.050537109375,89.68515586853027,369.22375,291.98282,0.7642302,382.53262,311.83875,0.64714855,381.38687,293.47922,0.21258299,402.39096,306.8494,0.33513165,405.99072,326.37424,0.030464418,392.4404,311.02057,0.009344663,386.8467,300.5834,0.004477032,371.2814,299.16956,0.0053183767,384.37335,296.33554,0.0073258886,380.7578,293.46182,0.00402983
65,3,932.2760925292969,417.246374130249,60.002197265625,55.29405212402344,301.35742,252.03104,0.83658713,307.08438,263.75815,0.8522109,308.86676,254.89104,0.11287928,320.42966,261.6832,0.47998568,325.96225,253.5455,0.027231107,314.68,265.7136,0.02464483,309.5639,261.16498,0.0072791954,298.4195,253.94647,0.019630458,308.8302,251.75606,0.009716406,295.86307,258.0981,0.0143716335
65,7,843.955078125,274.2220973968506,22.699676513671875,18.637919425964355,278.47778,165.49844,0.69447106,279.18973,167.39081,0.7001802,281.58597,165.17442,0.41569695,284.01212,166.88382,0.5948091,285.1641,165.04227,0.061157804,281.9736,169.39362,0.07041226,283.85947,167.68373,0.04424192,277.6031,164.03062,0.06758672,285.67258,160.64064,0.040306684,276.61136,165.947,0.05090541
65,22,1336.7053527832031,465.4002227783203,166.9757080078125,71.48479270935059,467.3889,295.1677,0.6253452,436.88522,284.34433,0.52868634,450.0583,299.08957,0.36209434,422.48328,283.27048,0.45174974,423.16913,277.92017,0.02261319,461.9008,313.05798,0.016996793,445.77307,295.3644,0.0019451662,463.2856,281.8714,0.009302443,452.35806,291.53372,0.0042147934,446.69492,299.32904,0.0030750863
65,32,802.0960693359375,208.4500880241394,13.151458740234375,11.494523048400879,268.64227,125.7457,0.6451081,267.53958,125.65686,0.6337424,265.99286,125.51422,0.51790196,265.95236,125.67539,0.5986214,265.5608,125.01912,0.065995984,267.49078,127.79688,0.065948166,268.85114,123.82114,0.04845617,265.94724,122.42941,0.061576046,268.00903,121.506355,0.04006411,260.46533,126.44777,0.04974602
65,8,855.0609741210938,246.83766174316406,19.4044189453125,14.821320533752441,286.94284,149.54634,0.6446761,284.82928,148.36176,0.5922412,283.64725,149.57082,0.56906635,283.27704,148.33484,0.55100834,284.48563,145.41208,0.053783525,284.01508,150.88225,0.045322254,285.28464,148.78998,0.03748061,286.2741,147.39465,0.038693953,286.8056,148.20732,0.026596392,276.6205,151.92165,0.037668
66,1,1156.5401000976562,482.69143295288086,114.56973266601562,89.07500267028809,369.064,292.47873,0.7585583,382.2756,312.52664,0.6428994,381.1081,294.18048,0.21610776,401.82053,307.2702,0.34043542,405.85,325.94565,0.030405225,392.38547,310.7188,0.00924109,386.51086,301.28986,0.0044025616,371.0015,299.47488,0.0051021753,384.28177,296.9345,0.0070511913,381.41238,293.3648,0.0038408707
66,3,935.7041015625,422.18646240234375,63.154541015625,55.979676246643066,302.80145,255.47469,0.7850523,308.7972,266.897,0.80656254,310.20004,258.62292,0.15600212,321.70337,264.87027,0.5093214,325.3025,258.90918,0.033434115,315.03345,267.93912,0.03575324,311.3893,262.2846,0.010712641,299.2642,256.17026,0.02619121,306.2902,255.56464,0.013991082,298.26154,262.61826,0.024135638
66,7,844.4835205078125,274.7127742767334,22.41064453125,18.683727264404297,278.67502,165.52972,0.6946099,279.49527,167.42178,0.7012425,281.82114,165.31264,0.41965768,284.20047,167.01106,0.60060215,285.3613,165.05719,0.060177054,282.17487,169.45293,0.06918601,283.8685,167.65149,0.044264812,277.7848,164.064,0.066452,285.65692,160.73105,0.03957017,276.82162,165.90326,0.050345242
66,22,1318.4446105957031,459.62462425231934,151.32293701171875,68.82919979095459,459.97803,290.74316,0.6049303,443.62204,284.7533,0.4664177,446.82874,294.24078,0.7865244,423.32724,281.93402,0.6375201,426.19147,282.09283,0.019610487,440.09116,287.8749,0.0052760635,444.61624,287.20325,0.007693142,449.49487,283.73175,0.009111729,455.72134,286.73376,0.004087371,430.62747,277.76205,0.0035406137
66,32,801.3869018554688,208.69747352600098,13.569122314453125,11.505440711975098,268.4002,125.75197,0.6484657,267.5229,125.8337,0.6371437,265.7583,125.60214,0.5060433,265.66714,125.76918,0.59631014,265.16092,125.14321,0.06493952,267.283,127.9579,0.06613412,268.85895,123.96313,0.047778104,265.70206,122.603676,0.061176572,267.9524,121.48931,0.0398719,260.42148,126.40284,0.04919076
66,8,854.0079345703125,246.41442203521729,19.398101806640625,14.381961822509766,286.35074,149.19762,0.6477084,284.6661,148.1267,0.6009032,283.7198,149.2802,0.56848156,283.5555,148.26344,0.563384,284.91763,145.20995,0.052538715,283.96964,150.777,0.046206508,285.45676,148.82071,0.037901293,286.02368,147.3808,0.03857935,286.98236,147.70526,0.02663698,276.92188,151.86922,0.038214106
67,1,1157.296875,482.7385540008545,115.42153930664062,88.80664443969727,369.31308,292.41727,0.7558203,381.62683,313.05527,0.63919806,380.48767,294.6624,0.21979064,400.29245,307.5983,0.34692892,404.9795,325.06647,0.02914405,392.44116,310.84152,0.009298936,385.87143,302.1685,0.0044053025,370.77582,299.64474,0.004946967,383.57333,297.14282,0.0066510476,382.27625,293.12738,0.0036563324
67,3,938.7800903320312,426.2478847503662,62.975738525390625,56.80292987823486,303.60406,258.08472,0.7989511,309.12677,269.42233,0.8248142,310.8247,260.50952,0.1375222,322.42355,267.2301,0.48933077,326.87372,261.5922,0.03145289,316.2266,270.7951,0.027869307,311.63654,264.77197,0.008563147,299.97577,258.4742,0.022982012,307.14246,257.0239,0.011874334,297.43845,264.56406,0.017520512
67,7,844.8107299804688,275.01759338378906,22.075103759765625,18.869765281677246,278.62665,165.92447,0.69443125,279.5263,167.81076,0.7040281,281.67023,165.66942,0.41894877,284.18677,167.43616,0.60325974,285.16077,165.59369,0.059628733,282.1079,169.86853,0.06826832,283.72186,167.96754,0.04435711,277.67725,164.43407,0.066293836,285.52176,161.04959,0.039328657,276.86716,166.14436,0.04932206
67,22,1301.1647644042969,456.2939643859863,143.1895751953125,68.76101589202881,454.17584,286.14142,0.6321487,436.84283,282.29825,0.51320475,440.10675,290.50577,0.69654113,416.0823,279.3073,0.6209739,418.65448,280.04315,0.0126738185,431.7037,286.2246,0.0029792744,436.35236,281.58298,0.003996966,443.57623,279.42557,0.005065787,445.84375,284.56033,0.0021016493,422.53098,275.1105,0.0017989632
67,32,801.2051696777344,208.59698724746704,13.76275634765625,11.461615562438965,268.3298,125.82742,0.6487058,267.53427,125.905815,0.6382078,265.68692,125.65448,0.50547874,265.64624,125.83616,0.5974129,265.07288,125.26897,0.06456789,267.26407,128.04869,0.06595314,268.87756,124.014366,0.047534153,265.5971,122.67589,0.06107213,267.88702,121.475174,0.03972927,260.41406,126.44281,0.048813038
67,8,854.0615844726562,246.33565521240234,19.377227783203125,14.443399429321289,286.45038,149.4416,0.64941853,284.78537,148.33784,0.6045545,283.8083,149.48431,0.5694418,283.64545,148.50627,0.56491214,285.04742,145.4841,0.051752627,284.09222,151.03027,0.044932276,285.45407,149.03479,0.03718096,286.0436,147.63797,0.037949346,287.02682,147.82289,0.025992176,276.95157,151.9752,0.037016008
68,1,1158.825439453125,482.07252502441406,115.9954833984375,88.98992729187012,369.33347,292.0755,0.7624229,381.33145,313.15283,0.64463216,380.54346,294.3367,0.21586369,400.8786,307.564,0.34234357,404.90997,325.93576,0.027759964,392.74142,311.1447,0.008992404,386.0628,302.09363,0.0042873365,370.66867,300.04837,0.0048319683,384.0153,296.88968,0.006442829,382.09238,293.03714,0.0035617186
68,3,943.4691467285156,429.9005126953125,63.43597412109375,59.73313808441162,303.6309,259.6109,0.80365616,309.74106,273.06256,0.76766723,311.96448,265.06143,0.1218079,324.5184,269.8768,0.45565483,326.42984,260.83383,0.033334203,315.70746,273.28784,0.048696306,315.82388,271.0628,0.011202735,302.1773,261.17798,0.029472552,315.34888,265.9934,0.01627292,304.29132,270.48874,0.034507442
68,7,845.3414611816406,274.4659938812256,22.494140625,18.796792030334473,278.87067,165.86168,0.69794,279.67776,167.86938,0.70591563,281.6005,165.67894,0.41981763,284.22714,167.35498,0.60692143,285.14633,165.53491,0.061801504,282.33783,169.77585,0.07138036,283.58832,167.87352,0.047451667,277.7006,164.30672,0.06894183,285.41318,161.17067,0.04144995,276.9383,166.01706,0.05197239
68,22,1289.4375915527344,449.26329803466797,132.46636962890625,66.87712669372559,449.85507,282.7234,0.6868551,435.71997,278.12347,0.5097414,434.2976,285.6998,0.6813955,412.6293,273.7822,0.5699272,415.404,274.21393,0.022791106,430.2545,279.71625,0.008020568,433.58737,279.07233,0.012283459,438.62204,277.49216,0.011690993,445.13058,279.94705,0.0055762012,423.46277,268.97742,0.005843447
68,32,801.6200866699219,207.63019466400146,13.449462890625,11.457972049713135,268.50888,125.31347,0.645378,267.53152,125.291016,0.62984025,265.9407,125.16354,0.516364,265.85645,125.29843,0.59641486,265.62494,124.428856,0.064697534,267.34015,127.41868,0.065919034,268.9945,123.5312,0.048079506,266.00565,122.1478,0.060024094,268.18436,121.31773,0.039488256,260.45297,126.28415,0.050240558
68,8,853.6942749023438,244.5750274658203,18.7196044921875,14.019155502319336,285.97668,148.54936,0.64380217,283.95764,147.7464,0.60416645,283.57938,148.48343,0.5577111,283.05365,147.8163,0.5611798,284.4463,145.08014,0.05762732,283.74066,150.12926,0.05228371,285.56604,148.26382,0.04261299,285.6911,146.59033,0.04447097,287.23016,146.63524,0.030699056,276.82312,151.32254,0.04309008
69,1,1158.592529296875,481.84119415283203,116.71234130859375,89.13922119140625,369.46213,293.13184,0.7620613,383.31323,313.03864,0.6749619,379.23138,294.24628,0.1982011,400.0329,308.21106,0.32688522,398.09515,330.0403,0.027791275,379.49588,318.04742,0.007909473,385.25754,297.38895,0.0022261147,375.00693,299.583,0.0051681306,380.86478,298.48236,0.007606057,363.05527,295.0476,0.002641433
69,3,947.1016845703125,433.2172164916992,65.33834838867188,60.87091827392578,305.84497,262.5284,0.8236005,311.22623,275.12543,0.8114259,314.90997,267.10538,0.124040045,326.4789,272.38492,0.48954853,331.14014,264.10037,0.026349891,318.44974,276.02115,0.034747593,316.82758,272.97595,0.007749319,302.72156,264.54944,0.022790132,316.08386,265.2368,0.01131114,304.0052,270.68103,0.022003587
69,7,845.5897521972656,274.04051399230957,22.83929443359375,18.778278350830078,279.07236,165.54776,0.70171237,279.87784,167.59612,0.7059781,281.7144,165.3687,0.41770065,284.4923,166.96075,0.6033813,285.44608,165.0166,0.06383997,282.63455,169.48306,0.07428562,283.7248,167.57687,0.048464634,277.78128,164.00784,0.07030629,285.299,160.93604,0.04292611,276.90436,165.84409,0.054208353
69,22,1275.5394287109375,443.2991123199463,126.24911499023438,63.91516971588135,443.72568,277.11166,0.71236503,428.89407,276.50598,0.5949264,428.63873,281.54004,0.55576664,407.35083,272.3774,0.5886207,409.52423,272.80914,0.013732636,421.5507,278.2633,0.004316725,426.20105,274.7695,0.0059250956,433.8129,272.9712,0.0057943133,437.45627,279.22934,0.0028349939,415.5264,267.52036,0.002647947
69,32,801.9299926757812,206.73669719696045,13.006072998046875,11.100740432739258,268.79953,124.76032,0.6452022,267.68625,124.73284,0.6277919,266.2238,124.61799,0.5229102,266.04297,124.748764,0.59694946,265.9687,123.64568,0.064823195,267.50217,126.8185,0.06704169,269.16986,123.04854,0.04897391,266.3911,121.644516,0.059428316,268.4051,121.00003,0.03936076,260.57748,125.99486,0.051935762
69,8,853.6259765625,243.9847011566162,18.487518310546875,13.711014747619629,286.29065,148.38747,0.64397293,284.08295,147.43488,0.60224146,283.64316,148.22238,0.5623697,283.0186,147.51921,0.5575195,284.4251,144.76945,0.0575435,283.77975,149.86769,0.052169815,285.5582,148.03354,0.042219874,285.93393,146.3951,0.043855615,287.32916,146.4875,0.030266423,276.7882,151.12178,0.04324452
70,1,1158.5613098144531,481.37389755249023,116.80609130859375,88.89702415466309,369.24622,292.9216,0.7629961,383.10513,312.6051,0.67288554,378.5535,293.94244,0.20021465,399.43515,307.66843,0.32833478,398.01163,329.05643,0.02792539,379.85223,317.576,0.00815876,385.23206,297.55246,0.0022834006,374.67374,299.19016,0.0052493857,380.572,297.94507,0.0076462035,363.48743,294.60507,0.0027025293
70,3,951.3169555664062,437.2099914550781,69.51434326171875,63.32229423522949,306.15326,265.6119,0.8756564,313.273,278.2893,0.8921697,314.6481,266.78287,0.0686899,327.74173,275.9214,0.36411855,337.4497,264.7199,0.005843021,321.39084,282.219,0.0017585903,314.15378,280.5805,0.0006079899,306.33395,268.51984,0.0021441174,324.78903,266.20682,0.000693272,295.4269,268.41663,0.0009299208
70,7,845.4797973632812,273.72480297088623,23.029266357421875,19.2381591796875,278.74893,165.64568,0.7043921,279.64908,167.69626,0.70553434,281.56738,165.40523,0.4115267,284.4059,167.0245,0.59900874,285.53067,164.96461,0.062147986,282.46204,169.63672,0.071717754,283.7235,167.85562,0.045799337,277.43564,164.16673,0.06776852,285.4536,160.94661,0.04127466,276.63986,165.75835,0.05218612
70,22,1260.9108581542969,437.83286476135254,119.15643310546875,59.96186828613281,437.37564,274.59897,0.70121205,425.45908,271.92,0.5746899,423.48053,278.0137,0.6127955,406.96918,268.2449,0.5692423,409.20712,267.92352,0.02503156,420.69693,273.04102,0.010914819,422.22723,272.44476,0.016379861,428.4151,271.1038,0.01373905,433.9596,274.25772,0.0062762015,416.5623,264.4135,0.008304139
70,8,853.8162231445312,243.66850090026855,18.248748779296875,13.586259841918945,286.37204,148.09776,0.6433444,283.9134,147.17693,0.6021091,283.73294,147.9646,0.56654596,282.99017,147.21208,0.5600666,284.42996,144.64061,0.05964871,283.7436,149.50731,0.054857712,285.5103,147.75752,0.044037197,285.92386,146.09247,0.045977537,287.35458,146.14069,0.031983502,276.89575,150.72397,0.045704562
71,1,1158.5802612304688,480.3386764526367,116.89828491210938,89.51351165771484,369.60153,293.0443,0.76234525,382.5824,312.46985,0.67142546,378.55362,294.07526,0.20389998,399.34998,306.99725,0.33465186,397.4022,328.1689,0.028221864,380.56415,317.2496,0.008412385,385.23352,297.58398,0.0023339842,374.77982,299.17862,0.0053462926,381.30298,297.7174,0.007707611,364.07593,293.75964,0.0027432004
71,3,956.5131225585938,440.6285591125488,73.81704711914062,67.23143577575684,307.32367,267.108,0.86013556,315.43677,281.42993,0.88990223,315.20264,268.49026,0.05155013,329.4216,278.92288,0.31389096,338.9832,268.1676,0.005865069,323.1879,284.61636,0.0013085484,315.76312,281.51883,0.0005451433,308.43887,270.04108,0.0018485095,324.62805,268.09622,0.0006490521,295.2211,270.5857,0.0007065752
71,7,845.4743041992188,272.76912117004395,22.911346435546875,19.052867889404297,278.6391,164.87111,0.7012866,279.28888,167.01222,0.7011658,281.82626,164.71518,0.4175811,284.53104,166.2097,0.5973891,285.93005,164.14203,0.06296055,282.44043,168.78905,0.073620945,283.8509,167.29506,0.04536207,277.49084,163.34344,0.06843826,285.60178,160.37622,0.041158307,276.58066,165.36084,0.054414064
71,22,1245.434326171875,432.7822093963623,118.88516235351562,59.490966796875,431.95483,271.1673,0.71962076,419.75763,268.57364,0.58618504,416.68332,274.79712,0.59863716,399.1737,264.15134,0.57872707,401.21997,263.90765,0.0137622915,414.11823,270.7333,0.004145805,416.24036,267.38156,0.006000825,420.94037,265.56592,0.006112808,426.0099,270.66202,0.0024014122,406.45508,260.12762,0.0027515094
71,8,852.8054809570312,241.97482109069824,17.602935791015625,14.626708030700684,286.11115,147.31424,0.66351646,285.24176,146.13022,0.65986484,283.1438,147.23201,0.5405331,282.95477,146.27477,0.60681665,282.13992,145.21933,0.04515551,284.16663,149.44904,0.033395365,284.15607,144.74352,0.029030912,283.80823,143.73973,0.03586812,284.0692,143.15967,0.020006334,277.12085,146.9001,0.023959715
72,1,1157.606689453125,480.24304389953613,116.41763305664062,89.5858154296875,369.94034,292.7837,0.76145524,382.3043,312.2085,0.67168003,378.4068,293.81723,0.20603968,398.9945,306.62354,0.3388245,396.75677,327.2126,0.028539604,380.7503,316.94806,0.008798808,385.33603,297.4969,0.0024374712,374.698,299.0496,0.0055389223,381.2577,297.5131,0.007897897,364.52313,293.03732,0.0028175132
72,3,959.6893615722656,444.40813064575195,73.74224853515625,68.58241939544678,309.04996,269.6087,0.7990696,315.79575,283.49808,0.82447666,317.05823,273.25687,0.11414362,331.15335,281.38654,0.46920592,334.70493,274.22333,0.02400364,322.6262,283.97488,0.02718434,319.0271,278.29507,0.006545618,305.30255,270.7498,0.019238675,314.1938,271.86066,0.008943477,305.20026,278.64896,0.018185942
72,7,845.4957275390625,272.5001449584961,22.765228271484375,18.574756622314453,278.51398,164.24944,0.7014729,279.24344,166.38701,0.6979419,282.1349,164.1617,0.41543466,284.6984,165.66537,0.5924254,286.36423,163.21443,0.0633106,282.56824,168.25105,0.07387495,284.08444,166.96155,0.044619586,277.69073,162.79605,0.067662075,285.9547,159.91324,0.040739186,276.53275,165.23196,0.055132296
72,22,1233.1248779296875,426.65348625183105,114.91159057617188,57.66954517364502,428.28543,267.2879,0.6949332,416.0772,264.08466,0.56554955,413.35602,270.44498,0.60919774,397.00732,260.6533,0.5537829,398.82452,259.4611,0.02052138,411.1288,265.94363,0.009546018,413.5835,264.39615,0.012808257,418.3954,263.58737,0.01118987,424.83112,265.79724,0.0046292194,406.43762,256.70026,0.006997726
72,8,852.7611694335938,241.43820762634277,16.612152099609375,14.59701919555664,286.26074,146.42749,0.6564041,285.14008,145.34483,0.64831233,283.41016,146.39291,0.5472636,283.1473,145.44717,0.6017363,282.6881,144.2806,0.0467569,284.11725,148.44014,0.035388056,284.3622,143.85658,0.03013233,284.10703,142.9088,0.03679714,284.20676,142.61662,0.021071382,276.99313,146.34634,0.02618209
73,1,1157.5940551757812,480.253137588501,116.21731567382812,89.3833236694336,370.18906,292.0487,0.76965535,381.90717,311.8472,0.68344074,378.11618,292.8438,0.20270886,398.893,306.09955,0.33481026,396.06018,327.297,0.028026382,380.865,316.2689,0.008835362,385.29984,296.50363,0.0025343073,374.6216,298.6347,0.005626411,381.49106,297.01663,0.008132951,364.7262,292.65958,0.0029695595
73,3,962.9820556640625,448.7267875671387,75.7415771484375,69.96023368835449,309.3489,272.0101,0.82117057,316.60468,286.31067,0.8484678,317.08853,275.36316,0.089257024,332.66965,283.9895,0.4414251,337.37823,276.41568,0.021518316,324.6969,287.0299,0.020243699,319.44217,280.70776,0.0047926283,305.2409,272.96945,0.015796743,314.4311,273.32324,0.007057196,303.94434,280.80008,0.012401233
73,7,846.114990234375,272.6792049407959,22.83563232421875,18.350197792053223,278.53442,164.17566,0.70483196,279.2205,166.42332,0.7020098,282.1625,164.13998,0.41286623,284.82657,165.65302,0.59246606,286.57993,163.11507,0.06355346,282.73975,168.22249,0.07385962,283.97873,167.00087,0.044361457,277.64618,162.6767,0.06783073,285.94464,159.99855,0.04032786,276.49805,165.2575,0.05510711
73,22,1221.778564453125,422.2657699584961,112.33493041992188,56.198055267333984,423.5799,263.88422,0.6983472,411.98785,261.13034,0.5793595,410.38654,266.72064,0.61338216,392.84372,257.86172,0.56872857,394.7051,257.4207,0.025741797,406.17807,262.63394,0.011973813,409.28662,262.9306,0.015938586,415.58392,260.8517,0.014365272,421.28558,263.36224,0.007716324,401.38782,253.59305,0.008324379
73,8,851.8893127441406,241.29161739349365,16.59228515625,14.697132110595703,285.67728,146.4341,0.6628873,284.55115,145.36461,0.6574442,282.90814,146.32243,0.5404718,282.6361,145.46227,0.6046892,282.19077,144.63106,0.04873652,283.86493,148.358,0.03753093,284.0011,144.16835,0.03210879,283.35727,142.99878,0.040150866,284.4048,142.17326,0.022849444,277.0905,145.93388,0.027410123
74,1,1158.8987731933594,479.67136001586914,117.075439453125,88.90742683410645,369.2138,290.271,0.8055234,381.2998,310.58243,0.6852326,378.40933,288.1509,0.18196216,404.2151,305.5559,0.27091107,399.8438,335.20154,0.03775023,396.49207,316.8575,0.024189545,390.978,297.7477,0.015043201,371.20547,300.27106,0.01106216,384.45825,293.56512,0.017474696,374.46606,295.21262,0.016242826
74,3,968.1014099121094,453.37699127197266,79.22607421875,71.36392593383789,310.30093,275.13916,0.8385474,318.13586,290.0219,0.86613506,317.83377,278.3728,0.07062731,334.6989,287.07718,0.40528792,340.93036,279.52097,0.020150634,327.59088,290.93896,0.01397489,320.0687,284.10953,0.003418713,306.10394,276.20435,0.012541933,314.8611,275.57425,0.0055931997,302.66962,283.342,0.007997927
74,7,847.1540222167969,272.8091354370117,23.4364013671875,18.125561714172363,278.73596,164.07622,0.70801795,279.4021,166.34087,0.70249027,282.34613,164.01094,0.4098816,285.141,165.4953,0.58576566,286.98196,162.79802,0.06213255,283.00055,168.19919,0.07093229,284.0515,167.04019,0.041631438,277.88937,162.55046,0.06470306,286.03024,160.12398,0.038072944,276.36606,165.40564,0.052807175
74,22,1211.824951171875,417.8877353668213,106.98641967773438,55.61455249786377,420.2991,261.7347,0.72930104,409.41116,259.51913,0.5994415,406.76813,264.5868,0.53888863,390.763,256.29355,0.52720714,392.67905,254.99832,0.031581268,404.60254,261.00195,0.020657865,407.1094,261.84586,0.02256685,411.75275,260.38153,0.021206293,419.57996,260.1138,0.011350953,400.4462,251.92462,0.014107543
74,8,850.970947265625,240.939471244812,17.6055908203125,14.949886322021484,285.47916,146.32547,0.66876405,284.30576,145.16986,0.66329885,282.57513,146.21828,0.54206955,282.08896,145.28584,0.6133616,281.51016,144.66112,0.050368972,283.69513,148.12659,0.040025532,283.80557,144.16368,0.034697834,282.88724,142.90878,0.043303363,284.5292,141.79549,0.024713315,277.34122,145.52765,0.028859653
75,1,1159.3619384765625,479.45923805236816,118.30645751953125,88.39867401123047,369.2788,289.65985,0.80263233,381.44388,310.21774,0.68213207,378.26523,287.96118,0.18421464,403.74396,305.26926,0.2756385,399.9976,334.51254,0.039638102,396.17514,316.4229,0.025772188,390.63306,297.0215,0.016259992,371.24646,299.37454,0.011605651,383.8589,293.1162,0.01868325,374.18945,294.77225,0.017425438
75,3,973.8652954101562,459.18910217285156,81.05996704101562,73.55935478210449,311.95947,277.61978,0.8274742,319.10043,294.16772,0.8767314,318.08926,280.84842,0.054094,334.22183,290.69635,0.36559278,340.02917,284.20074,0.02188233,327.84067,294.51385,0.012453724,320.21793,286.75922,0.0036367713,309.21948,279.26813,0.012224014,315.38763,278.89536,0.0058308737,302.25095,286.55533,0.0067853862
75,7,847.8988037109375,272.731990814209,24.266876220703125,17.96421718597412,278.72375,163.85681,0.71315706,279.6627,166.06097,0.6998828,282.3685,163.69824,0.4001667,285.52982,165.18106,0.5732134,287.4885,161.98787,0.060053546,283.3028,168.12079,0.06744465,284.26047,166.98474,0.03796074,278.0529,162.25679,0.06018173,286.081,160.22774,0.035302017,276.01605,165.72115,0.0500029
75,22,1200.2260437011719,414.02210998535156,98.6839599609375,54.6392240524292,414.8269,257.566,0.7460229,405.21954,257.85803,0.62601316,401.24094,261.4979,0.5083631,385.73907,253.2898,0.5685714,386.4851,253.56981,0.010640552,396.37698,260.14523,0.0038243274,398.84842,254.03098,0.0032883328,404.7707,252.87257,0.0042870073,402.06366,260.44302,0.002186218,386.04608,251.07124,0.002135592
75,8,850.29638671875,240.38583755493164,18.489715576171875,15.191697120666504,285.44156,145.88962,0.67247266,284.2882,144.83646,0.6654716,282.54477,145.91098,0.54026043,281.90707,144.93886,0.6204893,281.205,144.25652,0.052646585,283.6582,147.73111,0.043848705,283.84357,143.86569,0.038153224,282.73346,142.59073,0.046670202,284.57715,141.44086,0.027312798,277.6082,145.143,0.03140843
76,1,1160.0894165039062,478.00657081604004,118.93661499023438,89.38538360595703,369.50598,288.5272,0.80219334,381.5344,309.43753,0.6801479,377.9515,286.9576,0.1818341,403.27673,304.91275,0.27079213,399.3746,334.07104,0.039427284,395.9472,316.35623,0.026755396,390.71774,296.22702,0.016720077,371.31287,298.65268,0.011849558,382.98297,292.05035,0.018723147,373.99445,294.2347,0.017679617
76,3,978.1627807617188,463.4259796142578,84.95947265625,76.24262809753418,312.65408,280.46594,0.87577623,320.80188,297.34137,0.8918577,320.5232,284.92825,0.05096511,338.77518,294.74588,0.40868226,344.22296,282.96246,0.016274728,330.57227,298.27203,0.01786324,324.0639,293.16776,0.0031617759,307.87524,282.99188,0.0122804865,323.11694,284.0187,0.0047047627,308.26596,289.85553,0.009605128
76,7,848.496826171875,272.483304977417,25.557403564453125,18.21529769897461,278.13922,163.77231,0.7213739,279.44812,166.01071,0.7021616,282.22943,163.63268,0.38859197,285.82718,165.09451,0.5671385,288.0766,161.28352,0.05770057,283.44025,168.2651,0.064210385,284.22293,167.29343,0.03479768,277.67523,162.07901,0.056840263,286.22903,160.40115,0.032593608,275.59256,166.11325,0.047373164
76,22,1189.8240966796875,409.255313873291,94.88223266601562,51.794657707214355,410.5886,255.00717,0.73689836,401.3257,252.39868,0.60107476,397.11627,257.2871,0.5436604,383.75677,248.8133,0.52089715,385.26492,247.82028,0.033228356,396.34256,253.56569,0.021679945,398.1471,254.08044,0.023731206,401.93744,253.0723,0.022338606,409.36084,252.8648,0.011967502,392.6953,244.47571,0.015532276
76,8,850.9572143554688,239.3639030456543,18.973480224609375,15.514180183410645,285.63837,145.39166,0.6718693,284.63443,144.22067,0.65893143,282.80804,145.49779,0.551471,282.24002,144.35104,0.6229416,281.613,143.49228,0.053016044,283.90848,147.11226,0.044794623,284.11554,143.31303,0.038969025,282.86655,142.12921,0.04686977,284.62494,141.01485,0.027998911,277.81448,144.7067,0.032625753
77,1,1160.8766784667969,476.2581481933594,118.875,89.97506618499756,369.69604,288.05707,0.7988398,381.88818,308.5987,0.67734516,378.27548,286.07928,0.18253419,403.64404,304.06396,0.27038375,399.04498,333.63373,0.041854214,395.9729,315.51337,0.028680487,390.8949,295.3505,0.018127276,371.8327,297.8861,0.012821993,383.61566,291.22107,0.020372793,373.76074,293.55048,0.019334415
77,3,983.635986328125,468.1561088562012,88.58514404296875,77.42266273498535,314.98123,283.07196,0.894482,323.1067,300.73846,0.8972178,324.99942,288.71896,0.04446636,341.30444,297.45273,0.41034105,350.45712,283.00262,0.008003728,333.08298,301.84543,0.0094102025,329.7966,299.89856,0.0014312528,311.08765,288.25888,0.0058845184,334.96967,287.82553,0.0019194185,311.4251,291.3642,0.0046920436
77,7,848.6116333007812,271.2216968536377,26.4715576171875,18.141989707946777,277.8763,162.83865,0.7266852,279.42978,165.2107,0.6982183,282.1176,162.90338,0.37501398,285.93643,164.3253,0.5585421,288.39725,159.69106,0.05878977,283.57758,167.55646,0.06728286,284.34155,166.60486,0.03577024,277.7991,161.06189,0.05750333,286.34314,160.25227,0.03333274,275.4371,166.344,0.050135564
77,22,1181.6013793945312,403.9774475097656,95.59982299804688,48.508904457092285,408.37567,251.68085,0.71901447,398.75037,247.88084,0.5722706,395.5605,254.04584,0.5535625,381.59842,244.62271,0.4765373,383.3469,242.83507,0.045462146,396.4397,249.90126,0.03649214,398.273,250.97171,0.030218707,399.1447,250.13676,0.03744074,408.00443,246.00557,0.017636102,391.6433,241.39542,0.025345432
77,8,852.3563232421875,236.84418869018555,18.63336181640625,14.861000061035156,286.35944,143.80417,0.65952575,284.86392,142.44339,0.6311246,283.22452,143.93661,0.57429785,282.2745,142.57649,0.6148937,282.3568,141.42418,0.053170443,284.08572,145.23618,0.045790806,284.97034,141.4278,0.038473397,283.60562,140.51175,0.044961642,285.03094,139.7551,0.028157484,277.3375,143.8482,0.03494201
78,1,1160.4592895507812,475.629301071167,118.65646362304688,90.12884044647217,369.6805,287.4549,0.7981128,382.03287,308.066,0.6759895,378.07016,285.35504,0.18152323,403.32043,303.61514,0.2678948,398.6267,333.28897,0.042136695,395.74362,315.29684,0.029660737,390.7412,294.89975,0.018833183,371.993,297.3055,0.013051582,383.19052,290.52768,0.02073102,373.5767,293.26062,0.01994583
78,3,988.8258361816406,473.854305267334,90.4398193359375,80.08662414550781,316.3695,285.66455,0.8919184,325.2539,304.18506,0.90812266,326.21097,290.36572,0.03730609,341.9288,300.22815,0.333954,354.13513,285.66412,0.0029548204,334.22113,305.85745,0.0012625549,330.16315,304.83688,0.00028011028,315.35794,291.8506,0.0011366047,340.34897,290.646,0.000313944,306.78323,291.79416,0.00062252535
78,7,848.4688110351562,270.10806941986084,26.802886962890625,18.326997756958008,278.19827,162.29733,0.7107657,279.7171,164.50179,0.68208164,282.65314,162.42163,0.39276105,286.0356,163.66862,0.5606868,288.30762,159.45132,0.05929741,283.5003,166.87065,0.06793838,284.93924,165.77086,0.036622323,278.4585,160.50574,0.05725557,286.4303,159.54272,0.03413274,275.73288,166.16599,0.051574666
78,22,1175.5743713378906,399.7030277252197,94.0623779296875,49.130516052246094,406.76294,249.21165,0.7103845,395.86884,246.26326,0.5647147,392.01102,252.42178,0.52515316,378.05826,243.42406,0.45751256,380.4554,241.73184,0.023142166,390.78867,248.86278,0.014942622,393.56418,247.82874,0.0131200235,397.7542,248.7584,0.013455262,405.74503,246.36984,0.0056155375,388.47977,238.58902,0.01153234
78,8,850.1158447265625,233.86001014709473,20.426422119140625,15.813643455505371,284.95718,142.11342,0.6579846,283.23642,140.5951,0.6170462,281.55606,142.20642,0.5628376,280.4718,140.73434,0.60257864,280.7717,138.8336,0.059581473,283.02567,143.54144,0.05863777,284.97427,140.12221,0.046680856,282.72516,138.87617,0.05429037,285.3872,138.0615,0.035214514,276.44278,143.23715,0.044349864
79,1,1159.82080078125,475.3941078186035,118.40972900390625,89.5909652709961,369.3942,287.39505,0.79480773,381.9968,307.53235,0.67236537,377.61432,285.51263,0.18466395,402.84756,303.145,0.2706852,398.2836,332.506,0.042637877,395.55713,315.2105,0.030639816,390.47992,294.67343,0.019364122,371.73096,297.12448,0.013241668,382.52155,290.35437,0.02108311,373.71616,293.17532,0.020184282
79,3,994.4351806640625,479.80020904541016,94.0572509765625,82.29925346374512,317.8368,289.59833,0.8405966,326.91263,308.87402,0.8884478,323.88712,293.75296,0.040324915,343.14346,305.54718,0.35050434,348.4897,296.33878,0.01745334,335.33466,308.6203,0.013431356,327.37033,300.4528,0.0029909357,314.2775,292.19107,0.010231218,321.64438,293.87985,0.0045150965,308.90375,300.6674,0.007578288
79,7,848.2738952636719,268.91508293151855,26.77496337890625,19.23424530029297,278.83826,162.23302,0.68687975,280.34088,164.29736,0.7126758,282.30112,161.92018,0.4174266,285.76416,163.76132,0.58575314,287.07858,162.03975,0.04231834,282.82928,166.76825,0.033186104,283.55527,164.97946,0.024137687,279.2387,160.80936,0.037026413,286.33725,157.73653,0.020024812,275.99673,162.12648,0.023782542
79,22,1167.2559814453125,395.9389057159424,89.83941650390625,49.163140296936035,402.15793,246.59758,0.77276945,394.17004,244.39394,0.64255744,388.23712,248.28456,0.45698506,375.1524,240.41452,0.45202696,375.4905,238.80962,0.06178445,391.2063,245.3775,0.06504807,393.70444,246.63428,0.03691762,391.3016,244.62578,0.05992352,401.8216,239.81026,0.034140207,383.18176,236.20407,0.037129562
79,8,849.7197875976562,232.6581916809082,20.62939453125,15.816553115844727,284.7744,141.95833,0.6600943,283.0369,140.52762,0.61767167,281.98813,142.0062,0.5604292,280.99124,140.50877,0.59135646,281.70984,138.63094,0.05740153,283.07632,143.29689,0.05507917,284.99167,140.47646,0.042332157,282.85907,138.97044,0.051424608,285.82648,137.981,0.0326703,276.42084,143.03175,0.041932132
80,1,1159.8099975585938,474.99478912353516,117.73114013671875,89.23284530639648,369.15317,286.6571,0.7960558,382.24445,307.0711,0.67301154,376.9784,284.4577,0.18029569,402.7858,302.73672,0.26425675,397.94464,332.80084,0.04229795,395.69562,315.16415,0.031348,390.49762,293.95865,0.019785918,371.5754,296.4051,0.013266576,381.95444,289.6326,0.021288777,373.52142,292.90793,0.020698166
80,3,1000.4161376953125,485.40951919555664,96.82571411132812,86.31329727172852,319.62674,291.2956,0.90557855,328.54144,312.60397,0.92300427,329.24048,295.99796,0.020698553,345.80508,308.63245,0.29651418,358.8686,294.10632,0.0047231033,339.23068,313.58264,0.0018569203,332.40616,309.73154,0.0004272761,317.62064,297.31,0.0018059871,340.01706,295.69666,0.00061635184,308.0975,298.2862,0.0009238687
80,7,848.2975158691406,267.837890625,27.0113525390625,19.990885734558105,278.55072,161.7748,0.7026576,280.13892,163.95108,0.72586274,282.23517,161.32437,0.4059391,285.83325,163.4455,0.5919142,287.32486,161.31158,0.042162366,282.937,166.50414,0.035057846,283.30243,164.8501,0.02468087,278.62033,160.30418,0.03824014,286.5553,157.20622,0.020293016,275.92484,161.57822,0.024903277
80,22,1160.2604370117188,391.7588052749634,85.32467651367188,46.70056343078613,400.4275,241.80087,0.7304439,392.89236,242.07541,0.6259317,387.52185,246.20518,0.5346216,374.52957,238.36826,0.5825273,374.6344,237.83835,0.007877135,383.21606,245.25038,0.0025849668,384.4973,236.97794,0.002137371,391.33905,236.87773,0.00280919,383.8593,245.96707,0.0013287511,371.4335,238.15907,0.0014546798
80,8,849.4971313476562,231.3338327407837,20.693115234375,15.880926132202148,284.50098,141.14935,0.6640119,282.58527,139.88828,0.62425756,281.72803,140.92334,0.5429129,281.0281,139.8079,0.57113326,281.87845,137.75279,0.060231213,282.98532,142.5364,0.059002094,284.89352,139.96056,0.043326806,283.12662,138.13928,0.05413878,286.0617,137.39647,0.033906724,276.20367,143.04117,0.04499885
81,1,1158.92431640625,475.0280570983887,116.52639770507812,89.39115142822266,368.95706,287.50644,0.77304095,383.3006,308.4714,0.65313566,381.29843,288.50406,0.18813172,402.95062,304.82883,0.29745686,403.19632,327.58463,0.03151623,390.60333,311.28543,0.011012278,386.9123,296.72525,0.005628498,372.11935,296.94202,0.006193187,382.45453,291.58936,0.008249429,377.20547,291.691,0.0052237343
81,3,1006.4534912109375,493.6670322418213,99.34286499023438,89.72846603393555,321.3282,298.26752,0.89822954,330.46326,318.61792,0.9151509,330.2863,303.36414,0.02575165,350.46246,315.02173,0.33846864,358.5216,302.49643,0.010768839,342.0438,319.38568,0.008622747,333.8201,312.7454,0.0012924032,316.30048,301.7088,0.0067346757,332.23804,302.13068,0.002418246,313.8418,308.55737,0.0041755647
81,7,848.3836669921875,267.3850908279419,27.64178466796875,20.86849594116211,278.5379,161.45004,0.71426105,280.27505,163.66933,0.73528165,282.51648,161.05557,0.40142,286.26157,163.22299,0.59740114,288.06934,160.67752,0.04235542,283.4396,166.27986,0.0358375,283.13998,164.79398,0.025044877,278.4815,159.94931,0.03905267,286.7303,156.962,0.020376956,276.1236,161.23363,0.025529016
81,22,1151.6700439453125,389.5373954772949,81.82369995117188,43.610761642456055,396.2568,241.2619,0.7539172,387.60568,239.10858,0.6029465,383.2473,243.86078,0.4062185,371.68726,236.80858,0.39484295,374.58185,233.88493,0.04069054,384.20267,241.43443,0.045542106,386.69186,242.57094,0.022056278,386.9314,243.11682,0.033638816,397.4537,237.20236,0.016437426,381.15533,231.61371,0.030679949
81,8,849.9310913085938,228.8448371887207,19.178009033203125,16.03678607940674,285.34985,138.92886,0.66070336,284.4669,137.7653,0.65790945,282.443,138.64813,0.5317893,281.79745,137.65424,0.6106333,280.56503,137.31763,0.049864773,283.59253,140.92114,0.039531138,284.23352,136.27734,0.03351075,282.48465,135.1923,0.04325247,283.80978,133.78244,0.024402,277.11633,137.7015,0.027679661
82,1,1158.9577331542969,474.99072074890137,116.35784912109375,89.51405239105225,368.82602,287.77814,0.77403563,382.91092,308.62823,0.6521078,381.29626,288.75522,0.1872536,403.3816,304.81894,0.29695928,403.15308,327.92163,0.030923346,391.23892,311.44858,0.010752363,387.0039,296.89005,0.0054103606,371.8964,297.31555,0.0059957276,382.98697,291.601,0.007923472,377.29224,291.49728,0.005023273
82,3,1013.0356750488281,501.4204788208008,102.7459716796875,95.52847480773926,323.3132,301.40085,0.9139873,333.02246,324.9098,0.92795324,333.2938,307.56815,0.016286846,351.55646,321.168,0.3102892,364.27426,303.88513,0.0040752497,343.37323,325.2061,0.0031791076,339.44,321.7488,0.0004874627,319.8809,309.61832,0.0020145809,346.2232,308.1127,0.0006700599,314.93195,310.6574,0.0015201595
82,7,849.2891235351562,268.0364942550659,27.767120361328125,20.61038589477539,279.00278,161.85861,0.70593166,280.61017,163.9785,0.7299318,282.87796,161.50648,0.40751994,286.39667,163.53885,0.5926129,288.18198,161.24057,0.041531254,283.60873,166.61703,0.03316612,283.4175,164.95966,0.02346871,279.18268,160.32622,0.0369903,286.6689,157.40443,0.019237082,276.20724,161.74759,0.023592364
82,22,1144.9638061523438,386.18644523620605,79.49533081054688,44.193002700805664,393.72415,238.0441,0.74174064,387.26904,236.80971,0.61441404,381.63144,241.6435,0.5856113,370.0766,233.10498,0.5982319,370.31674,232.20021,0.023071004,379.7966,238.2416,0.012194156,380.50882,235.43024,0.012150403,385.49222,234.68495,0.011896954,384.30978,239.87663,0.0072419047,372.3424,231.64162,0.008105307
82,8,850.3970031738281,228.15285301208496,18.30010986328125,15.977614402770996,285.37543,138.99055,0.658637,284.49957,137.73143,0.65406674,282.4179,138.6888,0.5359542,281.72446,137.60236,0.61149514,280.4381,137.33005,0.050366517,283.57898,140.91516,0.039838612,284.2345,136.24593,0.033745546,282.4669,135.19359,0.043604486,283.6975,133.81245,0.02472865,277.06927,137.70502,0.027905347
83,1,1159.5,474.8294792175293,116.7513427734375,89.37341022491455,368.80496,287.96884,0.7764398,382.7273,308.8736,0.65221864,381.41013,288.78677,0.18550165,403.95688,304.83636,0.29519814,403.35175,328.397,0.03001387,392.05695,311.45114,0.010373515,387.26913,297.07858,0.005136116,371.80722,297.61148,0.005780449,383.76166,291.51666,0.007569504,377.45807,291.32373,0.0048029786
83,3,1022.161376953125,510.4461421966553,109.73794555664062,98.27359771728516,325.5905,305.99393,0.7880332,336.67392,331.6689,0.6801661,336.58594,303.73416,0.16541587,357.9972,324.25024,0.28295818,355.08685,352.31122,0.026517078,347.28845,330.14587,0.008221629,340.89706,313.85406,0.0036104356,328.39304,313.4427,0.005325159,341.6091,311.00504,0.006888062,331.67963,309.55392,0.0041537774
83,7,850.242919921875,268.50847721099854,27.788177490234375,20.314836502075195,279.4088,162.14302,0.69856733,280.9013,164.1246,0.72332424,283.1828,161.76306,0.41400838,286.53802,163.65479,0.5882637,288.29953,161.60477,0.041216202,283.78256,166.76494,0.031471055,283.65976,164.96252,0.022488516,279.663,160.49248,0.035817448,286.59818,157.61807,0.018642366,276.24432,161.95984,0.022454996
83,22,1138.992919921875,382.843786239624,79.31680297851562,42.95840549468994,391.67368,236.31012,0.7249762,384.75986,234.55174,0.593841,380.2837,239.68892,0.6113734,368.67358,231.07552,0.59990895,369.42712,230.70523,0.03298505,378.75302,235.47891,0.019879542,379.26556,234.62958,0.021128796,383.77472,233.4918,0.019893218,384.947,237.031,0.012781882,372.61942,229.04811,0.01417839
83,8,850.8243713378906,227.75513076782227,18.557373046875,16.15590190887451,285.42282,139.03482,0.6578385,284.56366,137.68388,0.65262663,282.3536,138.75444,0.5410272,281.65018,137.55975,0.61395824,280.29248,137.43314,0.05142684,283.6585,140.85799,0.04036467,284.17056,136.24538,0.034617532,282.40695,135.18547,0.04469448,283.6393,133.7883,0.025479661,277.17242,137.6257,0.028304296
84,1,1159.6858520507812,475.0231132507324,116.65658569335938,89.32793712615967,369.137,288.2789,0.7777039,382.6816,309.16968,0.6522591,381.77625,288.8849,0.18402262,404.18695,305.0333,0.29429674,403.27753,328.6832,0.029622655,392.62946,311.4962,0.010122162,387.52765,297.48154,0.0049388404,372.06805,297.8533,0.0057444614,384.54123,291.61566,0.007367151,377.7896,291.3582,0.0046728277
84,3,1028.8552551269531,518.4205169677734,111.5408935546875,102.68685722351074,327.92413,311.21194,0.89928377,338.1462,336.24896,0.92133915,338.74686,317.34744,0.015567877,357.33426,332.0486,0.29185998,371.1423,314.7953,0.0018917287,347.1219,335.70294,0.0013435129,347.18094,333.63992,0.00019918085,325.48953,320.6085,0.00082189473,356.37506,319.43668,0.00023824237,319.23102,320.7104,0.00065257575
84,7,852.104736328125,270.5053539276123,26.47503662109375,19.135960578918457,279.5131,162.97433,0.703943,281.55624,165.30998,0.6700344,284.50903,163.24805,0.3768285,287.58362,164.60193,0.53910786,290.41187,159.8532,0.050882284,284.753,167.95692,0.050105963,285.8023,166.54875,0.02726697,280.04233,161.26964,0.04353482,287.0677,160.62634,0.026093049,275.66812,166.49113,0.038582243
84,22,1132.41943359375,380.5242977142334,77.80169677734375,42.14524555206299,389.29242,234.3984,0.7405287,383.301,233.79456,0.64348954,377.4038,237.9783,0.5380203,366.4476,230.33833,0.5895546,365.98193,229.75735,0.010369713,374.87222,237.26137,0.0035869346,375.37805,229.88617,0.003065532,380.9492,229.26381,0.004110878,375.14352,236.78996,0.0019530943,363.64636,230.2975,0.0020063415
84,8,850.0564270019531,230.27865600585938,19.9332275390625,15.21273422241211,284.75098,140.6239,0.66259766,282.7348,139.24637,0.6186057,281.89398,140.59238,0.55250204,280.8071,139.13307,0.5781848,281.37204,137.10635,0.063158564,283.09738,141.96545,0.06426766,285.07217,139.02327,0.046127617,282.87973,137.41301,0.058094256,285.55032,136.66324,0.036256295,276.39374,142.46361,0.049206216
85,1,1160.1582641601562,474.4683723449707,120.21249389648438,91.13045883178711,367.57388,286.91486,0.9088339,383.03415,307.8866,0.9233645,378.71118,292.87476,0.01994947,402.40735,304.74704,0.3079719,414.07272,286.82217,0.0043764175,395.27438,309.49542,0.0030329463,388.11615,305.48822,0.0004403761,364.35074,293.4012,0.0024832415,389.71466,290.22687,0.0006779765,362.93945,296.36392,0.0013750185
85,3,1037.6279296875,527.2701072692871,116.82000732421875,105.74720191955566,329.67426,316.84937,0.82376456,341.79202,344.2936,0.7093075,340.22626,313.2982,0.1293998,362.40128,338.67706,0.22778633,356.85278,370.01685,0.022477537,348.148,347.26044,0.0077831796,347.30624,325.86197,0.0028802017,334.06354,326.92664,0.005323424,344.12677,321.84402,0.0064290534,329.51062,323.81512,0.00386356
85,7,853.8134765625,271.10876083374023,26.225189208984375,18.73988628387451,279.69733,163.69437,0.7064305,281.88425,166.29396,0.67236876,284.97632,163.92465,0.3538336,288.20746,165.5189,0.5234974,291.30484,160.43622,0.048106965,285.14783,169.03111,0.044254147,285.74008,167.44115,0.023876073,280.2893,161.86685,0.03986452,287.20264,161.67473,0.023326917,275.29605,167.02138,0.033841345
85,22,1124.726806640625,377.90050506591797,74.64385986328125,42.34711933135986,385.78442,234.75302,0.71975803,379.39062,232.56833,0.6026426,374.12833,236.4567,0.5531822,364.91965,229.49394,0.5496711,364.40366,228.65433,0.05506261,375.42996,233.51605,0.047732588,376.89197,233.17256,0.045022238,377.46738,232.3097,0.044848792,382.95944,231.38675,0.028662,370.71387,226.54984,0.03388676
85,8,849.8943786621094,230.58617877960205,20.68597412109375,14.795751571655273,284.59433,140.45737,0.66318727,282.74533,139.11758,0.61799824,281.90668,140.55397,0.5496227,280.91238,139.0381,0.57908213,281.47302,136.8088,0.06371573,283.1532,141.9141,0.06541454,285.16638,138.868,0.04689488,282.91446,137.26732,0.0588192,285.41684,136.67615,0.03682201,276.559,142.62352,0.050166126
85,43,846.9891357421875,227.9805393218994,20.756103515625,16.42804527282715,284.03796,139.19566,0.6618811,283.54352,137.88171,0.65457034,281.11993,139.03937,0.52672243,280.57513,137.71307,0.6094053,279.4293,137.44032,0.05006568,282.93198,141.15419,0.04048829,283.70718,136.78181,0.033556003,281.172,135.54092,0.04536851,283.47,133.7863,0.025002025,276.59515,137.86072,0.027785813
86,1,1160.3625183105469,473.78272247314453,121.34014892578125,92.65805625915527,367.80618,286.3959,0.9022606,383.37225,307.7428,0.9232691,378.27347,292.17944,0.019736622,401.95337,304.8859,0.30929297,412.8405,286.95285,0.0045952876,394.81082,309.29626,0.0033851373,388.14362,304.90173,0.00051179226,364.95242,293.23712,0.0026020526,389.27942,290.29584,0.00073504413,363.21793,296.48273,0.0015494366
86,3,1046.5897521972656,536.4347648620605,122.9827880859375,111.91599082946777,331.76184,319.31265,0.8144275,344.04147,350.654,0.6899045,333.82452,313.09555,0.1234151,362.55432,344.85794,0.17827603,346.76395,389.11282,0.038363986,350.95605,359.2831,0.046143923,350.03604,328.02875,0.027483944,336.05746,330.81046,0.01594282,342.97107,328.47873,0.03155611,321.09573,333.73727,0.033274617
86,7,854.5669555664062,271.097225189209,26.37103271484375,19.059176445007324,279.93213,163.6078,0.7082294,282.10226,166.36864,0.67828375,285.2283,163.8565,0.3534201,288.41666,165.57152,0.5293301,291.56375,160.74658,0.048712455,285.40527,169.02023,0.04499672,285.8936,167.33931,0.024346014,280.3665,161.91138,0.040303424,287.18698,161.33157,0.023902938,275.47543,166.81232,0.034336343
86,22,1118.99267578125,374.4611577987671,70.55538940429688,40.67772102355957,383.8273,232.0137,0.7322961,377.14612,229.95856,0.61954594,372.27585,233.45355,0.5051611,362.92947,227.03479,0.5062397,362.8705,225.98264,0.06233842,374.3625,231.19962,0.064770445,376.91016,230.9723,0.04532415,375.0591,230.00795,0.058244023,383.20132,226.35448,0.035734333,368.93588,223.6829,0.042974297
86,43,846.7911987304688,226.8440980911255,21.460418701171875,16.626262664794922,284.26804,138.32004,0.6677467,283.87558,137.12253,0.65937805,280.94006,138.29588,0.5299868,280.50256,137.03723,0.61980855,279.0585,136.55162,0.053559337,283.04138,140.24611,0.046884082,283.70062,136.06468,0.039733503,281.2403,134.89122,0.050401483,283.53867,133.30025,0.029099207,277.155,137.18007,0.032242652
87,1,1159.5115356445312,474.00231170654297,121.58120727539062,93.08665180206299,367.6834,286.69934,0.90424603,383.24268,308.01477,0.9234073,378.31448,292.5909,0.019625679,401.91196,305.10764,0.30769435,413.10892,286.99893,0.004405449,394.76392,309.59833,0.0031591842,388.06412,305.39758,0.00047680826,364.8542,293.61154,0.002453525,389.6037,290.6229,0.00068895397,363.00043,296.60547,0.001445159
87,3,1054.3580932617188,546.1910877227783,127.72421264648438,118.90901184082031,333.94662,327.43912,0.8032752,346.79645,360.79782,0.70845795,346.82516,323.0823,0.11779363,369.99542,353.34076,0.21953414,362.7804,389.28485,0.016457614,347.4685,357.76706,0.0031174482,348.87903,335.43002,0.00085214514,340.51178,336.59372,0.0024648025,351.05554,334.29764,0.0030975612,329.25842,334.46252,0.0012759228
87,7,854.6174011230469,270.894681930542,26.69879150390625,19.832167625427246,279.8895,163.0383,0.7059852,282.05414,165.88684,0.6804428,285.5111,163.46785,0.36923286,288.64212,165.04245,0.54507405,291.79706,160.8427,0.05030542,285.52505,168.3472,0.04789252,286.16772,166.75847,0.02550011,280.06476,161.59013,0.042303152,286.99963,160.19295,0.025521364,275.93362,166.08398,0.036764435
87,22,1113.2384033203125,372.16641426086426,67.37896728515625,41.126426696777344,381.7717,231.1263,0.7321971,374.74652,228.88206,0.6258289,370.7478,232.67554,0.47950137,361.1312,226.62675,0.469394,361.66727,224.72658,0.063993946,372.4956,230.5979,0.070819214,375.31924,231.10353,0.042251613,373.92554,230.10849,0.061068952,383.0002,225.45859,0.034438055,367.8838,223.67804,0.046358958
87,43,846.0856018066406,225.77594375610352,21.25506591796875,16.28866481781006,284.2424,137.62747,0.6688526,283.75742,136.45422,0.65738755,280.7417,137.67743,0.5313945,280.24255,136.41046,0.6235853,278.7372,135.78061,0.056797653,282.89304,139.45767,0.05299259,283.70297,135.349,0.044788573,281.07935,134.29312,0.055338826,283.5037,132.69276,0.032943994,277.3293,136.53055,0.03666759
88,1,1159.3070068359375,473.64455223083496,121.57342529296875,93.08142471313477,367.3819,286.2049,0.901509,383.04666,307.69867,0.9226317,377.89114,292.05676,0.019450644,401.63535,304.9101,0.30825442,412.50644,286.7634,0.0043943888,394.2571,309.21417,0.003332126,388.02542,304.92694,0.0004964475,364.55817,293.2741,0.0024927207,389.3583,290.3423,0.00070492603,363.0088,296.32367,0.0015309872
88,3,1064.3754272460938,555.9797515869141,133.63641357421875,126.98113059997559,335.78467,334.02213,0.7743166,350.45224,367.4316,0.70126396,348.92264,328.54688,0.12543799,373.68857,359.166,0.23437928,366.48172,394.4918,0.016364725,347.17447,361.08615,0.00231879,349.6796,339.8065,0.00056271016,343.1376,340.87408,0.0017993785,353.7045,340.98843,0.0025409504,329.71497,339.42612,0.0008394403
88,7,854.6947631835938,269.55706214904785,28.845428466796875,21.292611122131348,279.73053,162.71944,0.7065233,281.99347,165.19492,0.7287759,284.51132,162.7214,0.39527866,288.49152,164.58951,0.57584876,291.05402,161.99585,0.037208945,285.3468,167.99355,0.024625167,284.20447,166.05019,0.017010335,280.22342,161.216,0.02923522,286.76318,158.43048,0.014900147,275.97018,162.73813,0.017625835
88,22,1108.1390991210938,368.6082344055176,66.55654907226562,40.07511234283447,379.49615,226.91014,0.72483194,374.95767,225.95607,0.6577072,368.5777,229.91121,0.54718214,359.87134,223.2713,0.5885011,358.44507,222.05261,0.0122416215,367.22122,229.82124,0.004207163,367.23422,221.97812,0.0038985983,372.7014,221.65039,0.00498952,365.93863,228.32317,0.0022851436,356.1631,224.16939,0.002400558
88,43,846.2354736328125,224.73516082763672,20.23809814453125,15.663216590881348,284.37064,137.02873,0.67076325,283.7725,136.07635,0.6601398,281.034,137.17242,0.52917975,280.48508,136.04704,0.6248222,279.3307,135.1652,0.05604317,283.04523,138.92079,0.05338498,284.02783,134.71106,0.044317584,281.33014,133.68709,0.054737672,283.61688,132.35347,0.03240371,277.3754,136.4118,0.037264552
89,1,1159.61572265625,474.11303329467773,121.86740112304688,93.20221424102783,367.40817,286.39645,0.8997954,383.13315,307.84378,0.9214902,377.99084,292.28644,0.019804388,401.69092,305.0307,0.30760074,412.6255,287.08502,0.0044309245,394.38687,309.2941,0.003235225,388.15002,305.07205,0.0004925435,364.68604,293.43216,0.0024819744,389.41913,290.4321,0.0007044455,363.04376,296.46625,0.0014945242
89,3,1076.4622192382812,567.3822212219238,141.79037475585938,134.28566551208496,340.22583,341.03113,0.7613601,355.3545,377.33646,0.6572658,345.50696,334.65872,0.13912766,374.3424,370.05078,0.1881386,375.1138,407.6596,0.025473878,375.77957,372.86243,0.014028251,361.71268,356.7832,0.007205114,340.9283,348.7955,0.003930573,352.9613,345.4479,0.0058469055,362.18317,351.12766,0.007814839
89,7,854.6050415039062,270.0918731689453,29.87969970703125,22.75454807281494,279.55408,163.57874,0.7102824,281.9649,166.04173,0.7336761,284.6048,163.47824,0.3870105,288.6657,165.47481,0.5693427,291.43298,162.73068,0.035578363,285.46085,169.00394,0.021926375,284.0277,167.18636,0.015247777,280.27066,162.10364,0.027089605,287.07318,159.18863,0.013512342,275.67957,163.35773,0.015546845
89,22,1102.7013244628906,366.7384557723999,64.5640869140625,40.63338088989258,377.0732,226.79672,0.73797697,372.48206,225.46161,0.66512907,366.72455,229.2995,0.54351294,358.15073,222.57237,0.59146774,356.8244,221.24841,0.016079448,365.6342,228.96587,0.006236015,365.4077,222.9973,0.006217582,370.91296,221.83339,0.0074705794,366.65176,227.66985,0.0035746815,356.3746,222.77776,0.0036664547
89,43,846.0250854492188,224.83202934265137,20.218780517578125,15.561635971069336,284.24268,136.87796,0.6701943,283.68588,135.93648,0.65883607,280.96948,137.06573,0.52923304,280.37204,135.91406,0.6256262,279.15643,134.97824,0.056966446,282.91553,138.80402,0.05533641,284.02945,134.63614,0.04587504,281.27615,133.64256,0.056185335,283.62094,132.22348,0.03360029,277.42294,136.32982,0.03861609
90,1,1159.440673828125,474.8078498840332,122.30960083007812,93.02418422698975,367.34583,287.29825,0.9032335,383.51437,308.44415,0.9229424,378.01254,293.1705,0.019939166,402.05667,305.5882,0.30508372,413.37198,287.32724,0.0042324634,395.0929,310.11902,0.0028569864,388.07745,306.0076,0.0004457271,364.737,294.14877,0.0023057964,389.54932,291.0727,0.0006356942,362.80237,297.08286,0.0013132816
90,3,1088.2355346679688,581.5952682495117,149.1009521484375,140.055908203125,343.79922,349.10376,0.8241614,359.22156,387.15692,0.6890519,347.9028,344.1515,0.11556594,376.4,381.6463,0.17076536,379.78647,417.49365,0.017565409,377.83194,390.1117,0.013428065,366.62515,368.1957,0.0069516087,344.06693,361.4197,0.0035412817,350.0885,355.5469,0.0051736203,358.363,363.9339,0.007127689
90,7,855.277587890625,271.9164619445801,27.443115234375,22.99592113494873,280.05624,164.7012,0.7151533,282.4425,167.76608,0.7061914,285.75854,165.04553,0.36790586,289.16867,166.97113,0.5615168,292.3705,163.10759,0.045608565,286.01865,170.31041,0.040598646,285.9211,168.58983,0.022200493,279.64236,163.51459,0.037270617,287.00003,161.06769,0.021583887,275.8453,166.74585,0.030145263
90,22,1096.5939331054688,365.8286075592041,64.28585815429688,39.820401191711426,375.4341,226.40483,0.6938366,370.4039,224.36989,0.5761824,365.4663,228.827,0.6355912,356.3262,221.8967,0.61666644,355.93225,221.19084,0.03790558,364.51215,225.64307,0.024937488,365.54987,223.20924,0.025670577,367.85724,222.83412,0.023743482,367.49893,225.58331,0.01650737,357.45172,220.3312,0.018583715
90,43,845.1948852539062,225.6322374343872,20.1002197265625,15.074821472167969,283.37402,137.05618,0.6674743,283.1217,136.11345,0.6557545,280.32883,137.32323,0.52338713,279.87753,136.10153,0.6239709,278.65195,135.20139,0.05641635,282.4442,139.1198,0.055435933,283.77725,135.01004,0.044928268,280.5497,133.95425,0.056489564,283.3839,132.25781,0.033440456,277.06204,136.56683,0.038252786
91,1,1160.0304565429688,474.8097038269043,120.2369384765625,91.56750011444092,369.75598,287.92154,0.7829909,382.97318,308.49255,0.64952075,381.3263,288.2551,0.18207075,403.98923,304.00015,0.2954958,403.05057,328.034,0.029346,394.56973,311.8095,0.010606237,388.10492,297.09097,0.0049469997,372.2959,296.75214,0.0060909395,384.7427,291.03348,0.0075885984,378.26852,291.03656,0.0049213874
91,3,1102.4745483398438,596.5730667114258,161.03237915039062,147.97002983093262,343.43445,356.32675,0.87246376,363.32608,396.45663,0.7246574,344.86993,351.8478,0.07808005,373.95505,392.44998,0.13442475,372.7195,433.49542,0.015872607,365.26752,404.40936,0.012912649,366.07996,372.58694,0.0055312784,349.87708,372.46152,0.0048752953,346.39847,363.6051,0.007131699,337.90424,378.91992,0.0073520322
91,7,856.5928344726562,274.341908454895,25.956298828125,22.400625228881836,280.5833,166.39479,0.71468514,282.93588,169.33746,0.71575284,286.11975,166.5904,0.38932353,289.6627,168.5523,0.5798622,292.7648,165.35117,0.040919516,286.24127,171.88815,0.033593956,285.57883,169.88248,0.01940751,279.64407,165.05815,0.03248162,286.7441,162.28444,0.018041458,276.063,167.23557,0.0250773
91,22,1090.4701538085938,363.2138271331787,61.996856689453125,37.47506046295166,373.25836,224.21118,0.7019026,368.01465,222.44739,0.5905389,362.65594,226.29965,0.5988899,354.42047,220.0558,0.5966658,353.67996,218.96622,0.05081881,363.25226,223.49957,0.04344869,364.504,221.7099,0.040180746,365.19818,221.33337,0.03738402,367.02728,222.19176,0.026961498,356.41684,218.30585,0.0315183
91,43,844.1984252929688,225.948823928833,21.20654296875,14.956452369689941,283.0672,137.39902,0.6686676,283.02914,136.34795,0.6562329,279.8108,137.54604,0.5197021,279.42825,136.3541,0.62262833,278.01093,135.51918,0.05463595,282.1958,139.44548,0.05385794,283.51794,135.33955,0.04332421,280.01053,134.23381,0.05550025,283.2314,132.41583,0.03224696,276.8024,136.57445,0.03664534
92,1,1160.3878784179688,475.2238540649414,119.32745361328125,91.07514953613281,369.7584,287.96738,0.78342503,383.13202,308.78464,0.6485953,381.0727,288.24835,0.18182248,403.66412,304.42853,0.29420036,403.1543,328.26703,0.028884027,394.4354,312.04742,0.010439193,388.04102,297.5994,0.004837883,372.24698,296.82983,0.006079726,384.379,291.11057,0.007436002,378.46957,291.44272,0.0048168222
92,3,1116.44970703125,612.2633972167969,172.15484619140625,158.35561180114746,346.53296,364.89737,0.86506313,369.89328,406.46548,0.7271118,349.8082,358.74716,0.07269406,381.02435,402.16974,0.122432865,376.96976,446.1563,0.01341889,365.0765,413.57715,0.0075824787,371.21188,380.086,0.0022087144,354.85284,380.02426,0.0040319725,352.669,372.93384,0.0049273106,341.14612,386.38647,0.0037519939
92,7,857.6757202148438,276.45970344543457,25.6395263671875,22.28792095184326,280.58856,167.47737,0.72055155,283.18158,170.52272,0.723836,285.98138,167.62762,0.38501075,290.0945,169.70404,0.57948565,293.24994,166.39717,0.03700333,286.4597,173.1647,0.028561458,285.23373,171.0422,0.016680127,279.53644,166.05798,0.028388862,286.61426,163.53107,0.015212039,275.81506,167.96165,0.021241255
92,22,1085.0025329589844,362.089204788208,61.75726318359375,36.68826770782471,371.27557,223.36118,0.71598953,365.6826,222.17838,0.6123431,360.6761,225.21817,0.54329795,352.46774,219.36168,0.57058495,351.5945,218.6912,0.061015896,361.76575,222.97372,0.060073618,363.6407,221.45683,0.050625205,363.06573,220.81375,0.051557317,366.97604,220.2505,0.03695121,355.68396,217.1653,0.041733645
92,43,842.5276794433594,226.1641387939453,20.23699951171875,14.674086570739746,283.33386,137.761,0.58897996,281.49103,136.0662,0.57622504,278.5829,137.89673,0.45156825,277.78036,136.66711,0.5144052,276.5421,134.51192,0.12861663,281.13348,144.36584,0.10907632,284.38324,140.21007,0.059738062,283.18494,132.69905,0.076154314,282.02557,134.77066,0.07886407,279.52606,136.51839,0.058850028
92,45,855.3235473632812,308.43038177490234,23.6561279296875,40.772297859191895,282.3543,188.86255,0.67524266,286.4952,193.93594,0.71247804,285.64886,188.43565,0.23826618,291.36545,193.29271,0.46370372,292.9856,189.3156,0.034579355,288.45105,196.64738,0.017583199,286.0721,190.0166,0.01207698,281.71826,186.15712,0.023253959,284.2563,185.35506,0.0123633025,273.16312,188.67546,0.012193483
93,1,1159.8241882324219,475.792293548584,118.86474609375,90.7908525466919,369.49854,288.17892,0.7837397,382.8353,309.17154,0.6480992,381.05225,288.59662,0.18255462,403.87076,304.7271,0.29503754,403.43814,328.6258,0.028423974,394.53802,311.99142,0.01013002,387.8794,297.974,0.00473454,371.88535,297.26273,0.0059148613,384.5983,291.31644,0.007221255,378.54172,291.45007,0.004661628
93,3,1130.720947265625,628.8940887451172,185.11825561523438,171.10589790344238,348.8387,370.7183,0.8513325,375.336,418.1848,0.69588315,350.2085,366.99374,0.07299298,383.5798,413.09778,0.11527307,380.9761,459.3863,0.017186372,368.79044,418.62115,0.0128774205,376.52814,386.59644,0.0041744425,357.7988,385.42636,0.0056333626,357.70657,382.8523,0.008263333,342.30862,392.14804,0.0071028355
93,7,858.0071411132812,278.30623054504395,27.070404052734375,24.0338716506958,280.20233,168.45294,0.7332874,282.945,171.84525,0.7422302,286.09726,168.58806,0.3647306,290.65158,171.04918,0.5784611,294.0844,167.57825,0.03682018,286.94296,174.58072,0.026349952,284.76382,172.49356,0.01562446,279.2781,166.96477,0.028093694,286.87692,164.31595,0.014543306,275.67548,168.70891,0.019312868
93,22,1080.5239562988281,361.2733669281006,60.813720703125,36.94596576690674,370.49158,223.3061,0.66787535,365.1323,221.47401,0.56493384,360.08362,225.47115,0.64912045,351.2478,218.9817,0.5884181,350.78497,218.10323,0.034070637,359.14435,222.89539,0.02334486,361.02844,218.84851,0.019810198,362.55576,219.54219,0.019867832,358.86218,222.17894,0.013103222,349.7408,219.90329,0.01698391
93,43,841.0852661132812,227.69207096099854,19.31982421875,14.231740951538086,282.72644,138.7242,0.5870615,280.84198,137.06697,0.5788556,278.52197,138.82132,0.44862673,277.84595,137.65002,0.5158719,276.36945,135.5681,0.12849668,280.60037,145.18434,0.10464818,283.63516,140.72246,0.05814713,282.53986,133.66623,0.07304206,281.64606,135.93155,0.07644702,279.28955,137.19218,0.056317754
93,45,855.7673950195312,307.8726282119751,24.809783935546875,43.673641204833984,282.11835,188.38205,0.6693828,286.22025,193.98843,0.70290387,285.90686,187.89908,0.21763997,291.896,193.08946,0.44386283,293.55884,188.84981,0.033531252,288.10345,196.61646,0.017939989,286.26163,189.61731,0.011373434,281.55203,185.59613,0.022966893,284.1515,185.36285,0.012284437,272.5272,188.59332,0.012362144
94,1,1159.8214416503906,475.38808250427246,118.72210693359375,90.5300645828247,369.35983,288.02396,0.7842597,382.61005,309.08762,0.64845186,380.9469,288.44507,0.18298382,403.88904,304.57977,0.29483268,403.4206,328.61847,0.028279377,394.62476,311.79367,0.01014729,387.82004,297.838,0.00477714,371.70575,297.2114,0.005890703,384.6476,291.11795,0.007207239,378.53113,291.24225,0.004690307
94,3,1145.3756103515625,645.9508781433105,200.7052001953125,186.7335033416748,351.2609,382.6345,0.85802567,382.20828,434.62646,0.65831167,349.51813,375.80243,0.066519074,388.38165,431.87564,0.11285533,393.50464,479.33313,0.014873162,379.31964,436.07663,0.01197488,375.4782,406.48584,0.006489696,359.85983,399.58438,0.0043147146,352.33685,390.72308,0.0062353415,350.87372,412.94977,0.007028552
94,7,858.1710205078125,278.5462646484375,28.120147705078125,25.608487129211426,280.26672,168.56323,0.7374261,282.87555,172.03194,0.7490368,286.32742,168.69716,0.36221024,290.76413,171.3099,0.58133954,294.2737,167.91064,0.038194608,287.08813,174.7845,0.026841773,284.61356,172.82742,0.016329939,279.51404,167.18802,0.02919131,287.17606,164.36395,0.015219328,275.9721,168.84523,0.01967139
94,22,1076.6656494140625,358.5438995361328,59.22198486328125,35.37938404083252,368.27072,220.30052,0.70343345,363.2824,219.21361,0.6164842,358.86465,222.14499,0.5926483,351.38647,216.30515,0.5994065,350.46542,215.97028,0.028432561,357.48642,220.98817,0.016284205,358.0526,217.03716,0.015511373,361.54486,216.18404,0.016031148,358.7553,220.55113,0.00975709,349.57474,216.18639,0.011331888
94,43,840.1598510742188,226.68599796295166,18.292510986328125,13.753166198730469,282.38617,137.73965,0.5854477,280.55954,136.24196,0.5751551,278.1211,137.8073,0.45184383,277.539,136.73122,0.51650566,275.83627,134.77336,0.13333696,280.34747,144.36389,0.11172154,283.31726,140.12166,0.06360172,282.1445,132.76395,0.07832037,281.31476,134.84818,0.08145261,279.27954,136.29158,0.06122782
94,45,855.5245056152344,305.0701103210449,24.8778076171875,47.87338829040527,281.8447,187.66351,0.66182727,285.85596,193.54031,0.68966603,285.69733,187.07755,0.20614502,291.74524,192.51642,0.4317907,293.19037,188.2058,0.03479366,287.47458,196.0413,0.020181924,286.27005,188.78032,0.012289524,281.22635,184.8062,0.024863975,283.95975,184.95786,0.013756837,272.21436,187.99358,0.014015627
95,1,1159.4620971679688,475.8769054412842,118.82794189453125,90.36367321014404,369.0927,288.17096,0.7845291,382.42664,309.40515,0.64855576,380.65707,288.57632,0.18219206,403.7561,304.86166,0.29384285,403.41364,328.9436,0.027984384,394.5993,311.94772,0.009978656,387.59445,298.07236,0.004705475,371.3562,297.37564,0.0057543535,384.397,291.33063,0.0070543364,378.56125,291.41724,0.0046040094
95,3,1169.8895874023438,668.9590301513672,227.63214111328125,207.08371925354004,355.8457,399.67218,0.8259354,392.0681,454.80194,0.61386627,351.79083,391.29892,0.08722282,395.04254,453.48694,0.1301725,413.06082,499.97278,0.01666104,389.91107,450.12222,0.011774968,380.5678,429.27472,0.008303056,363.532,413.39478,0.0037751214,354.36096,405.99393,0.0062449784,367.15607,434.16586,0.0070887655
95,7,858.5667114257812,279.67534160614014,29.00628662109375,26.511228561401367,280.35355,169.13539,0.7385308,283.08563,172.54851,0.7493946,286.50552,169.16582,0.35700014,291.16132,171.78426,0.5756295,294.69708,168.36392,0.03689511,287.41556,175.47842,0.024793224,284.6389,173.27945,0.014754676,279.52298,167.53369,0.027701078,287.00363,164.77533,0.014124785,275.68484,169.24126,0.01797289
95,22,1071.4410095214844,356.9436378479004,56.842529296875,33.95457744598389,366.07626,219.22574,0.69719225,361.65097,217.60118,0.6102887,356.50732,221.24028,0.6207626,350.06494,215.2033,0.6153932,348.87405,214.0266,0.037166398,356.56595,219.16791,0.025022646,356.7529,216.21349,0.025162233,359.39725,215.48819,0.023337761,358.06052,218.87503,0.014862405,349.4212,214.8115,0.018252501
95,43,839.4750366210938,226.80421257019043,18.107208251953125,13.816946983337402,282.26328,137.85637,0.5862096,280.42218,136.23184,0.57598037,277.86273,137.91899,0.45152596,277.2215,136.76697,0.5167983,275.5731,134.64658,0.13301115,280.34915,144.3667,0.11208629,283.21338,140.18982,0.063960165,281.92993,132.94504,0.07891049,281.0393,134.9157,0.08141337,279.44025,136.36697,0.061508436
95,45,856.1585083007812,305.024019241333,27.2958984375,48.38162612915039,281.85925,187.94739,0.66297203,286.00702,193.97427,0.6924683,285.587,187.34695,0.19995706,291.90042,192.89622,0.4269773,293.14804,188.54803,0.03376151,287.5191,196.56752,0.019392071,286.2844,189.11484,0.011705894,281.24893,185.10365,0.023795642,283.85034,185.32388,0.013117665,271.9804,188.50307,0.013258726
96,1,1158.6524047851562,476.78744888305664,118.44570922851562,90.18214130401611,368.89328,288.57416,0.78300434,382.39932,309.92587,0.6473381,380.2707,289.10016,0.18376565,403.2534,305.4561,0.29556456,403.48175,329.10095,0.027719581,394.1737,312.34637,0.009768947,387.1892,298.7045,0.0046033254,371.11392,297.6949,0.005625657,383.73514,291.85626,0.0068751085,378.75687,291.9935,0.0044520367
96,3,1189.2659912109375,692.9762935638428,246.87615966796875,227.3877410888672,366.0209,419.70203,0.8056155,405.37393,479.67422,0.5845474,361.6936,412.37796,0.09206518,407.08405,479.1777,0.11234547,429.97955,525.576,0.011205143,401.43234,473.60098,0.006620571,393.7262,454.1355,0.0038109208,373.59836,434.9985,0.0019328735,362.61252,426.62057,0.0027154204,384.0865,457.0338,0.003352749
96,7,859.6893310546875,281.22423362731934,28.752044677734375,26.108227729797363,281.2559,170.23485,0.7258883,283.98746,173.19582,0.73711,287.41956,169.85576,0.36025327,291.90964,172.51732,0.56327766,295.28262,169.46527,0.036081877,288.06903,176.44681,0.021682294,285.08664,173.48807,0.013037813,280.44186,167.9827,0.025929358,286.69437,165.34573,0.013094408,275.54565,169.7726,0.015724847
96,22,1066.5649108886719,356.1021795272827,55.41339111328125,34.222652435302734,364.4593,218.79521,0.6981302,360.2265,217.08963,0.6128554,354.5681,220.66904,0.60661024,348.49985,215.00012,0.6086258,347.05692,213.52725,0.044389334,355.42285,218.6512,0.03338836,355.69516,216.02448,0.03377003,357.7394,215.56938,0.03004221,357.6038,217.7275,0.019864703,348.9811,214.14877,0.024491476
96,43,839.1245727539062,227.67669868469238,18.3043212890625,14.063650131225586,282.2974,138.5521,0.58743733,280.54852,136.79794,0.57988566,277.97217,138.52428,0.44840044,277.24954,137.45753,0.5163805,275.85165,135.04752,0.13080378,280.3755,144.67732,0.10801289,283.4004,140.53632,0.06109355,281.9946,133.62952,0.07614306,281.055,135.65321,0.078726366,279.5388,136.90065,0.058876615
97,1,1159.1742553710938,477.0986022949219,118.587158203125,89.93734359741211,368.81717,288.7909,0.7820051,382.4542,310.0959,0.64577645,380.1624,289.3759,0.1850137,403.14044,305.64774,0.2970219,403.63547,329.0646,0.027655333,394.09094,312.47583,0.009689941,387.09192,299.01898,0.004547612,371.03467,297.85782,0.005587092,383.55667,292.0461,0.00680867,378.84543,292.21155,0.0043759104
97,3,1215.5648803710938,719.9307174682617,271.8930358886719,257.8751621246338,373.21793,428.86093,0.83157355,414.7602,501.09045,0.5748902,367.0947,414.9948,0.070212506,414.18304,499.74182,0.07348446,437.28427,552.4746,0.0042025032,401.91653,490.08957,0.0015889837,400.36118,473.72412,0.0004722182,384.3183,447.55853,0.00084908825,369.9265,433.5281,0.0005925137,387.53094,473.8293,0.00063266064
97,7,860.6876220703125,282.31291007995605,29.7147216796875,26.52902126312256,280.9174,170.87617,0.7276655,283.91852,174.02632,0.73906255,287.44434,170.50226,0.3414104,292.3313,173.25652,0.5505012,295.82858,170.10435,0.034153104,288.2478,177.42012,0.019639302,285.05896,174.26587,0.011378255,280.18576,168.52763,0.02452088,286.57904,165.93202,0.011986976,275.1022,170.39026,0.013915283
97,22,1063.564453125,355.1711654663086,54.46710205078125,34.438456535339355,362.9564,218.24513,0.69562423,358.30792,216.65808,0.6174881,353.41003,219.993,0.5882562,347.3571,214.67937,0.60162467,346.28162,213.55042,0.050805908,354.6468,218.1821,0.040741257,354.88248,215.99458,0.040056866,356.2546,215.28079,0.037353206,357.66827,216.17058,0.024491996,348.4638,213.34972,0.029782506
97,43,839.5887451171875,228.59517288208008,19.119415283203125,14.489748001098633,282.54608,139.35489,0.58719987,280.78452,137.42285,0.5809417,277.95398,139.27074,0.4464713,277.10123,138.14919,0.51639557,275.92706,135.37491,0.12824899,280.49277,145.4243,0.10444412,283.5287,141.20773,0.0577764,282.15985,134.31917,0.0736216,280.9256,136.46242,0.075438015,279.70557,137.71933,0.055944607
98,1,1159.1318664550781,478.7917671203613,118.3238525390625,89.72223472595215,368.85315,289.55383,0.7790972,382.6149,310.92435,0.6443167,379.9833,290.21594,0.18736489,402.75574,306.4902,0.29995716,403.82648,329.2842,0.027556205,393.68277,312.87955,0.009380494,386.86273,299.97647,0.004360436,370.9966,298.4383,0.0054468745,383.2369,292.9298,0.0066082017,379.23752,292.97687,0.004159397
98,3,1245.7586059570312,752.7887649536133,303.09686279296875,294.70507621765137,379.52106,444.97247,0.55440533,423.49716,529.7063,0.6244022,377.1286,432.7459,0.23001434,420.84003,527.049,0.19917452,437.82187,547.43884,0.03996451,382.3855,484.8971,0.03728956,404.33792,507.17224,0.01138807,439.32925,507.7234,0.0064895484,389.4797,516.5814,0.004934912,364.31357,503.2532,0.0099699255
98,7,861.9848327636719,284.99613189697266,29.1646728515625,24.78193759918213,282.5881,171.98958,0.68851376,285.90625,175.29472,0.66333455,288.6621,172.57875,0.38597962,293.06476,174.4444,0.54708886,296.89008,170.70923,0.0416345,288.5527,177.66562,0.031788733,288.03983,174.93405,0.01757597,281.91406,170.80707,0.027864946,286.32535,168.9337,0.018486943,276.44852,173.91533,0.026182875
98,22,1059.3035888671875,353.8403949737549,55.013031005859375,33.74271297454834,360.4967,216.30675,0.70424074,356.21368,215.11774,0.65022194,351.4369,218.40025,0.56576025,344.5853,213.08635,0.59915864,343.11377,212.67592,0.020443961,350.14157,218.51993,0.008941381,350.09662,212.18109,0.008729608,355.185,211.70847,0.010304657,349.8575,216.54808,0.0053638583,341.5626,214.00291,0.00560236
98,43,840.19189453125,230.83319091796875,19.5791015625,14.840812683105469,282.73846,140.62769,0.58811784,281.1547,138.7565,0.5867027,278.43066,140.44339,0.44148004,277.47162,139.53557,0.51661843,276.70663,136.63751,0.124900796,280.22266,146.74678,0.09688407,283.6202,141.9351,0.05246248,282.5066,135.36638,0.06824956,280.904,138.08453,0.07133402,279.45544,139.00908,0.051029205
99,1,1158.8490600585938,479.8194694519043,117.51974487304688,89.6803150177002,368.84442,289.8879,0.77637064,382.79858,311.35178,0.64351434,379.56396,290.54,0.18915609,402.21762,307.03662,0.30097562,403.7395,329.31583,0.02752648,393.16058,313.194,0.009308407,386.69177,300.5133,0.0042882487,370.9339,298.6551,0.0053927405,382.5735,293.3971,0.006516906,379.52548,293.54825,0.0040629846
99,3,1277.8734741210938,779.0015602111816,347.0014343261719,313.54273223876953,376.71805,458.78433,0.52636635,445.95685,561.00195,0.6805941,374.6745,442.35623,0.2912585,436.76953,559.77704,0.26552206,427.33435,601.76495,0.079027236,383.66913,502.35352,0.11097995,374.4406,550.6824,0.03173238,453.5228,543.09033,0.027994862,386.68408,540.2992,0.01457531,382.58957,499.7841,0.050590977
99,7,863.9208984375,287.66575813293457,28.07867431640625,21.978647232055664,282.0891,173.91968,0.7112287,284.60272,176.51178,0.6978518,288.47385,174.25781,0.36140415,292.07736,175.90648,0.57974476,295.16644,172.27634,0.042759452,288.12216,179.3609,0.04787757,291.7642,178.9017,0.02518984,283.17917,173.62196,0.042938773,295.1533,170.21573,0.024582222,282.54657,176.21497,0.033497907
99,22,1055.17236328125,353.25573348999023,53.825042724609375,33.403441429138184,359.08688,216.60773,0.71913034,355.15146,214.91351,0.657845,349.95395,218.27759,0.55986243,343.44153,213.01215,0.6008476,341.76642,212.23906,0.023260945,349.3078,218.36238,0.011063778,348.82925,212.93669,0.011323941,353.941,212.14368,0.012860411,350.1056,216.41241,0.0068374085,341.5865,213.47188,0.0069239833
100,1,1159.3075561523438,480.46711349487305,117.19564819335938,89.68706130981445,369.00052,290.34842,0.7749643,383.0381,311.8693,0.6433695,379.68036,290.92142,0.18933648,402.2632,307.57883,0.30171052,403.90497,329.56207,0.027405038,393.02628,313.4755,0.009080158,386.72437,301.02286,0.004139376,371.08453,299.01776,0.0052940724,382.614,293.88843,0.0063780835,379.70947,293.94046,0.0039106384
100,3,1304.0220336914062,794.1000709533691,368.6058654785156,312.51075553894043,384.622,466.72668,0.52802086,449.56357,563.066,0.67389065,381.88156,451.566,0.28637728,442.93375,562.8181,0.26211756,436.8664,598.65173,0.08813072,392.94263,507.8353,0.107514,386.9843,552.98627,0.031936254,459.45197,546.3922,0.026901204,396.25565,545.24396,0.015218935,388.53995,508.92996,0.049786225
100,7,865.0770263671875,289.1298065185547,27.234100341796875,19.682976722717285,282.15726,175.80862,0.71225995,284.7912,178.43027,0.70694864,288.57666,176.06892,0.35314193,292.19284,177.9631,0.56775934,295.68555,174.07079,0.03627495,288.11615,181.53757,0.03494295,291.39038,181.42587,0.019247262,283.8047,175.8686,0.033181347,295.9287,172.43903,0.018109923,282.04916,177.7343,0.024094932
100,22,1050.6048889160156,352.50720405578613,51.66998291015625,32.22974109649658,357.73288,216.0545,0.7209526,353.90686,214.4582,0.6607593,348.79892,217.82391,0.5535309,342.2005,212.7814,0.60723627,340.3202,211.35175,0.027499622,348.22235,217.68338,0.014828332,347.73993,213.24365,0.01591984,353.09943,212.2343,0.016548255,350.361,216.08026,0.009250044,341.66272,212.72237,0.009376127
100,43,841.2064819335938,233.6796112060547,20.31060791015625,15.850181579589844,282.62555,142.17319,0.5920833,281.34784,140.3613,0.5961424,278.8817,141.88545,0.43635464,278.08664,141.25052,0.5165221,278.14108,138.28305,0.11763479,279.9211,148.43857,0.08578995,283.7332,142.83195,0.045329247,282.57205,136.63889,0.059067056,280.7081,140.30464,0.06481575,279.02103,140.5932,0.0439307
101,1,1158.91552734375,481.24793243408203,117.11105346679688,89.87060165405273,368.92636,291.00186,0.7725232,382.83307,312.4959,0.6427431,379.79462,291.52936,0.19029514,402.27435,308.13638,0.30341062,403.8314,329.96826,0.027306288,392.91898,313.69772,0.008804653,386.49686,301.5684,0.0040116115,370.98413,299.55142,0.005141552,382.7841,294.5608,0.0061997646,379.90463,294.2962,0.0037606196
101,3,1338.7981567382812,805.6799011230469,404.275634765625,296.59846687316895,386.52075,474.7581,0.53097874,450.19586,560.834,0.6593875,381.46298,460.98767,0.28261238,444.5315,559.5877,0.26982,443.79578,592.5273,0.099101245,396.04044,510.97495,0.10445007,391.40152,552.04333,0.035707593,458.97015,541.7683,0.029845672,398.71304,542.4363,0.016440317,388.18222,512.4334,0.051768545
101,7,865.8099975585938,290.1737308502197,26.651641845703125,19.866002082824707,283.3013,175.97206,0.71073216,285.68314,178.3433,0.71444905,289.37045,176.08493,0.37335163,292.64212,178.05347,0.5853288,295.59924,174.81946,0.0386878,288.81836,181.39156,0.037572384,291.34634,180.85945,0.022043014,284.0742,175.77768,0.036901914,295.676,171.65533,0.020100659,282.90567,176.79962,0.026135197
101,22,1045.9464111328125,351.70073890686035,51.2021484375,32.45046329498291,356.81827,216.4605,0.68637526,352.75583,214.78488,0.6020822,347.32266,218.18309,0.6118735,341.0818,213.14088,0.617681,339.57904,211.9152,0.051927183,348.16245,216.15794,0.04360937,349.23743,212.86877,0.041595753,349.7135,212.92252,0.03849035,349.66238,214.30879,0.027280753,341.24042,212.27357,0.03207419
101,43,841.317626953125,234.28317260742188,20.90936279296875,16.42884349822998,282.52902,142.23715,0.5927065,281.28766,140.52092,0.59657127,278.77524,142.0415,0.43546215,277.89548,141.42258,0.51583976,278.02554,138.47919,0.117341645,279.6958,148.69064,0.08525984,283.58414,142.9751,0.04496676,282.4239,136.81828,0.05910562,280.42468,140.48395,0.06464554,278.97586,140.82231,0.043620728
102,1,1158.7247314453125,481.0319995880127,116.8077392578125,89.98194122314453,368.93112,290.9195,0.7722693,382.83612,312.33112,0.64249974,379.75275,291.4887,0.19144064,402.22827,307.95538,0.30472264,403.86676,329.73163,0.027534975,392.9294,313.52274,0.008921501,386.5041,301.46747,0.0040844586,370.98105,299.42792,0.005210836,382.78906,294.462,0.006300154,379.9205,294.193,0.0038284806
102,3,1344.415283203125,825.7985286712646,380.4580993652344,299.78307723999023,401.05414,492.4835,0.7268161,445.4686,539.6254,0.5716247,394.60742,482.03244,0.17270075,442.8458,539.588,0.16539054,467.47968,575.50024,0.013497972,425.76987,534.9663,0.004334567,429.78204,522.00726,0.0014720801,409.533,501.11356,0.0021011871,397.20026,496.41412,0.0024189844,425.17328,524.05383,0.001639802
102,7,866.5698852539062,290.34236240386963,26.259796142578125,20.052967071533203,283.7964,176.49423,0.7125424,286.14035,178.86751,0.72001195,289.74652,176.49577,0.37221172,292.95163,178.69872,0.5858469,295.86618,175.47653,0.03827933,289.1526,181.97043,0.035614245,291.25638,181.35965,0.021708155,284.52563,176.3233,0.035698406,295.88205,172.07187,0.019497335,283.04575,176.95494,0.02481551
102,22,1041.6951599121094,349.8017349243164,50.62994384765625,33.30183506011963,355.29346,215.32104,0.6815499,351.10983,213.6038,0.59953594,346.53143,216.85616,0.59983915,340.1725,211.97554,0.6129815,338.46384,210.88441,0.065123655,347.48593,215.00232,0.0612506,349.12695,211.98685,0.055496536,348.29233,211.85327,0.054299757,349.629,211.78943,0.039790496,340.91745,210.93468,0.044358786
102,43,841.1139221191406,233.84203720092773,20.7301025390625,16.482762336730957,282.45486,142.06416,0.5932876,281.23563,140.45961,0.5975097,278.66602,141.86107,0.43529892,277.79605,141.3132,0.5161971,277.89532,138.41267,0.11882176,279.4987,148.56366,0.0866256,283.48074,142.76494,0.046053454,282.33224,136.65681,0.060474113,280.27182,140.39919,0.06619237,279.0262,140.6457,0.04467098
103,1,1158.19775390625,481.21749687194824,116.9820556640625,89.82775497436523,368.71982,290.97968,0.77298266,382.7258,312.3833,0.6422788,379.81192,291.61847,0.19138066,402.54074,307.8941,0.30522832,404.15237,329.86765,0.02737654,393.1004,313.5032,0.008816221,386.48276,301.4405,0.0040503084,370.7949,299.5515,0.0051264595,382.9638,294.50925,0.0062523806,379.78046,294.09503,0.003784192
103,3,1365.9196472167969,843.4554290771484,379.31048583984375,284.9344882965088,412.7461,514.5157,0.5343188,470.4991,572.39166,0.5885163,403.6812,508.4904,0.32581758,470.0334,575.6562,0.33630943,469.49332,594.9456,0.11241026,420.23846,531.5291,0.111567244,424.43515,569.04,0.040298827,461.8009,557.9002,0.038021903,412.9992,557.64886,0.020763226,420.15128,544.80524,0.0567836
103,7,866.7650756835938,290.6590518951416,26.106903076171875,20.391569137573242,284.09784,176.41838,0.7130305,286.39517,178.79828,0.7235348,289.80237,176.32384,0.3718782,293.02353,178.7322,0.5885198,295.63782,175.52257,0.039136473,289.21362,181.87883,0.03735296,291.16476,181.0872,0.023280164,284.69446,176.22044,0.03722239,295.76645,171.94934,0.020463178,283.3329,176.76518,0.026064444
103,22,1038.3673095703125,348.3798637390137,48.490814208984375,32.369147300720215,354.12616,214.05264,0.68424374,349.95496,212.34279,0.599376,345.79965,215.49371,0.58710635,339.6436,210.68507,0.60187566,338.2778,209.60558,0.07343915,347.1494,213.63986,0.07523238,348.8999,211.12317,0.06335401,347.01257,210.7333,0.0664509,349.78107,209.66426,0.0490715,340.49448,209.3919,0.054476943
103,43,840.4422912597656,233.81742095947266,20.09454345703125,16.32996654510498,282.26282,141.94943,0.5936901,281.13007,140.4304,0.5980659,278.43436,141.7131,0.43474296,277.5882,141.22803,0.5157472,277.71744,138.38957,0.12022696,279.273,148.50813,0.08786149,283.29242,142.62865,0.04704846,282.14026,136.48894,0.061442185,279.99203,140.37775,0.0674999,279.04684,140.56038,0.0456705
104,1,1158.0413818359375,481.38816261291504,116.991943359375,89.68963623046875,368.68948,291.06387,0.7730988,382.64264,312.56525,0.64281803,379.789,291.67987,0.19080053,402.55017,308.05228,0.30461794,404.09393,330.07077,0.027189158,393.08557,313.6079,0.00872328,386.439,301.5219,0.0040034633,370.72812,299.6649,0.0050625745,382.95407,294.6574,0.0061761145,379.81958,294.15323,0.003734008
104,3,1406.2337036132812,870.411449432373,404.7745056152344,274.43396186828613,421.71448,534.9965,0.53711957,480.31885,589.8285,0.58184326,408.83905,526.48846,0.28713864,478.9757,590.4861,0.28240684,493.05698,605.036,0.09612865,430.3038,549.7039,0.07580847,442.00928,579.9865,0.029463023,478.99533,568.24585,0.023337452,426.8567,570.58746,0.013878017,418.8291,568.147,0.034493297
104,7,867.0463256835938,291.24742126464844,25.691986083984375,20.478678703308105,284.41415,177.01566,0.7132596,286.66418,179.28127,0.7262861,289.9419,176.74466,0.37274975,293.06213,179.34703,0.5877999,295.61172,176.1715,0.03818943,289.29483,182.45042,0.03493406,291.03458,181.61227,0.022595465,285.0484,176.77988,0.035610456,295.99084,172.4361,0.01951501,283.3784,176.99834,0.024430523
104,22,1034.5102844238281,346.60401821136475,47.490234375,32.215450286865234,352.17807,212.76099,0.6868875,347.7943,210.57991,0.620207,344.22998,214.45465,0.59158427,338.05457,209.21603,0.61176896,336.94733,207.77393,0.053132124,344.4412,212.58932,0.040797777,344.65045,211.41948,0.048425995,347.75082,210.384,0.041671358,350.09882,210.95035,0.026396627,341.2394,207.74478,0.030422911
104,43,840.1259765625,233.79810905456543,19.302337646484375,15.976790428161621,282.18283,141.8624,0.5939785,281.06982,140.39917,0.59847736,278.4986,141.62376,0.43455276,277.65884,141.21822,0.51535016,277.8024,138.46085,0.12037347,279.1964,148.41406,0.08771456,283.24158,142.53955,0.047234237,282.1039,136.39119,0.06124296,280.02515,140.34991,0.067736,278.9589,140.48352,0.045766577
105,1,1158.1414489746094,481.1822204589844,117.509765625,89.04961395263672,368.5366,290.64066,0.7731436,382.6929,312.09555,0.64146185,379.40527,291.31067,0.19158182,402.32004,307.6339,0.3043615,404.08688,329.62695,0.027505139,393.0396,313.34412,0.009013339,386.4465,301.23886,0.0041490565,370.5677,299.2775,0.005188027,382.57175,294.17398,0.006334526,379.71796,293.92175,0.0038708067
105,3,1429.5596923828125,889.5932693481445,391.6266174316406,248.2434139251709,430.95728,535.0144,0.57207054,464.72403,557.13,0.51654255,425.94403,530.7396,0.3798878,465.32138,556.6849,0.32547417,484.73172,576.0413,0.037034176,455.09628,555.55634,0.013978149,456.3748,553.3486,0.0058721793,434.82794,538.48334,0.005281642,431.38156,533.6515,0.006921295,463.78543,550.01105,0.0048845783
105,7,867.8036499023438,291.4540328979492,25.805511474609375,20.72860050201416,284.72574,178.52626,0.71553206,286.9426,180.82066,0.7287226,289.9523,177.88013,0.3596672,293.15027,180.92989,0.57383615,295.66287,177.65575,0.034087643,289.0446,184.29872,0.027987925,290.96045,183.29637,0.018221753,285.44275,178.46158,0.028496973,296.4765,173.89247,0.015874239,282.5404,177.98897,0.019317469
105,22,1030.4578857421875,344.47911643981934,47.238372802734375,32.24704456329346,350.54114,212.39067,0.69877815,346.45966,209.89604,0.61168975,342.4844,213.01447,0.53966683,336.39294,208.32516,0.5382706,335.02313,206.82506,0.088407256,344.78854,211.86972,0.10841005,347.51852,210.38905,0.071391,344.14804,209.5773,0.094462104,349.85297,205.67668,0.06432391,338.71115,207.73598,0.07360552
105,43,839.8509521484375,233.15105724334717,18.36346435546875,15.122920989990234,281.9887,141.43904,0.59517896,280.89645,140.03442,0.5994541,278.45898,141.07483,0.43563426,277.65985,140.82748,0.5158047,277.8955,138.13756,0.12205249,279.21512,147.7453,0.089572415,283.18918,142.13997,0.049211513,281.95514,135.8597,0.0625303,280.1431,139.92215,0.06983983,278.9985,139.95424,0.047621414
106,1,1158.5446472167969,481.19988441467285,117.7957763671875,88.70848846435547,368.56903,290.54523,0.7736623,382.67236,312.04584,0.6416834,379.40378,291.21857,0.1911878,402.29837,307.5929,0.30386454,404.05707,329.6115,0.027414305,393.07413,313.35217,0.009023132,386.4802,301.192,0.004147959,370.5791,299.21915,0.0051869093,382.55234,294.0971,0.0063222772,379.70966,293.86557,0.003871779
106,7,868.7953491210938,292.1404552459717,26.003997802734375,21.731351852416992,285.2904,178.00247,0.72034466,287.52777,180.27876,0.7347534,290.3062,177.36539,0.36064723,293.57654,180.50928,0.58160836,295.79443,177.13527,0.037400145,289.72137,183.68047,0.031953502,290.85657,182.47514,0.021630358,285.77045,177.70303,0.03264492,296.22522,173.36427,0.018369135,283.2569,177.46378,0.022298511
106,22,1028.508544921875,343.1199188232422,47.671142578125,32.70205879211426,350.30093,211.31375,0.6715975,346.42596,209.33371,0.6005278,342.3122,212.68515,0.6275334,336.29953,207.71524,0.6115434,335.10074,207.0749,0.037277862,341.27896,211.6273,0.023233986,342.3388,207.13765,0.024010435,344.9233,207.38258,0.023041153,341.9172,209.74655,0.014955337,334.59344,207.79178,0.017473558
106,43,839.2881774902344,232.79759788513184,17.4019775390625,14.413453102111816,281.7432,141.0311,0.5935227,280.6561,139.61534,0.5975714,278.25558,140.62738,0.43727648,277.42905,140.38824,0.51612127,277.5068,137.66185,0.12463083,279.0417,147.26013,0.092749834,282.96057,141.83223,0.05169688,281.6903,135.47894,0.064699166,279.95978,139.42496,0.072055325,279.03867,139.45258,0.049664058
107,1,1159.0101013183594,481.33213233947754,117.83148193359375,88.8164291381836,368.6907,290.60703,0.77425873,382.80185,312.09662,0.6420173,379.49835,291.27032,0.19080155,402.362,307.66473,0.30391088,404.186,329.58398,0.027399214,393.14288,313.36542,0.008980934,386.58228,301.29858,0.004116555,370.6808,299.25543,0.0051933136,382.66425,294.1703,0.006314912,379.77075,293.89923,0.00384855
107,7,870.1696472167969,292.96453285217285,25.91217041015625,23.55143451690674,285.95905,177.8272,0.72211134,288.2185,180.21472,0.740771,290.72073,177.34042,0.3639494,294.21884,180.38815,0.58627367,296.23,177.09256,0.04026415,290.66425,183.40587,0.03385141,290.90332,182.05989,0.024020603,286.38763,177.24564,0.03555858,295.90018,173.38878,0.0199233,283.88885,177.56528,0.023792874
107,22,1025.9284057617188,341.8807382583618,47.786865234375,31.630273818969727,349.20444,209.97957,0.6656929,345.62805,207.8416,0.5889807,341.08844,211.5867,0.6356573,335.41174,206.43369,0.6217946,334.03958,205.5024,0.045318767,340.8391,209.80305,0.032569304,341.92703,205.9198,0.033621315,343.46014,206.22774,0.031020947,341.48026,208.10176,0.02137586,334.55014,206.20297,0.024811517
107,43,839.340087890625,233.1666612625122,17.12310791015625,14.274896621704102,281.8839,141.17683,0.5923201,280.78857,139.78874,0.5971485,278.41147,140.80078,0.43747875,277.5031,140.5598,0.51651067,277.61688,137.8482,0.12441193,278.995,147.57306,0.09207399,282.95126,141.95692,0.051050268,281.84924,135.55266,0.06401083,279.96426,139.63303,0.0716594,278.88593,139.67116,0.04909318
108,1,1159.3679809570312,481.3003578186035,117.65203857421875,89.11197853088379,368.85178,290.7384,0.77408046,382.88574,312.17075,0.6421572,379.72235,291.37445,0.19030501,402.40607,307.76065,0.30382934,404.14233,329.5935,0.02744299,393.14856,313.41162,0.008929579,386.66287,301.39355,0.0040739374,370.8676,299.34204,0.0051965364,382.84848,294.2938,0.0062940675,379.83542,293.96292,0.0038167886
108,7,870.966796875,294.17927742004395,25.844970703125,24.201576232910156,286.1465,178.33957,0.7210639,288.3503,180.7919,0.7432245,290.97638,177.82718,0.362668,294.39508,180.94217,0.5835639,296.51593,177.86444,0.038356803,290.86636,183.99852,0.030285964,290.94437,182.62674,0.021640891,286.66626,177.67448,0.032996003,296.06912,173.8926,0.017998511,283.8001,178.08144,0.021167539
108,22,1023.0210571289062,341.0336151123047,47.409210205078125,31.254695892333984,348.36487,209.58505,0.670257,344.5342,207.4603,0.58959067,340.17734,211.0988,0.62726635,334.5029,205.98029,0.6214963,333.12497,205.17787,0.05177744,340.2347,209.25136,0.039950646,341.2797,205.8719,0.040953327,342.3597,205.9449,0.03794401,341.56772,207.31071,0.027008824,334.28006,205.30214,0.0303393
108,43,839.3615112304688,233.11436462402344,16.8929443359375,14.0634183883667,281.82523,141.0248,0.5925906,280.7357,139.56447,0.5965722,278.38202,140.6796,0.43866214,277.4738,140.37141,0.5164596,277.6854,137.6713,0.123697974,279.1192,147.38484,0.09216976,283.01508,141.91997,0.051139407,281.80356,135.44249,0.063701004,279.99194,139.41074,0.07138396,278.85974,139.54956,0.049156178
109,1,1159.0729064941406,481.2626609802246,117.48486328125,89.18309783935547,368.84433,290.62375,0.77445143,382.90625,312.10526,0.6425966,379.67355,291.258,0.19006936,402.35294,307.719,0.30319226,404.11398,329.58893,0.02737181,393.07437,313.43433,0.008950668,386.6661,301.3221,0.00408661,370.87766,299.2757,0.005200351,382.728,294.2027,0.0063001,379.78873,293.96713,0.0038298485
109,7,871.4942321777344,294.7209634780884,26.37249755859375,24.970705032348633,286.32007,178.59895,0.7250298,288.59204,181.21834,0.7476963,291.27188,178.14131,0.3569601,294.8859,181.26299,0.5796819,297.1775,178.14038,0.03802204,291.36023,184.40862,0.028570311,290.98273,183.05034,0.020412847,286.86053,177.89342,0.03177998,296.14325,174.21532,0.01717436,283.72592,178.37317,0.019940248
109,22,1019.2088928222656,339.5826473236084,46.09991455078125,30.628887176513672,346.71402,208.69891,0.68032056,343.25803,206.43742,0.5932811,338.28183,209.99442,0.605803,333.2558,205.00739,0.6155858,331.58127,204.20805,0.06401506,339.52634,208.07465,0.057110958,340.49872,205.02788,0.0559768,340.13617,205.11687,0.05347722,340.98444,205.37883,0.039691523,333.8974,203.84253,0.042702593
109,43,838.6922607421875,232.72354316711426,16.438934326171875,13.737278938293457,281.43686,140.66013,0.5944699,280.45584,139.33752,0.59718186,278.0344,140.3064,0.43774194,277.17316,140.11737,0.51541775,277.44205,137.51668,0.12494724,278.91592,147.01767,0.093880646,282.76425,141.6642,0.052861225,281.40347,135.17516,0.06523675,279.64316,139.07985,0.07296295,278.91794,139.22906,0.050725073
110,1,1158.6085510253906,481.1329879760742,117.3321533203125,89.27394104003906,368.7923,290.44336,0.7748281,382.85196,312.04147,0.6424915,379.5248,291.06625,0.18956147,402.22906,307.6686,0.3021125,404.00812,329.59497,0.027316524,393.06934,313.37488,0.009001399,386.61798,301.2521,0.0041186744,370.79828,299.15237,0.0052155023,382.58667,294.0251,0.0062995153,379.77826,293.88663,0.0038601332
110,7,872.0352172851562,294.9283218383789,27.218719482421875,25.889307975769043,286.31116,178.9585,0.73028165,288.53052,181.86508,0.752021,291.63718,178.43973,0.34689856,295.43427,181.71701,0.57227457,298.10205,178.5293,0.03640673,291.6211,185.0938,0.025825903,290.98358,183.83067,0.017831577,286.85126,178.32576,0.028899834,296.42343,174.60573,0.015463887,283.2446,178.61482,0.01799835
110,22,1015.36376953125,337.8069820404053,43.98175048828125,30.089621543884277,345.03015,207.10858,0.69821537,341.5311,204.5853,0.64241105,337.6031,208.16315,0.5850512,332.4915,203.1533,0.6117203,330.8085,202.29578,0.043283187,338.3123,207.44305,0.026926855,338.2064,204.5419,0.030074218,340.54553,203.2695,0.031739127,341.69238,204.09488,0.018228654,333.04062,202.37802,0.018353742
110,43,837.1025390625,232.1421775817871,15.933380126953125,13.352096557617188,280.72638,140.30775,0.5961821,279.686,139.06718,0.5977578,277.28537,139.9744,0.43690276,276.42087,139.77403,0.5150343,276.60944,137.21773,0.12730472,278.56845,146.5461,0.09700183,282.12515,141.36559,0.0559733,280.5615,134.96613,0.06784769,278.93497,138.73083,0.075167015,279.15588,138.79509,0.053325005
111,1,1158.0294799804688,480.56006813049316,116.91458129882812,88.8489761352539,368.67737,289.86517,0.77614737,382.76215,311.46094,0.64299583,379.20517,290.55,0.18982327,402.0249,307.15494,0.30129313,403.87598,329.21173,0.027446108,393.04483,313.1272,0.009306416,386.6245,300.74265,0.004295224,370.63977,298.68698,0.005351153,382.23343,293.476,0.006477063,379.64148,293.56256,0.004030159
111,7,872.6771850585938,294.29110622406006,28.50567626953125,26.483367919921875,286.34293,178.71106,0.7369124,288.47693,181.72646,0.7544346,291.9432,178.17883,0.34378847,295.81052,181.42493,0.57251304,298.75662,178.09418,0.03703721,291.92908,184.94035,0.026405936,290.9352,183.76917,0.017651217,286.64194,178.02425,0.029218178,296.47836,174.32095,0.015631039,283.06976,178.20776,0.018493328
111,22,1012.3501281738281,334.4706058502197,44.14434814453125,29.339959144592285,344.2165,204.87166,0.6881011,340.4987,202.29045,0.6233098,336.34375,206.04726,0.60433245,331.5109,200.71591,0.61643165,329.93222,199.81866,0.05397748,337.76205,204.53275,0.040242042,337.7907,202.4191,0.043789078,339.0004,201.2981,0.043404665,341.11536,201.66986,0.026571047,332.99072,199.67596,0.02896101
111,43,836.5050659179688,231.41810989379883,15.8770751953125,13.21603775024414,280.91614,140.19745,0.5966217,279.84198,138.86357,0.59701234,277.20538,139.81248,0.43714282,276.31293,139.5941,0.51464635,276.52145,136.85707,0.12749644,278.7642,146.31805,0.09816912,282.3467,141.33914,0.05631396,280.69705,134.84045,0.068926565,279.0241,138.51904,0.075478144,279.39163,138.67769,0.05388109
112,1,1157.7996826171875,480.0425090789795,116.8590087890625,88.58087539672852,368.65247,289.44183,0.7774811,382.71265,311.06113,0.6425885,379.08047,290.19147,0.18879227,401.80008,306.81473,0.29972082,403.67477,328.9284,0.027396398,393.092,313.02924,0.009479089,386.60724,300.4483,0.004379323,370.62106,298.35745,0.005423753,381.99078,293.022,0.0065255533,379.53604,293.3439,0.0041160975
112,7,873.0619812011719,293.57965564727783,29.1456298828125,26.653106689453125,286.15884,177.97333,0.74025506,288.38116,181.12463,0.75593203,291.94437,177.75119,0.34718686,295.95682,180.68942,0.5796399,299.01935,177.2463,0.03812979,292.17456,184.14911,0.028676858,290.94705,183.06758,0.018746078,286.26193,177.23424,0.031440184,296.16534,173.75906,0.016550655,283.3295,177.76202,0.020144166
112,22,1010.1037902832031,332.21628856658936,44.26739501953125,30.012605667114258,343.8724,204.25058,0.6902394,339.84143,201.79082,0.61829066,335.26453,205.42676,0.5978384,330.4782,200.02959,0.6073662,329.01813,199.13243,0.05677948,337.15463,203.68967,0.045308296,337.2053,202.04755,0.048087317,338.0608,200.94392,0.046916995,340.99036,201.15387,0.029238243,332.51218,198.63017,0.03298014
112,43,835.864013671875,229.96626663208008,16.155303955078125,12.799827575683594,280.82425,139.08685,0.59704155,279.7443,137.82,0.59432477,276.70593,138.64499,0.43964797,275.87976,138.38577,0.51454043,275.82925,135.7912,0.13242422,278.83,145.25339,0.10635193,282.27853,140.51181,0.062125497,280.54236,133.79088,0.075408876,278.86804,137.13753,0.08132245,279.6539,137.5803,0.05978137
113,1,1158.2156982421875,479.3031463623047,117.39862060546875,88.9507884979248,368.61996,289.1725,0.7800753,382.56052,310.75296,0.64388573,379.36697,289.91003,0.18701194,402.2535,306.37848,0.2986301,403.8092,328.92422,0.027399829,393.55362,312.73022,0.009515787,386.75775,299.98254,0.004429911,370.62296,298.15234,0.0054334123,382.536,292.6703,0.006589681,379.3087,292.857,0.0041912515
113,7,873.4572143554688,292.85947608947754,30.427825927734375,26.947317123413086,285.8034,177.44667,0.748975,288.15558,180.8215,0.7601415,292.0074,177.46217,0.34416017,296.28592,180.22598,0.58326095,299.75974,176.42,0.038275335,292.46692,183.75519,0.029674655,290.79144,182.93373,0.0186219,285.68253,176.76723,0.03208095,296.12967,173.4123,0.016598703,283.21878,177.29387,0.020971352
113,22,1007.1859130859375,330.2354278564453,43.363677978515625,29.490205764770508,342.83545,203.37753,0.6984619,338.87497,201.12434,0.622632,334.00812,204.56284,0.57280874,329.41766,199.35309,0.5946622,328.24118,198.60867,0.057046857,336.35657,202.99522,0.050371878,336.9701,201.20552,0.04844874,336.6138,200.44838,0.05013929,340.64005,199.70071,0.031024221,331.90884,197.88419,0.036043778
113,43,835.815673828125,228.14260482788086,16.222686767578125,12.315948486328125,281.0149,137.73747,0.5916767,279.7154,136.28922,0.5865642,276.74915,137.33215,0.44767874,275.83652,136.8753,0.5170968,275.12872,134.29573,0.13918644,278.9713,143.85512,0.11710546,282.30637,139.61662,0.07010391,280.6607,132.5951,0.08413293,279.24054,135.29037,0.08864519,279.71222,136.21349,0.067075156
114,1,1158.9418029785156,478.3143253326416,117.9810791015625,89.02922058105469,368.58875,288.7704,0.7818105,382.44318,310.29343,0.6443344,379.67245,289.49753,0.18559925,402.68298,305.87888,0.29744324,403.83923,328.80566,0.027462315,393.8834,312.4233,0.009640206,386.9137,299.42313,0.004519857,370.6604,297.88953,0.0054912586,382.94595,292.15753,0.006685288,379.0288,292.30463,0.004286437
114,7,874.3518676757812,292.7651824951172,31.41650390625,27.142624855041504,286.12228,177.55144,0.7501172,288.51044,180.82196,0.7599355,292.39648,177.53714,0.34839666,296.72372,180.17947,0.5835989,300.2696,176.47845,0.0395535,293.03387,183.78252,0.029581113,290.9029,182.91283,0.018732293,285.92365,176.68811,0.032723673,296.0701,173.32588,0.01697462,283.36398,177.24944,0.021051282
114,22,1004.6552124023438,327.73602962493896,42.128265380859375,27.701356887817383,341.45175,200.41052,0.65930665,337.88428,198.41638,0.5864243,333.10184,201.66074,0.63849866,328.5909,197.21738,0.60298795,327.70233,196.55492,0.042837303,333.26025,200.41885,0.03159302,334.8297,195.71495,0.028714716,335.3145,196.75412,0.028254393,332.94998,197.9373,0.019291123,326.09268,197.64722,0.02469874
114,43,833.7672729492188,226.2082986831665,16.657745361328125,12.247198104858398,279.21744,136.67308,0.6356883,277.88257,135.60104,0.62523955,276.247,136.32956,0.57085,276.08432,135.76141,0.6063968,275.757,134.87877,0.051749915,276.9703,138.32982,0.040210962,277.33936,133.57431,0.034472153,276.61978,132.82068,0.040182643,276.0457,132.79317,0.024623118,269.30316,136.63191,0.031610373
115,1,1159.3244018554688,477.7235870361328,118.38619995117188,89.16152000427246,368.6074,288.5621,0.7829227,382.5575,309.9884,0.6443421,379.74634,289.2812,0.18539001,402.89807,305.55728,0.29725567,404.00256,328.61176,0.027502066,394.06784,312.31534,0.0097383205,387.08768,299.17664,0.0045595146,370.72955,297.71677,0.0055485354,383.0716,291.8631,0.006766616,378.90063,292.09125,0.0043408466
115,7,874.8935852050781,292.70181369781494,32.104248046875,27.611852645874023,286.10742,177.53452,0.75149363,288.53427,180.87921,0.75946206,292.48422,177.60245,0.3468048,296.8721,180.15875,0.58227044,300.52393,176.40443,0.03949177,293.12158,183.85211,0.029338928,290.96008,182.99031,0.018334525,285.89288,176.74532,0.032237913,296.05295,173.35553,0.016835362,283.2697,177.25488,0.02089034
115,22,1002.5185546875,326.42964363098145,40.571044921875,27.507285118103027,340.45105,200.38959,0.66094846,337.13873,198.22107,0.5884618,332.09167,201.26233,0.6303931,328.10345,197.16818,0.6059853,326.61514,196.50084,0.0490721,332.73853,200.24075,0.039210975,334.3121,195.73682,0.03608247,334.27234,196.68759,0.03502189,332.61514,197.42337,0.02472994,326.04898,197.41864,0.03019199
115,43,832.9784545898438,225.3617935180664,17.266021728515625,12.509814262390137,279.22964,136.61841,0.6390028,277.93176,135.53714,0.6285744,276.23666,136.3343,0.5722674,275.9347,135.71736,0.61004776,275.6433,134.85071,0.051162653,276.97998,138.27759,0.039952867,277.40723,133.6284,0.0343727,276.60202,132.88295,0.039966185,276.2069,132.67947,0.02452452,269.4556,136.53482,0.031201204
116,1,1159.9392700195312,476.8752021789551,118.52297973632812,89.74556350708008,368.76688,288.36035,0.7856697,382.58035,309.71515,0.6459168,380.26752,288.99655,0.18263572,403.54004,305.23175,0.2944126,404.05768,328.7898,0.027183086,394.50583,312.25375,0.0096430285,387.4709,298.83234,0.004493064,370.99384,297.71796,0.005525535,383.77957,291.53177,0.006719007,378.68533,291.7405,0.00431768
116,7,875.7796325683594,292.6952476501465,32.47979736328125,27.725483894348145,286.47244,177.56596,0.75017977,288.91605,180.89752,0.7581045,292.79355,177.71039,0.35111606,297.25177,180.09818,0.5820174,300.83188,176.45915,0.040473096,293.52298,183.8511,0.0293847,291.15292,182.87547,0.018473787,286.26935,176.7114,0.032467984,295.85727,173.41403,0.01712164,283.46655,177.38927,0.020984054
116,22,999.6641235351562,324.29683685302734,39.2230224609375,26.846354484558105,339.1593,198.85956,0.66498715,335.9664,196.53123,0.59057564,331.29532,199.35187,0.61305463,327.2297,195.53639,0.59581316,325.67993,194.79689,0.059751052,332.34808,198.6387,0.054927226,334.27863,194.69783,0.04688025,333.12662,195.40913,0.047784135,332.91357,194.62418,0.034889933,325.62067,195.93121,0.041132435
116,43,833.0110473632812,224.74020767211914,17.515228271484375,12.42432689666748,279.30914,136.47308,0.6385013,278.0392,135.28777,0.62575185,276.28693,136.18884,0.57549965,275.93646,135.48445,0.60833484,275.7748,134.435,0.049889166,277.0752,138.11287,0.038877767,277.56717,133.35052,0.033184826,276.7089,132.63135,0.038801935,276.19885,132.58376,0.023485595,269.40112,136.54387,0.030500438
117,1,1160.0738525390625,476.9100151062012,118.5750732421875,89.92436599731445,368.7282,288.38812,0.7861109,382.60333,309.6968,0.64623624,380.25308,289.05176,0.18277827,403.6627,305.17816,0.29481247,404.18173,328.79575,0.0271176,394.55188,312.32693,0.009619259,387.51096,298.79416,0.0044757784,370.96417,297.7533,0.005499165,383.78433,291.57382,0.0067174286,378.63394,291.74078,0.0043012253
117,7,876.5649719238281,293.8606309890747,32.58966064453125,28.076265335083008,287.1546,178.50714,0.7504365,289.483,181.71,0.76054007,293.24625,178.39722,0.34369507,297.54327,181.04141,0.5726933,301.0039,177.57971,0.040412046,293.89874,184.88405,0.02669824,291.2012,183.70135,0.01744658,287.1212,177.57724,0.030765565,296.16486,174.16563,0.016464014,283.51846,178.06029,0.018902317
117,22,996.7424926757812,323.31285667419434,38.578033447265625,26.57717227935791,338.26105,198.25783,0.67160785,335.15152,196.04562,0.59351474,330.2863,198.78946,0.5975202,326.24564,195.03479,0.59730476,324.4162,194.16716,0.070067555,331.90414,197.96107,0.07078791,333.67633,194.32434,0.05914712,331.82822,194.80438,0.061229944,332.69583,193.63316,0.046271686,325.2763,194.87218,0.052257348
117,43,832.6327514648438,224.91236686706543,17.629852294921875,12.598494529724121,279.1326,136.51466,0.63957757,277.89688,135.34106,0.62832433,276.1326,136.23364,0.5730907,275.79742,135.58109,0.6102519,275.59198,134.58472,0.050857708,276.99957,138.17128,0.039899074,277.46277,133.47778,0.0342564,276.5883,132.72649,0.040038552,276.21683,132.55325,0.024357973,269.45236,136.57806,0.031122688
118,1,1159.4080810546875,476.9022388458252,118.41513061523438,90.31359100341797,368.78357,288.31143,0.78676665,382.56427,309.7836,0.64760727,380.10205,288.9175,0.18155825,403.36063,305.3828,0.29249543,403.89062,329.017,0.026836546,394.34195,312.5396,0.0095646195,387.43094,298.86136,0.004446961,370.98367,297.73926,0.0054763523,383.47546,291.60233,0.0066410596,378.67316,291.97113,0.0042849355
118,7,877.1521911621094,294.29265117645264,32.37579345703125,28.794153213500977,287.4621,178.77625,0.7510126,289.7421,181.9245,0.758882,293.8279,178.62418,0.3408621,297.9112,181.34882,0.56833297,301.56793,177.8666,0.041183118,294.1675,185.29114,0.025877709,291.2845,184.07686,0.016983988,287.56866,177.96751,0.030174332,296.44254,174.30983,0.01658336,283.55673,178.12973,0.018436218
118,22,993.4103393554688,322.2427453994751,40.083160400390625,27.012977600097656,337.51614,197.57272,0.6848819,334.3465,195.46278,0.5975373,329.39163,198.18715,0.57929367,325.19565,194.20752,0.5901177,323.5625,193.31654,0.07832395,331.5614,197.2257,0.08473374,333.15137,194.00339,0.06705284,330.62518,194.19687,0.072624035,332.7377,192.50278,0.055998474,324.71802,193.65616,0.0618019
118,43,832.0156860351562,224.29448890686035,17.292755126953125,12.210041999816895,278.5844,135.97794,0.6425533,277.5489,134.84666,0.62594557,275.8667,135.74193,0.5686279,275.66766,135.0525,0.6099755,275.701,133.91331,0.05091729,276.81622,137.68022,0.04160634,277.54916,133.11646,0.034688238,276.16763,132.26051,0.04104092,276.27893,132.0409,0.025122484,269.35138,136.33818,0.032486923
119,1,1159.1539306640625,476.2854423522949,118.447998046875,90.5727310180664,368.77817,288.07013,0.7874697,382.47903,309.5423,0.6479506,380.16547,288.63705,0.1809321,403.42722,305.12955,0.29151374,403.79767,328.94202,0.026909731,394.4595,312.3255,0.009663455,387.495,298.60147,0.0045140525,370.99863,297.54535,0.0055256397,383.6182,291.31808,0.006703314,378.59036,291.7159,0.0043629496
119,7,877.5890808105469,293.2151756286621,32.63763427734375,28.951223373413086,287.35974,177.99315,0.7495028,289.70544,181.16502,0.75568306,293.71283,177.97389,0.34942406,297.94766,180.50974,0.5755748,301.5336,176.98329,0.04167485,294.12302,184.37753,0.028082794,291.45047,183.12488,0.018000083,287.27234,177.14812,0.031537093,296.05432,173.64069,0.017352397,283.72873,177.59683,0.020176833
119,22,990.3930358886719,319.7797565460205,39.67034912109375,27.096044540405273,336.19324,195.86911,0.6969066,333.26526,193.84785,0.631397,328.92,196.83298,0.56605977,324.74976,192.61603,0.6143919,323.02872,191.6234,0.053492527,329.90985,196.11029,0.04403205,330.26315,193.77914,0.045513835,331.30127,192.887,0.044451803,333.32138,193.07901,0.02969583,325.53815,191.27591,0.03108266
119,43,831.1774291992188,221.88838005065918,16.914276123046875,11.998744010925293,278.35773,134.3838,0.6446958,276.9557,133.30418,0.6209517,275.34805,134.23161,0.567991,274.76382,133.50964,0.6062495,274.9585,132.19206,0.05503823,276.3099,135.94597,0.049811397,277.55176,131.82309,0.03928399,275.80847,130.92917,0.04622327,276.57397,130.56288,0.029212669,269.12665,135.12643,0.039014973
120,1,1159.1195068359375,475.7402801513672,118.39187622070312,90.56322956085205,368.76443,287.70532,0.78712356,382.3821,309.28748,0.6481459,379.96124,288.17957,0.18050085,403.14218,304.9467,0.28965434,403.41544,328.81097,0.027010655,394.32614,312.1372,0.009867003,387.48172,298.32962,0.004620935,370.9733,297.22702,0.005599236,383.36847,290.9673,0.0067699277,378.59998,291.5218,0.0044701835
120,7,877.8717041015625,292.5618152618408,32.8868408203125,29.24772548675537,287.14398,177.57031,0.7497502,289.55856,180.9193,0.7548508,293.68375,177.66278,0.34709468,297.97467,180.24895,0.57657945,301.69363,176.58586,0.041243058,294.00476,184.06573,0.02864541,291.51645,182.85307,0.017923815,287.00854,176.88113,0.031419106,296.02924,173.34566,0.01735346,283.64957,177.33235,0.020670049
120,22,988.0574340820312,317.1969566345215,39.05950927734375,27.16080379486084,335.55777,194.81769,0.69396085,332.53043,192.8899,0.6229166,327.85944,195.81271,0.56570566,323.86884,191.531,0.6086083,322.36563,190.63542,0.057181798,329.48038,194.85098,0.050881825,330.027,192.63559,0.049793985,329.92963,191.91212,0.049545005,332.8581,191.63441,0.033276163,324.88876,189.92558,0.036558215
120,43,830.6048583984375,220.5666217803955,16.725860595703125,11.67242431640625,278.1622,133.95277,0.64652056,276.6521,132.8106,0.6207963,275.26166,133.82623,0.56474453,274.46094,132.99033,0.6055524,274.69275,131.51584,0.057044677,276.17328,135.58977,0.053468343,277.65625,131.55042,0.041470006,275.89038,130.55693,0.048769705,276.73184,130.12254,0.031125367,269.1518,135.05685,0.04146939
121,1,1158.9833679199219,475.3263874053955,118.5443115234375,90.50495910644531,368.84546,287.49765,0.7866997,382.48306,309.1261,0.64734906,379.78085,287.98682,0.18063632,402.69495,304.85846,0.28899905,403.17548,328.54904,0.027033446,394.1474,312.13925,0.010012857,387.4126,298.2908,0.0046760268,371.1029,296.98047,0.005658164,382.9801,290.7348,0.006795195,378.64407,291.5887,0.004529922
121,7,878.3695678710938,291.7956476211548,32.6041259765625,29.266033172607422,287.09088,176.84245,0.7466812,289.6334,180.38968,0.75083125,293.78043,177.11473,0.34512287,298.0305,179.7769,0.5778916,301.7619,175.9606,0.04130315,293.8573,183.48607,0.03027847,291.81113,182.15251,0.018431546,287.0121,176.4483,0.03169823,295.8636,172.83418,0.017957639,283.76215,177.01204,0.021954821
121,22,986.6002807617188,314.8420886993408,38.565948486328125,27.09990692138672,334.99213,193.51305,0.6968857,332.26816,191.88385,0.622835,327.45016,194.62915,0.55360603,323.65005,190.49524,0.60935867,322.3322,189.7295,0.061595332,329.52518,193.59454,0.059757836,330.21783,191.27003,0.05403116,328.7746,190.57309,0.057022512,332.54913,189.88992,0.038948566,324.5766,188.55222,0.042794645
121,43,829.4456176757812,218.75933647155762,16.9647216796875,11.457714557647705,277.61136,132.86354,0.6490368,275.93594,131.93343,0.62210405,275.0719,132.83434,0.55154604,274.01236,131.96983,0.5983318,274.30627,130.4091,0.06243058,275.81088,134.60909,0.06297007,277.68268,130.95377,0.04642144,275.67267,129.74567,0.055595513,276.98373,128.94928,0.03619724,269.1118,134.37411,0.04843087
122,1,1159.19091796875,474.7499141693115,121.03271484375,91.66797351837158,367.2013,286.65515,0.89819664,383.6147,308.57507,0.9232243,377.11557,292.47147,0.018667448,401.49173,305.8295,0.30067384,412.28278,287.22726,0.0043733395,394.49612,309.91766,0.0031342325,387.97562,305.60687,0.00051690056,364.81393,294.00668,0.0023467569,389.32297,291.28073,0.00067792425,362.6876,296.8373,0.0014835994
122,7,880.0486450195312,291.36097526550293,31.736480712890625,29.00027561187744,287.86575,176.69456,0.73874754,290.33716,179.97879,0.7410124,294.714,176.84976,0.35576668,298.66934,179.49217,0.5779045,302.38312,176.08002,0.043714046,294.43338,183.16925,0.030801632,292.34546,181.51387,0.019016648,287.7637,176.14117,0.032769572,295.78363,172.27472,0.019340102,284.22403,176.65973,0.022764321
122,22,985.7924194335938,312.7265338897705,37.88067626953125,26.56406593322754,334.44135,192.22122,0.6976635,332.4713,190.60991,0.6196495,326.70413,193.2441,0.5434571,323.4172,189.42142,0.60209066,321.9218,188.35626,0.06479386,329.51184,192.38696,0.0691882,330.6104,189.62344,0.057693504,327.8511,189.34404,0.06277874,331.93423,188.09204,0.043795336,324.21234,187.553,0.049423758
122,43,829.5655517578125,217.85365962982178,16.746368408203125,11.208642482757568,277.8598,132.11205,0.6463725,276.10385,131.23517,0.62073815,275.60724,132.02155,0.54792595,274.57468,131.34023,0.5879616,275.0307,129.6603,0.062226545,276.10834,133.89862,0.06257823,277.85394,130.41017,0.045031577,276.34387,129.00804,0.05453272,277.29593,128.41238,0.035184015,269.2762,134.11931,0.048824374
123,1,1159.8736267089844,474.96924591064453,119.68670654296875,90.39840888977051,369.05142,287.12158,0.78737307,382.53488,308.42642,0.64969766,380.39218,287.64743,0.18145885,403.3073,304.0806,0.2911204,403.3501,328.11044,0.02784703,394.30505,311.62973,0.010388805,387.7512,297.33652,0.0049229595,371.43292,296.56442,0.0058925934,383.65475,290.38834,0.007239769,378.2905,290.96918,0.004805003
123,7,881.9312438964844,292.42034912109375,29.97125244140625,28.939404487609863,288.58826,177.42822,0.7382348,290.94363,180.6851,0.74266964,295.31525,177.411,0.35052943,299.09598,180.27089,0.5705088,302.82687,177.02348,0.042725846,294.9133,184.08125,0.02750135,292.543,182.17393,0.01726456,288.61005,176.82312,0.030145857,296.0315,172.89032,0.01792578,284.2086,177.24295,0.020217327
123,22,984.1607666015625,311.6261672973633,38.421844482421875,26.791688919067383,333.41037,191.20148,0.64201987,330.97144,189.61833,0.58119375,326.0172,191.91689,0.6403805,323.09152,188.61446,0.5931484,322.3085,187.56906,0.038122438,326.29025,191.63574,0.027911298,328.05484,186.22711,0.023799114,327.6303,187.4234,0.023278113,324.39005,188.63754,0.015473168,317.87045,189.5091,0.023071729
123,43,829.3156127929688,218.05929279327393,16.653717041015625,11.121790409088135,277.71655,132.01956,0.64616287,275.9234,131.14093,0.6207042,275.4465,131.88568,0.5475413,274.3962,131.22061,0.5886161,274.75943,129.60977,0.06431502,275.99606,133.7626,0.06577196,277.79712,130.34515,0.04720615,276.12543,128.92903,0.057218634,277.26093,128.17021,0.037214212,269.23453,133.93141,0.05115351
124,1,1160.033935546875,475.0762596130371,119.18307495117188,90.03936195373535,369.0711,287.0662,0.787894,382.62027,308.33847,0.6496931,380.3818,287.6127,0.18123372,403.35995,303.99875,0.29103038,403.44534,328.0111,0.027810205,394.3748,311.6334,0.010405619,387.83337,297.29172,0.0049162153,371.4506,296.51886,0.0058929315,383.63773,290.33075,0.007246582,378.2614,290.92807,0.0048016477
124,7,882.9179077148438,293.5202522277832,29.238006591796875,29.66542911529541,288.49985,178.00217,0.74841154,291.10764,181.61731,0.75327504,295.3694,178.0946,0.33054954,299.58798,181.10056,0.5611566,303.60645,177.53992,0.039232805,295.36267,185.15652,0.023842063,292.4817,183.2114,0.014380599,288.49982,177.5213,0.026622605,296.15045,173.64207,0.015310488,283.7411,177.9665,0.017093271
124,22,982.1518249511719,311.06470584869385,38.08721923828125,26.44222068786621,332.70767,190.9629,0.646928,330.25433,189.22505,0.5834352,325.26102,191.55144,0.63101476,322.34506,188.26286,0.59047765,321.40244,187.28004,0.041970767,325.78192,191.21355,0.03281966,327.6734,186.21132,0.027940422,326.93793,187.35422,0.027499674,324.50754,188.02878,0.01869911,317.9059,189.04381,0.026618812
124,43,829.5075988769531,218.3917407989502,16.786376953125,11.108774185180664,277.72784,132.26735,0.64590275,275.9975,131.37106,0.61954516,275.47476,132.18349,0.5493612,274.42902,131.45332,0.59335357,274.83392,129.75253,0.063596234,276.06604,134.04805,0.06440429,277.90268,130.48203,0.046874978,276.0859,129.12184,0.056283854,277.16895,128.44324,0.036757596,269.24857,134.11717,0.05006521
125,1,1160.168701171875,475.1325988769531,118.79241943359375,89.92549896240234,369.12622,287.1846,0.78754914,382.72778,308.38205,0.6494681,380.4695,287.72626,0.1816871,403.48795,304.0299,0.29185075,403.58163,327.96783,0.027895216,394.40427,311.6381,0.01038266,387.9199,297.36526,0.004888703,371.5168,296.60352,0.005898096,383.7609,290.4215,0.007259265,378.29324,290.954,0.0047746557
125,7,883.181396484375,294.0362148284912,30.107574462890625,31.4822416305542,287.59198,177.78474,0.71469975,290.92712,182.38408,0.687951,295.1544,178.96182,0.34421158,299.4173,181.45004,0.5547281,303.7926,176.56995,0.037654042,294.19427,184.67569,0.03646652,295.3187,182.82552,0.016556475,286.9422,177.89417,0.027451206,295.25143,175.16241,0.017624918,283.32236,180.82347,0.02890576
125,22,979.7107543945312,310.3811159133911,37.24786376953125,26.235454559326172,331.52747,190.71494,0.65132624,329.46005,188.99896,0.5865657,324.13477,191.19739,0.6161632,321.68076,188.00471,0.5899957,320.311,186.98555,0.047497023,325.20413,190.91353,0.040654402,327.22244,186.23575,0.034010537,325.71817,187.2848,0.033611298,324.13583,187.44513,0.02361288,317.78174,188.61948,0.032218803
125,43,829.5244445800781,218.81953811645508,16.85430908203125,11.008802890777588,277.77432,132.51009,0.6443082,275.98727,131.61017,0.6184206,275.3994,132.46869,0.55413187,274.27368,131.6636,0.59547347,274.605,130.04993,0.063128,275.9386,134.23586,0.06351829,277.83777,130.67705,0.046715636,275.98926,129.41258,0.055754606,277.10632,128.68703,0.036374986,269.2211,134.17786,0.049362086
126,1,1160.0795288085938,475.4611587524414,118.55657958984375,90.21839618682861,369.0875,287.32233,0.7882415,382.76718,308.70325,0.6495619,380.3059,287.81256,0.18046325,403.351,304.38678,0.2899437,403.56253,328.31235,0.027404575,394.34808,311.93085,0.010146792,387.85187,297.7378,0.0047451253,371.4639,296.80026,0.00577786,383.56265,290.57132,0.007043693,378.39044,291.2605,0.0046373866
126,7,883.4454345703125,295.31090354919434,31.222869873046875,33.023125648498535,287.76965,179.28386,0.72133946,291.16245,183.72849,0.7041446,295.37112,180.25058,0.34511018,299.85068,182.92044,0.5687038,304.14914,178.56682,0.038464718,294.72064,186.1855,0.035350673,294.9768,183.92464,0.016567575,286.65274,179.22127,0.028614393,294.77954,175.80498,0.018009808,283.55038,181.44713,0.027248163
126,22,977.0329284667969,309.21774101257324,37.01312255859375,25.115827560424805,330.9142,189.12315,0.69650465,328.9863,187.57298,0.65836334,323.57925,189.5203,0.5582465,320.76987,186.43117,0.6006032,318.41818,185.2969,0.037107587,324.47797,190.48236,0.024492525,324.68158,185.65689,0.024226524,326.5243,185.20183,0.024957903,324.74033,186.87933,0.014903045,317.8031,186.73409,0.016757537
126,43,829.4093627929688,219.37263107299805,16.9625244140625,11.00456714630127,277.81686,132.7784,0.642591,275.99396,131.8974,0.61908036,275.36646,132.75992,0.55818915,274.19577,131.96213,0.59762716,274.40927,130.5146,0.0628566,275.77554,134.45131,0.0629557,277.70892,130.93207,0.046574116,275.90207,129.79565,0.055360977,277.05447,128.87865,0.036234856,269.20187,134.17511,0.04883392
127,1,1159.4382934570312,475.4995765686035,118.28805541992188,90.38571453094482,369.0062,287.42133,0.78784204,382.65613,308.80475,0.64901125,380.18643,287.91666,0.18095452,403.24542,304.48575,0.29032332,403.49844,328.3479,0.027286492,394.34277,311.97467,0.010096699,387.74295,297.89502,0.0047233496,371.34323,296.90015,0.005741614,383.4778,290.64398,0.0069763605,378.4796,291.32565,0.0045994404
127,7,883.3550720214844,295.7292251586914,31.76202392578125,34.02077865600586,287.89374,179.59787,0.723398,291.1894,184.09995,0.71151996,295.49368,180.5225,0.34383288,299.9774,183.33763,0.57328784,304.2101,179.2008,0.03922872,294.90204,186.51518,0.035671186,294.81653,184.11539,0.017014874,286.63257,179.44208,0.029794196,294.65518,175.91463,0.018489132,283.76373,181.54745,0.027323214
127,22,974.2196044921875,307.5592861175537,36.854827880859375,25.033352851867676,330.18002,188.25674,0.6969656,327.94046,186.48152,0.6510074,323.02045,188.70898,0.5652946,319.7351,185.24695,0.60628456,317.67407,184.34532,0.04192092,323.97446,189.10603,0.030052576,324.28418,185.07204,0.02977016,325.4604,184.36488,0.03106662,325.09573,185.55582,0.018856917,317.89557,185.13622,0.020776609
127,43,829.4198913574219,219.11305332183838,17.00775146484375,11.021214008331299,277.94077,132.61095,0.64193505,276.069,131.72888,0.6182274,275.48087,132.57526,0.5580376,274.28043,131.82646,0.59689885,274.5087,130.32672,0.063772395,275.88754,134.28674,0.063931465,277.7786,130.75957,0.047483217,276.0783,129.60898,0.0560679,277.1236,128.74593,0.036944177,269.25363,134.11499,0.049762037
128,1,1159.2381591796875,475.2121124267578,118.20501708984375,90.58545112609863,368.96048,287.27908,0.7879092,382.54697,308.76886,0.64895594,380.09995,287.74765,0.1803002,403.09833,304.4545,0.28904423,403.29214,328.42624,0.027225282,394.32004,311.9365,0.010130699,387.66443,297.813,0.0047495887,371.30313,296.79254,0.0057398635,383.38135,290.4969,0.006956861,378.45087,291.28275,0.004631727
128,7,883.6778869628906,295.8245487213135,32.1796875,34.522141456604004,287.90103,179.93565,0.7227139,291.32687,184.53299,0.7117398,295.5228,181.013,0.34577188,300.22668,183.69574,0.57354295,304.54514,179.55272,0.036985528,295.02548,186.93147,0.0326155,294.86304,184.48096,0.015468738,286.63538,179.78485,0.027470525,294.52597,176.43364,0.01674285,283.63977,181.95775,0.024926372
128,22,972.1876831054688,305.97236251831055,37.3780517578125,25.88755702972412,329.59348,187.82031,0.69526875,327.25378,185.79875,0.6439133,322.29825,188.31241,0.5744985,318.98645,184.50813,0.6091553,316.86835,183.52887,0.046430882,323.56842,188.26863,0.035396386,323.86246,184.76979,0.035502557,324.71426,183.94456,0.0365031,325.04642,184.96043,0.02254398,317.9027,184.26027,0.024700422
128,43,829.0644836425781,218.27622985839844,16.92919921875,11.063455581665039,277.71954,131.84572,0.644961,275.8387,131.06813,0.6195609,275.36594,131.81995,0.5486678,274.2187,131.20547,0.5911028,274.54193,129.56693,0.0664112,275.8701,133.59138,0.069120415,277.72913,130.23123,0.04993703,276.00616,128.92195,0.059689313,277.2516,128.07028,0.039528396,269.24313,133.73651,0.053893246
129,1,1159.3311767578125,475.13651275634766,118.0777587890625,90.56227684020996,368.92603,287.20984,0.7877411,382.5796,308.73596,0.6491618,379.97577,287.657,0.18039364,403.03552,304.4205,0.2889457,403.2796,328.39487,0.027331166,394.25854,311.90414,0.010203684,387.66116,297.74005,0.0047873138,371.26263,296.69937,0.0057641556,383.25626,290.45917,0.0070084664,378.4427,291.2712,0.004672488
129,7,884.51953125,296.25605392456055,32.027435302734375,34.220412254333496,288.264,180.12718,0.7174041,291.6783,184.66986,0.7038163,295.8167,181.32008,0.35710514,300.53226,183.71866,0.57193816,305.0058,179.6332,0.03502299,295.17316,187.01146,0.029547013,294.9976,184.66437,0.014190592,287.096,179.97969,0.024839336,294.58505,176.97844,0.015135667,283.64053,182.1032,0.023017477
129,22,970.1290283203125,304.85798835754395,36.704315185546875,26.384413719177246,328.51834,187.41986,0.69215155,326.3598,185.48283,0.64265186,321.4893,187.97473,0.5721939,318.61188,184.25716,0.6119844,316.5422,183.18315,0.049057003,323.08246,187.86284,0.039723366,323.39703,184.7634,0.03925423,323.6802,183.77473,0.04051,324.84183,184.50414,0.02511532,317.69418,183.83113,0.02777882
129,43,829.6546325683594,218.04724216461182,16.84918212890625,11.184206485748291,278.1843,131.77383,0.6448552,276.25034,130.96329,0.6166959,275.69418,131.73784,0.5500622,274.4397,131.1057,0.5869015,274.84464,129.48245,0.0649232,276.1111,133.46889,0.066315316,277.801,130.18726,0.047911957,276.3799,128.90175,0.05708406,277.42166,128.13425,0.037943464,269.2998,133.53952,0.05205134
130,1,1159.3450012207031,474.98933029174805,118.1162109375,90.63664054870605,368.93304,287.17624,0.78740937,382.5089,308.66718,0.6491268,380.02563,287.61594,0.18033877,403.03818,304.34454,0.28899297,403.1709,328.33264,0.027464146,394.2864,311.8062,0.010264711,387.65875,297.62836,0.004822517,371.2599,296.65057,0.005787406,383.33075,290.41815,0.0070455945,378.43826,291.1613,0.0047062323
130,7,884.66162109375,296.8481569290161,32.710052490234375,33.92823600769043,288.35822,180.51196,0.7676644,291.63162,184.88734,0.78022224,295.28055,180.79803,0.28514695,300.83844,183.98152,0.5311086,305.02,179.83623,0.030601105,296.4567,188.81032,0.015249323,292.2228,186.61615,0.008609384,288.7451,180.03862,0.01870199,296.13718,176.7089,0.009479645,282.56277,181.06396,0.010033222
130,22,967.3070068359375,303.55286407470703,36.036529541015625,26.800211906433105,327.35175,186.6681,0.69110584,325.20724,184.9001,0.64376754,320.56348,187.19481,0.5651448,317.9661,183.69768,0.61287445,316.04578,182.68495,0.0528437,322.49893,187.12392,0.046462845,322.95007,184.36925,0.043644533,322.33292,183.1975,0.04651639,324.68497,183.34862,0.028861731,317.19553,182.97043,0.032404672
131,1,1159.93212890625,474.99226570129395,118.2440185546875,90.20171070098877,369.05984,287.14594,0.78753895,382.42004,308.61755,0.64896846,380.34735,287.61255,0.17996983,403.253,304.22464,0.28938136,403.14874,328.29248,0.027565189,394.4932,311.6545,0.010277716,387.7284,297.4962,0.004838062,371.36758,296.64752,0.0058083036,383.73636,290.35474,0.007067837,378.3994,290.9112,0.0047214716
131,7,886.489013671875,297.4648246765137,32.552398681640625,31.255545616149902,290.6968,181.06485,0.7157135,292.75143,184.66399,0.7174332,296.8049,181.92268,0.36174452,300.86612,183.61757,0.5930006,303.66812,180.72708,0.0423549,296.90784,186.66066,0.048652004,299.48758,185.66397,0.024413865,290.44174,180.06374,0.04490044,302.16867,177.60986,0.023235641,290.71008,183.58282,0.034177743
131,22,965.737060546875,302.59803199768066,36.367584228515625,26.838887214660645,327.02933,186.1197,0.69468564,324.93207,184.50974,0.6444552,319.81445,186.76556,0.55773205,317.20792,183.30473,0.6119389,315.2738,182.10957,0.05466214,322.15808,186.57582,0.05116211,322.6724,183.88164,0.04691438,321.6351,182.803,0.049723033,324.478,182.84738,0.031195126,316.9052,182.30147,0.03564315
132,1,1160.5438842773438,475.4114112854004,118.29483032226562,90.14949131011963,369.07593,287.40305,0.78766924,382.54233,308.7913,0.6485468,380.43607,287.89017,0.18024299,403.38702,304.3954,0.29019588,403.3894,328.35132,0.02743342,394.5386,311.80508,0.010117882,387.76736,297.78302,0.004741004,371.4054,296.87714,0.0057554888,383.8332,290.57513,0.0069868756,378.4575,291.0907,0.0046214852
132,7,888.1494140625,299.921067237854,31.54229736328125,29.805376052856445,291.27563,182.79758,0.7194115,293.54413,186.05162,0.7345059,297.22836,183.4347,0.3738145,301.31696,185.31107,0.6059929,303.85715,182.33745,0.038428344,297.42105,188.26659,0.04169695,298.86584,187.33461,0.023080634,290.66315,181.82939,0.04111421,302.36423,178.85805,0.019909576,291.1668,183.94893,0.028897537
132,22,963.46728515625,302.14098358154297,35.624542236328125,25.994184494018555,326.1753,185.65103,0.69551605,324.05862,184.02406,0.64386207,318.97385,186.22485,0.5502482,316.29544,182.88507,0.6068186,314.5014,181.70514,0.05515771,321.4573,186.11665,0.054777805,322.48422,183.40115,0.0476467,320.60855,182.45726,0.05254325,324.38956,181.82755,0.032491457,316.38467,181.75566,0.03790834
132,43,830.8177185058594,218.89065742492676,17.35675048828125,11.163967609405518,278.69553,132.46188,0.63931024,276.63257,131.4554,0.61019313,275.81512,132.30388,0.5686396,274.58044,131.55005,0.59430516,274.72958,130.0896,0.06402232,276.21228,133.96407,0.06328015,277.85556,130.45834,0.04730662,276.4763,129.41412,0.05467999,277.16116,128.748,0.036711164,269.2068,133.78557,0.04999879
133,1,1160.4120483398438,476.010440826416,118.12261962890625,90.02759456634521,368.95804,287.66446,0.78759825,382.6259,309.0991,0.64725536,380.2949,288.2127,0.18098535,403.506,304.65594,0.29143298,403.76556,328.46906,0.027105927,394.635,312.0111,0.009913271,387.74884,298.1773,0.0046074525,371.23553,297.15643,0.0056345756,383.7565,290.81,0.0068301465,378.54605,291.26303,0.0044637667
133,7,889.6417236328125,302.20736503601074,30.74102783203125,28.978182792663574,291.53943,183.67563,0.72525007,293.82016,186.85991,0.74193716,297.7537,184.2669,0.3775375,301.88602,186.0887,0.60624623,304.77335,182.909,0.03615036,298.00485,189.1676,0.035930164,298.6134,188.59038,0.020708244,291.13168,182.64474,0.03725959,302.88397,179.86266,0.017314604,291.18472,184.52643,0.02497888
133,22,961.5673828125,302.38966941833496,34.854400634765625,25.569863319396973,325.58636,185.83977,0.69074976,323.46326,184.27275,0.64171994,318.641,186.52211,0.55151767,315.84003,183.16214,0.6081692,314.18964,182.03206,0.053301733,320.9528,186.43355,0.052749656,322.30484,183.7943,0.045554545,320.2356,182.82335,0.05081712,324.37976,181.9979,0.030807732,316.1509,182.00787,0.03648778
133,43,831.4716796875,220.57959938049316,17.565765380859375,11.469391822814941,279.02148,133.69154,0.6366022,277.17554,132.53378,0.61138546,275.9856,133.494,0.580245,274.96603,132.75758,0.60684067,274.98575,131.39075,0.059832007,276.47006,135.13846,0.05552398,277.92883,131.19266,0.044036012,276.44788,130.44531,0.04971214,276.84216,129.81845,0.03311831,269.37137,134.38922,0.04397656
134,1,1159.8040466308594,476.5374755859375,117.92926025390625,90.31119632720947,368.75864,287.98758,0.7876861,382.4343,309.4962,0.6479254,380.2497,288.53757,0.1805905,403.62317,304.96957,0.29164612,403.8573,328.89954,0.026984634,394.65793,312.15073,0.009699394,387.57126,298.4191,0.0045308615,370.97687,297.4607,0.00551706,383.84576,291.2069,0.006727862,378.56195,291.44528,0.004381188
134,7,890.956787109375,304.03803062438965,30.832763671875,28.695842742919922,292.2009,184.42668,0.7321551,294.53168,187.62393,0.751932,297.89233,184.95126,0.37584716,302.20807,186.88223,0.6056467,304.9867,183.33527,0.035696782,298.64166,189.96448,0.033503488,298.3461,189.38766,0.020754134,291.91003,183.31161,0.035534013,303.05392,180.95067,0.016323596,291.34912,185.14989,0.023370292
134,22,960.4770812988281,302.50046825408936,33.028564453125,25.179840087890625,324.37238,185.36504,0.62652946,322.37415,184.01518,0.59030336,318.19077,185.98924,0.63491637,316.1576,183.2545,0.5985017,314.947,182.79745,0.036739737,318.00037,186.49663,0.023819253,319.83936,180.12738,0.020911358,319.6612,181.43918,0.021813676,315.482,182.69308,0.013779855,309.91504,184.60487,0.01926639
134,43,830.6724243164062,221.48123359680176,18.0714111328125,11.927586078643799,278.32047,134.00586,0.6412694,276.77393,132.93288,0.6178875,275.39755,133.92462,0.5702686,274.56558,133.21527,0.6109325,274.54498,131.83458,0.060913347,276.24048,135.55928,0.057346642,277.67633,131.60727,0.045690637,275.6861,130.84154,0.052649744,276.62265,129.94894,0.034879915,269.38052,134.55385,0.044665486
135,1,1159.3815307617188,477.069917678833,118.04159545898438,90.18172931671143,368.682,288.52783,0.78533655,382.46,309.83856,0.64512205,380.2893,289.2143,0.18301317,403.55106,305.29117,0.29538053,404.07083,328.84436,0.027095178,394.5636,312.36688,0.009562234,387.3648,298.93567,0.0044470686,370.91418,297.84335,0.005464232,383.79364,291.67764,0.0066518416,378.6858,291.80115,0.00426441
135,7,891.8397216796875,305.6915159225464,30.438446044921875,28.85141944885254,292.55444,185.45486,0.7348622,295.00262,188.78409,0.757156,297.83362,185.9676,0.3654724,302.2221,188.05405,0.5969255,304.9534,184.33815,0.03253376,298.73505,191.25133,0.028173646,298.30753,190.58766,0.018045573,292.47827,184.50443,0.030373314,303.35757,182.27545,0.013852114,291.05093,186.15535,0.019376552
135,22,959.167236328125,302.51550579071045,31.969573974609375,24.454639434814453,323.87366,185.39587,0.6268126,321.9834,183.89467,0.5913117,317.72162,185.92632,0.6346693,315.92947,183.23459,0.5987109,314.55576,182.70291,0.038190864,317.64206,186.41406,0.02550412,319.65167,180.18507,0.022686787,319.34988,181.57251,0.023287646,315.43164,182.56268,0.014891736,310.0329,184.64787,0.02056156
135,43,829.7733764648438,221.90578651428223,18.340301513671875,12.25805139541626,277.87238,134.47849,0.643016,276.64478,133.28801,0.6216135,275.038,134.3863,0.5679483,274.25677,133.62401,0.61677796,274.0712,132.32907,0.061343335,276.126,136.00252,0.057759196,277.57385,131.98314,0.04737054,275.27472,131.22992,0.054650027,276.496,130.06932,0.035997458,269.55994,134.7576,0.044493955
136,1,1158.6543273925781,477.3464641571045,117.53228759765625,89.892333984375,368.65195,288.71982,0.7829498,382.3212,310.01733,0.644442,380.11707,289.44113,0.1851252,403.16278,305.48685,0.29808187,403.9279,328.65872,0.02760601,394.3277,312.1566,0.009674345,387.11584,299.10458,0.004544392,370.76797,297.82938,0.005533976,383.62332,291.9794,0.006757018,378.93918,291.88174,0.0043292837
136,7,892.7111206054688,306.3518543243408,31.041412353515625,29.6398344039917,292.65063,186.0753,0.74016213,295.20422,189.62503,0.763017,297.92334,186.64084,0.35389102,302.47903,188.8232,0.58949244,305.33862,184.88576,0.030327652,298.9221,192.20375,0.024787318,298.25378,191.52896,0.015750565,292.63828,185.26843,0.026922313,303.56372,183.10672,0.012088314,290.678,186.8063,0.016837863
136,22,957.6949768066406,302.1155433654785,32.093994140625,23.996638298034668,323.35364,185.18298,0.6246142,321.56277,183.84486,0.59240526,317.34094,185.91913,0.63142234,315.6354,183.1893,0.60091126,314.1744,182.62654,0.039781407,317.28793,186.26262,0.027440146,319.50638,180.21902,0.024492314,319.0438,181.60335,0.024819275,315.3464,182.4741,0.016095933,310.1445,184.61737,0.022037098
136,43,829.3818969726562,221.71246147155762,18.327301025390625,12.37340784072876,277.7936,134.42862,0.64355975,276.58575,133.26424,0.62270004,275.04034,134.35481,0.5654168,274.28925,133.63445,0.61657643,274.13428,132.25514,0.061577,276.10147,136.00702,0.05836286,277.57333,131.99756,0.047782227,275.33185,131.2436,0.05501136,276.5108,130.09569,0.03632113,269.60013,134.86153,0.044859525
137,1,1158.5891418457031,477.32900619506836,117.63299560546875,89.72480964660645,368.61093,288.666,0.78246176,382.31326,310.07516,0.644204,379.9052,289.3761,0.1851289,402.91852,305.5659,0.29747745,403.78485,328.69815,0.027567847,394.19174,312.2079,0.009702326,387.00818,299.15482,0.0045565916,370.71555,297.7775,0.0055235913,383.34766,291.93958,0.006731952,378.96512,291.97787,0.004338926
137,7,893.3523559570312,306.7328395843506,31.231292724609375,30.434969902038574,292.83286,186.58221,0.73898715,295.22485,190.23958,0.7632609,298.25436,187.10689,0.34965426,302.65744,189.34251,0.58330524,305.70184,185.6796,0.02891443,299.01752,192.84529,0.022082716,298.37653,192.13078,0.013989945,292.86758,185.73923,0.024802065,303.84372,183.52538,0.010975601,290.4762,187.1731,0.0149447685
137,22,955.9413757324219,300.8949794769287,32.84161376953125,23.96231460571289,322.6341,184.42441,0.62819594,320.61942,183.26424,0.59489834,316.7905,185.1956,0.6196199,315.02692,182.57124,0.600392,313.63925,182.05495,0.043723747,316.73843,185.49892,0.032839954,319.1641,179.9701,0.028499573,318.26727,181.14902,0.029139576,315.57394,181.60213,0.019412657,310.08267,183.76764,0.0260785
137,43,829.14404296875,221.39234733581543,18.244903564453125,12.383025169372559,277.70615,134.34149,0.6435234,276.52103,133.14047,0.6214468,274.88992,134.20775,0.5643691,274.16934,133.49025,0.61521655,273.96194,132.10005,0.0623142,276.0486,135.91283,0.059647575,277.60712,131.85538,0.048417006,275.21555,131.10892,0.055938274,276.43484,129.93465,0.037031572,269.50342,134.81905,0.045744136
138,1,1158.9517822265625,477.42608070373535,117.79010009765625,89.63844680786133,368.5984,288.68832,0.7825902,382.32614,310.14755,0.6441953,379.87177,289.3977,0.18480799,402.8858,305.66235,0.29700217,403.78244,328.77594,0.027430762,394.14938,312.30655,0.00964808,386.98517,299.2425,0.00452316,370.70117,297.83368,0.0054923235,383.2643,291.97513,0.0066786073,378.96637,292.05344,0.004301814
138,7,894.0349731445312,307.80351734161377,31.749481201171875,31.401620864868164,292.94208,187.36516,0.7421301,295.2353,191.26265,0.7678975,298.5231,187.92441,0.340755,302.92755,190.21147,0.5745119,306.25165,186.5851,0.026765026,299.16376,193.91464,0.018686248,298.33374,193.29605,0.011764098,293.09573,186.59996,0.021666287,304.23584,184.45663,0.009343396,290.08505,187.87463,0.012543686
138,22,954.3152160644531,299.91738510131836,33.39678955078125,23.969962120056152,322.02875,183.59286,0.62629485,319.8757,182.58167,0.59674186,316.43094,184.37279,0.61332315,314.6123,181.98476,0.60017514,313.19278,181.33594,0.04754215,316.23257,184.73233,0.038698696,318.9998,179.48204,0.032959074,317.89645,180.59138,0.03327806,315.74954,180.66206,0.02265016,310.06897,183.1796,0.030701002
138,43,829.353515625,221.52232933044434,18.32647705078125,12.440909385681152,277.94196,134.47754,0.6426617,276.70755,133.18727,0.6194695,274.94968,134.34708,0.5692643,274.15347,133.54756,0.61684716,273.8984,132.22198,0.06229677,276.14893,135.95903,0.05890919,277.61273,131.8554,0.04845911,275.28882,131.17796,0.055598345,276.40192,130.03189,0.036917288,269.5494,134.77495,0.045298398
139,1,1159.2685546875,477.5742416381836,117.91488647460938,89.48868942260742,368.64642,288.82516,0.78183347,382.33237,310.17966,0.64365417,379.9111,289.57233,0.1856747,402.83304,305.69846,0.29811865,403.74677,328.6964,0.027483765,394.11188,312.35773,0.0096419,386.9557,299.3476,0.004513485,370.75656,297.92776,0.005496688,383.2762,292.08203,0.006673431,379.0247,292.13788,0.0042857816
139,7,894.9781494140625,309.1760787963867,32.84307861328125,32.47389507293701,293.17932,188.33435,0.7441633,295.41464,192.45383,0.77183044,298.80124,188.83638,0.33386856,303.33957,191.19048,0.56390834,306.78076,187.60718,0.02494683,299.4168,195.1411,0.015682489,298.3299,194.56963,0.009822006,293.47726,187.5681,0.01871326,304.49677,185.56488,0.007906413,289.58353,188.77612,0.010430847
139,22,952.9956665039062,299.1925449371338,33.470489501953125,24.16508960723877,321.33817,183.08386,0.6222256,319.4236,182.24098,0.6007177,316.04053,183.75533,0.6048389,314.46335,181.74806,0.5994968,312.75626,180.97292,0.050637513,315.85754,184.33946,0.043787256,318.85553,179.20303,0.03657459,317.5059,180.22403,0.03655707,315.60577,180.01111,0.025123017,309.9818,182.93173,0.03459117
139,43,829.9476928710938,221.94464206695557,18.441009521484375,12.618295669555664,278.2386,134.94052,0.64103633,277.03265,133.62788,0.6213743,275.2474,134.85942,0.57534546,274.48013,134.02493,0.62005377,274.1333,132.81677,0.059999872,276.32687,136.3833,0.054819047,277.562,132.24731,0.046148445,275.5512,131.62071,0.052638307,276.38007,130.54274,0.034485526,269.74026,135.03949,0.0422451
140,1,1159.7946166992188,478.05235290527344,118.16693115234375,89.24638938903809,368.71567,289.0752,0.78125495,382.47345,310.32965,0.6434986,380.05487,289.85574,0.18684654,403.02682,305.81082,0.30009082,404.02142,328.69693,0.027554028,394.11987,312.4273,0.009562041,387.02563,299.5061,0.0044630314,370.8371,298.11658,0.005482266,383.44214,292.32913,0.0066806157,379.06604,292.26263,0.0042329337
140,7,896.578125,310.4789113998413,32.806915283203125,31.647062301635742,293.90536,188.4877,0.7101909,295.4763,192.46907,0.72308433,299.8465,189.39723,0.36676466,303.1926,191.35156,0.59805316,305.41125,188.97081,0.054426547,299.5739,194.33472,0.05967898,300.66934,192.26363,0.032423668,293.04422,187.52437,0.055174485,301.7167,184.37482,0.03173088,292.20273,190.57365,0.04273706
140,22,951.3088989257812,299.19174671173096,33.6024169921875,24.155948638916016,320.45425,183.29192,0.62539494,318.881,182.4749,0.6065262,315.64166,183.84175,0.593456,314.21432,182.01245,0.603946,312.38748,181.2986,0.052354593,315.502,184.60872,0.04689279,318.44742,179.86082,0.039426517,316.86432,180.54102,0.039820958,315.721,180.0489,0.02747141,310.04324,182.90582,0.036329515
140,43,830.0864868164062,222.37565803527832,18.2120361328125,12.783090591430664,278.1036,135.03935,0.63743496,276.9368,133.47113,0.6154332,275.04956,135.04034,0.58502483,274.1748,133.98718,0.62553966,273.76486,132.56665,0.060611226,276.19296,136.38535,0.05561958,277.60443,132.13107,0.04772471,275.59372,131.6053,0.053282168,276.26443,130.62555,0.035126634,269.73358,135.33936,0.042942733
141,1,1159.8028564453125,479.2114791870117,117.71319580078125,89.46232223510742,368.84537,289.60464,0.77946234,382.81607,311.03952,0.64311856,379.69836,290.3365,0.18755573,402.5644,306.64035,0.30016884,404.05798,329.00903,0.027203709,393.6771,313.00803,0.009299706,386.9606,300.36078,0.004260581,370.8913,298.54007,0.0053664,382.87665,293.01498,0.006467135,379.44418,293.088,0.004031298
141,7,897.7282104492188,312.7397174835205,33.006134033203125,31.13272190093994,294.05045,190.08562,0.7173181,295.8545,194.06003,0.73439384,299.9816,190.99675,0.37153497,303.78992,192.81772,0.60015273,306.27704,190.33075,0.04590927,299.9917,196.01836,0.04516357,300.28,194.16754,0.025175022,293.1597,189.0424,0.0439181,301.89395,186.29852,0.023347557,291.98636,191.72517,0.032048177
141,22,949.8475341796875,300.0560703277588,33.262847900390625,23.734768867492676,320.2249,183.65533,0.63852197,318.66614,182.91093,0.61816865,315.2818,184.1896,0.5805581,313.79547,182.31216,0.60233414,312.0659,181.64977,0.051020354,315.34073,185.00586,0.04567483,317.97943,180.46391,0.038062554,316.48108,180.85768,0.039386816,315.90076,180.42984,0.026539074,309.85043,182.96153,0.034735415
141,43,828.753662109375,223.05569458007812,17.781280517578125,12.887246131896973,277.2321,135.29344,0.64362204,276.4803,133.7334,0.62413055,274.30646,135.26628,0.57069033,273.69482,134.33005,0.6275149,273.12823,132.57115,0.061035715,275.81772,136.8384,0.05805371,277.38757,132.46558,0.04985258,275.13742,131.85779,0.05549453,276.06033,130.83159,0.036258876,269.6323,135.95677,0.043837912
142,1,1159.163818359375,480.27883529663086,116.67416381835938,89.35391807556152,368.8679,290.0621,0.7760848,382.95667,311.48325,0.64314926,379.56244,290.71634,0.18974957,402.30344,307.13354,0.302027,403.99,329.145,0.027496256,393.16333,313.1535,0.009233462,386.82596,300.78342,0.0042276992,370.93018,298.82953,0.0053453753,382.62003,293.566,0.0064651715,379.68103,293.5772,0.003981837
142,7,898.1632690429688,314.77601623535156,33.686553955078125,31.137253761291504,294.50336,191.15076,0.7264012,296.4172,194.95085,0.74593264,300.1858,191.88452,0.3736476,304.35547,193.69713,0.600667,306.914,191.00198,0.043823585,300.78275,196.98352,0.039570037,299.86304,195.32736,0.023329813,293.57037,189.77678,0.0406494,302.0894,187.51295,0.02055699,292.0646,192.4322,0.028048731
142,22,947.9613647460938,300.93102836608887,33.842742919921875,23.401110649108887,319.40265,183.88031,0.6500486,318.16656,183.44963,0.627904,314.70483,184.83443,0.5647257,313.28506,182.61513,0.60368466,311.69083,181.73944,0.04900081,314.9694,185.52238,0.044901624,317.5789,181.22362,0.036295228,315.71677,181.32744,0.038798727,315.8216,180.98189,0.02547732,309.63058,183.24278,0.033218056
142,43,827.6486206054688,223.92864418029785,17.099212646484375,12.629342079162598,276.94,135.60883,0.64804506,276.38193,134.14528,0.6327168,274.07568,135.55702,0.5607315,273.6877,134.84169,0.62632835,273.09375,132.86316,0.060278926,275.7275,137.36386,0.057200145,277.16904,132.8674,0.049062256,275.18103,132.23663,0.05469624,275.94116,131.34686,0.035232328,269.54056,136.6695,0.04269193
143,1,1158.8462219238281,480.9840545654297,116.5927734375,89.62675666809082,368.7919,290.46478,0.7750452,382.91415,312.1241,0.64311093,379.49338,291.03287,0.18897146,402.201,307.75943,0.30086827,403.94046,329.73544,0.027083566,392.96628,313.5349,0.008927536,386.63483,301.3184,0.0040681455,370.8563,299.233,0.005163852,382.48407,294.02988,0.0062256837,379.7688,294.0232,0.0038178167
143,7,898.9432067871094,316.16886806488037,34.1627197265625,31.269630432128906,294.7409,191.89845,0.73348427,296.80215,195.69131,0.7540539,300.3658,192.6109,0.3706117,304.78925,194.4422,0.5982759,307.48727,191.46469,0.04175473,301.2681,197.83015,0.035274405,299.61255,196.34834,0.02148411,293.9937,190.50664,0.03729562,302.3517,188.52763,0.01838921,292.06152,193.13638,0.02493231
143,22,946.3371276855469,300.83166217803955,33.69561767578125,23.00233268737793,318.54218,183.57121,0.6533678,317.4595,183.30348,0.63045925,314.05887,184.46172,0.55344355,312.85516,182.4477,0.5985036,311.35077,181.42595,0.047993526,314.38095,185.41486,0.046087213,317.39908,181.18185,0.035335,314.92303,181.20616,0.038909998,315.81546,180.54347,0.025219187,309.12527,183.10631,0.03379273
143,43,826.400390625,224.18510627746582,16.459625244140625,12.30618953704834,276.73914,135.6079,0.64986634,276.0882,134.36903,0.63849473,273.99005,135.63354,0.54994094,273.5208,135.05101,0.6246826,273.00107,133.23184,0.060029555,275.57697,137.48862,0.057238445,276.95337,133.12965,0.048576467,275.0558,132.3419,0.055485398,276.06628,131.43008,0.035256863,269.50067,136.7322,0.042209983
144,1,1158.5914306640625,481.43054580688477,117.51901245117188,89.70513725280762,368.62747,290.83673,0.7737457,382.97922,312.48685,0.6436404,379.51456,291.4169,0.18993118,402.34894,308.12796,0.3019361,404.16415,330.13055,0.027010366,392.6326,313.8683,0.008738413,386.48907,301.55807,0.0039938046,370.7906,299.58975,0.0050592422,382.33997,294.489,0.0061671473,379.64136,294.4453,0.0037315805
144,7,899.0777893066406,316.67084884643555,34.1363525390625,31.099299430847168,294.80978,192.06233,0.73425883,296.76547,195.8561,0.75633335,300.31107,192.7273,0.37068075,304.6564,194.57997,0.5985227,307.32523,191.67253,0.04174254,301.26715,197.93773,0.034948684,299.47247,196.50581,0.021700218,294.05966,190.57632,0.037578944,302.435,188.73134,0.018268228,292.11386,193.2134,0.024724523
144,22,944.4832763671875,300.4837646484375,33.199310302734375,22.4776668548584,318.20865,183.47932,0.66617125,316.85706,183.12848,0.63743544,313.3871,184.22374,0.5402729,312.0527,182.20728,0.5942551,310.61777,181.38548,0.05005099,313.9818,185.15474,0.05037968,316.78113,181.21252,0.037672218,314.1928,181.0623,0.043247502,315.97803,180.22046,0.027834505,308.9216,182.59978,0.03618703
144,43,825.4121704101562,223.88796043395996,16.447540283203125,12.315047264099121,276.60803,135.48706,0.6510514,276.04193,134.18298,0.63929445,273.75034,135.55196,0.55052876,273.20303,134.9192,0.62665075,272.5776,133.02867,0.061169308,275.49512,137.3361,0.059534695,276.91635,132.95287,0.0506766,274.84454,132.21852,0.057701856,276.00742,131.17802,0.036682244,269.53577,136.58516,0.04372512
145,1,1158.0503540039062,481.3663272857666,117.9202880859375,89.57510375976562,368.41656,290.72287,0.7734847,382.77448,312.32852,0.6430493,379.40326,291.32776,0.19054769,402.3667,307.91388,0.30227202,404.11935,330.0756,0.02712215,392.69003,313.6969,0.008823015,386.38928,301.36786,0.004061638,370.5819,299.49954,0.005075272,382.32993,294.32697,0.006218233,379.55032,294.27045,0.0037884582
145,7,899.4050903320312,316.3761749267578,34.486724853515625,31.158007621765137,294.86926,192.12659,0.73625773,296.92746,195.79361,0.757991,300.36145,192.77632,0.3760135,304.8737,194.50398,0.6007754,307.49445,191.49792,0.04239712,301.56067,197.8988,0.03531748,299.36237,196.55797,0.022278383,294.18723,190.51094,0.038391862,302.3536,188.83528,0.018461376,292.28116,193.29138,0.025087595
145,22,942.7890014648438,298.87629318237305,32.011871337890625,22.519972801208496,317.77835,182.61423,0.67046803,316.31348,182.18417,0.63331467,312.54688,183.28688,0.52723765,311.03748,181.41179,0.5861534,309.4936,180.49129,0.0555638,313.44843,184.19308,0.060918756,316.60388,180.16939,0.043677934,313.35245,180.26955,0.051223777,315.86548,178.94588,0.034152027,308.5423,181.77124,0.043295845
145,43,825.9299011230469,222.732027053833,16.76898193359375,12.43776798248291,276.9409,135.03926,0.64809865,276.22092,133.7204,0.6311094,273.98563,135.03702,0.5571738,273.3894,134.36928,0.6266329,272.79156,132.53964,0.06323349,275.61975,136.74684,0.062266104,277.14703,132.44528,0.052825056,274.9148,131.76138,0.05893875,276.0745,130.71548,0.03878949,269.54007,135.93922,0.046498265
146,1,1158.2823486328125,480.84130096435547,117.80905151367188,89.27255058288574,368.48956,290.35205,0.77441657,382.74954,311.92627,0.6424131,379.34555,290.9876,0.19021642,402.2936,307.51892,0.30190536,404.00925,329.6882,0.027287366,392.91296,313.42337,0.009039169,386.5052,301.0675,0.0041586366,370.5922,299.15823,0.005188421,382.3593,293.89703,0.006323017,379.56244,293.8913,0.0038887851
146,7,900.6281433105469,316.13153171539307,34.85833740234375,31.50904655456543,294.778,192.29956,0.74331677,297.17355,195.88809,0.76110923,300.85028,192.81392,0.37061048,305.6513,194.70377,0.5983659,308.6642,191.41368,0.04243514,302.24106,198.22699,0.033663377,299.38867,196.93782,0.021014595,294.07294,190.60303,0.03753695,302.58673,188.63284,0.017997457,292.15405,193.17728,0.024135064
146,22,941.1425170898438,297.1789312362671,30.755401611328125,22.37853240966797,316.34302,181.57489,0.67431664,315.12265,181.12572,0.6298826,312.01877,182.08508,0.5115959,310.92938,180.4541,0.57616156,309.63422,179.22726,0.057297863,312.8278,183.43774,0.06795956,316.7092,179.45674,0.04459143,312.50156,179.33665,0.05561881,315.97012,177.60126,0.03709631,308.0903,181.82466,0.047867768
146,43,826.3814392089844,221.63719654083252,17.014892578125,12.52355146408081,277.16138,134.53984,0.644389,276.26874,133.09177,0.62111545,274.01135,134.514,0.5680785,273.4007,133.67937,0.6253443,272.81046,131.91096,0.066113755,275.65298,136.01428,0.06621423,277.26004,131.84317,0.055668768,274.80014,131.26389,0.061332766,276.0421,130.11378,0.041529655,269.48526,135.20395,0.050347794
147,1,1158.7479858398438,480.3159656524658,117.49713134765625,89.12490463256836,368.58063,290.0494,0.77543217,382.80014,311.50513,0.64242345,379.30106,290.715,0.19025075,402.1942,307.1219,0.30203897,403.9714,329.25153,0.02753075,393.07474,313.17566,0.0092655355,386.63312,300.76147,0.0042642923,370.64682,298.81366,0.005319401,382.35855,293.56345,0.0064747343,379.57095,293.63208,0.004007529
147,7,901.8497314453125,317.00110816955566,34.058807373046875,31.04666805267334,295.20065,192.97612,0.7437072,297.47034,196.22447,0.7620913,301.24573,193.03531,0.37862006,305.96732,195.09338,0.5979782,309.07513,192.07074,0.04316542,302.79706,198.65082,0.03141687,299.32,197.41154,0.020556662,294.42715,190.82599,0.037092272,302.93088,188.77937,0.017577369,292.1183,193.19748,0.022870546
147,22,939.3828735351562,296.1453323364258,30.113800048828125,21.672566413879395,315.68265,180.8551,0.6890809,314.41098,180.4394,0.6391349,311.57495,181.48917,0.48969084,310.436,179.94969,0.5773402,309.54706,178.71698,0.0644156,312.7725,182.76367,0.08118035,316.17108,178.98093,0.05244743,311.90182,178.57555,0.06804887,316.18738,176.69482,0.04630717,308.20526,181.36017,0.05661268
147,43,826.2605895996094,221.41763305664062,16.7197265625,12.471435070037842,277.02478,134.41422,0.6448707,276.0623,133.03305,0.6223964,273.9614,134.42343,0.56427383,273.30753,133.59116,0.6247411,272.75974,131.89339,0.066721916,275.56613,135.91368,0.06758609,277.21786,131.8081,0.056238864,274.68896,131.16591,0.06271556,276.07053,129.96031,0.042354424,269.4752,135.1222,0.05115005
148,1,1158.9707336425781,480.12758445739746,117.135498046875,89.14910888671875,368.68643,289.9861,0.7759601,382.87814,311.3848,0.64259446,379.38297,290.6599,0.18990351,402.1977,307.04947,0.3019546,403.98242,329.0921,0.02758798,393.12543,313.13022,0.009309323,386.72217,300.71365,0.0042776745,370.73773,298.74,0.0053643645,382.4088,293.5053,0.006510503,379.5966,293.56985,0.00402459
148,7,903.24169921875,318.0377712249756,32.95953369140625,30.894850730895996,295.416,193.3444,0.7466759,298.00323,196.68338,0.76704323,301.31845,193.36606,0.36924538,306.3575,195.65335,0.59337056,309.3974,192.4186,0.041965466,303.2486,199.20758,0.02929368,299.47266,197.7321,0.019445807,294.73907,191.18506,0.034972347,302.9064,189.13806,0.016569626,292.06747,193.71985,0.021155214
148,22,937.563720703125,295.4837579727173,30.121490478515625,21.756071090698242,315.2774,180.16528,0.7347461,314.613,180.12137,0.71985936,310.7584,180.50853,0.4415259,310.2087,179.54349,0.5938159,309.36603,177.39368,0.030734336,312.56995,183.01788,0.028159114,313.23596,180.47485,0.023191296,312.05142,177.80745,0.029575549,318.09595,177.69508,0.01441051,308.11984,178.1221,0.01770626
148,43,825.9688110351562,221.6480884552002,16.502655029296875,12.437059879302979,276.9267,134.51534,0.6451002,276.01123,133.07996,0.62296927,273.86316,134.51546,0.5647046,273.2142,133.662,0.62534136,272.63568,131.96059,0.067214124,275.52914,135.99585,0.068058975,277.17114,131.86063,0.057063896,274.62277,131.25067,0.063617736,276.02023,129.99,0.042855676,269.52155,135.20044,0.051466454
149,1,1159.1121826171875,480.13391876220703,116.94607543945312,89.22527503967285,368.7204,289.96268,0.7763602,383.03522,311.38815,0.64285743,379.3085,290.63068,0.18969864,402.20312,307.07452,0.3014401,404.08194,329.09912,0.027457483,393.08688,313.24915,0.009286833,386.80875,300.73947,0.00424061,370.79324,298.73572,0.005344323,382.2838,293.49457,0.0064868373,379.58353,293.66034,0.0039965883
149,7,904.4393005371094,319.448673248291,32.2034912109375,31.519912719726562,295.53955,194.29317,0.7546844,298.53867,197.82657,0.77783966,301.2472,194.17586,0.35007843,306.8535,196.83064,0.5828961,309.81406,193.28891,0.039200332,303.79517,200.54068,0.02523029,299.4741,198.82631,0.016751645,294.921,192.0985,0.030861039,302.9453,190.05443,0.014316452,291.62457,194.76784,0.017780555
149,22,936.10107421875,294.8874320983887,30.721527099609375,22.043251991271973,314.567,179.86833,0.73778075,314.09592,179.93939,0.72354037,310.29816,180.24611,0.44008783,310.21182,179.2829,0.5941013,309.52518,176.80215,0.0303648,312.34064,182.80562,0.028984549,313.0537,180.47028,0.023234455,311.39255,177.63132,0.029794522,318.00595,177.45282,0.014229346,307.9197,177.91139,0.018317258
149,43,824.7698364257812,221.7306146621704,16.3385009765625,12.40497636795044,276.38345,134.36267,0.64792615,275.54205,133.00851,0.6277205,273.36688,134.34662,0.5550618,272.82483,133.64413,0.62419957,272.20233,131.83905,0.068802595,275.1826,135.95807,0.07231851,276.95053,131.85332,0.059828155,274.2405,131.19067,0.067360006,275.95578,129.82245,0.045219883,269.434,135.2584,0.054094624
150,1,1159.1461486816406,480.5167579650879,116.930419921875,89.42282295227051,368.80777,290.2663,0.7752573,383.1674,311.7381,0.6431144,379.4066,290.867,0.1897585,402.20776,307.44308,0.3015814,404.1115,329.35452,0.027415939,392.89417,313.4759,0.0091398945,386.78802,301.0485,0.004156297,370.92224,298.982,0.0052858246,382.28763,293.8342,0.006411411,379.64987,293.9724,0.003915073
150,7,904.7567138671875,320.47498512268066,32.44024658203125,32.52791690826416,295.3884,194.8569,0.7195061,298.32776,199.21495,0.7130294,301.7871,195.49548,0.3365037,306.23975,198.3617,0.58216286,309.13208,195.35732,0.055204906,302.1765,201.242,0.057807624,302.43344,198.11316,0.029523507,293.8352,193.88033,0.049292747,301.4297,190.32744,0.032641206,292.27072,196.91734,0.04366462
150,22,935.0731201171875,295.0302629470825,31.00250244140625,21.886207580566406,314.68512,180.14285,0.7358047,313.8999,180.06718,0.7184252,310.10583,180.52573,0.44531357,309.65576,179.32515,0.5902982,309.0447,177.06458,0.029564649,312.01215,182.94652,0.027632436,313.04773,180.50739,0.02180564,311.26855,177.84003,0.028550353,317.96005,177.52171,0.013528604,307.5968,177.87737,0.017437918
150,43,823.4797668457031,221.709397315979,16.346923828125,12.426554203033447,275.91644,134.18187,0.6522835,275.1334,133.06076,0.63541156,273.0216,134.23096,0.54090905,272.48264,133.6513,0.62327987,271.77853,131.84337,0.06994147,274.882,135.94002,0.07647988,276.75626,131.92284,0.062061694,273.8418,131.13565,0.07107293,275.9607,129.60837,0.04740753,269.39603,135.13498,0.05628387
151,1,1158.4498901367188,480.8989791870117,116.81826782226562,89.64261817932129,368.67798,290.3988,0.77477664,382.93686,312.0367,0.6432257,379.3267,290.95038,0.18942975,402.06845,307.7217,0.3007658,403.9392,329.69354,0.027170895,392.79144,313.5605,0.008997623,386.5921,301.26776,0.0041082785,370.7645,299.14816,0.0051979613,382.21988,294.01587,0.0062871072,379.72427,294.11584,0.0038563323
151,7,904.9022827148438,320.97907733917236,32.580780029296875,33.53550910949707,295.64078,195.41966,0.7208889,298.58142,199.79385,0.7207825,302.03903,195.90848,0.33317924,306.58478,199.01546,0.5840442,309.32642,196.1542,0.05515155,302.47763,201.875,0.056250397,302.37314,198.5775,0.029196234,293.95264,194.39243,0.049251243,301.32623,190.6488,0.03219191,292.4092,197.26186,0.041884966
151,22,934.6118774414062,294.0800142288208,29.72991943359375,21.287281036376953,314.4126,179.11504,0.65520906,313.01532,179.4052,0.6642707,311.25134,179.09724,0.5488541,311.3355,178.88396,0.56700593,311.18414,177.42072,0.030334186,310.04257,182.55861,0.017271947,310.18378,177.19574,0.01424794,313.07712,176.52698,0.015801037,309.38,177.51738,0.009092377,301.40872,179.92094,0.013617274
151,43,822.7767333984375,221.4565658569336,16.211151123046875,12.341041088104248,275.93802,134.09918,0.6514297,275.104,132.96075,0.6341241,273.06363,134.13045,0.5426,272.53238,133.50723,0.6213866,271.8435,131.77791,0.07023355,274.89764,135.81152,0.07663834,276.79068,131.83669,0.061752386,273.8377,131.04712,0.07120826,275.96216,129.46443,0.04741997,269.37756,135.04025,0.056528866
152,1,1158.0188598632812,480.8360481262207,116.76388549804688,89.44733619689941,368.6214,290.4161,0.77416474,382.86884,311.9686,0.64246964,379.2617,291.01666,0.19035941,402.05542,307.61768,0.30203232,403.93927,329.54993,0.027348658,392.84656,313.46475,0.009070008,386.53363,301.2147,0.004152387,370.68,299.1163,0.0052238484,382.22586,294.0025,0.006335868,379.73166,294.02817,0.0038899512
152,7,905.349609375,320.68154525756836,32.446929931640625,33.84395885467529,295.82648,195.31429,0.7177648,298.91415,199.77411,0.7182215,302.0546,195.85342,0.33290792,306.79172,198.9834,0.58191305,309.41632,196.1571,0.054976124,302.63666,201.79076,0.055747077,302.60675,198.33907,0.0290212,294.15054,194.31284,0.048307177,301.13382,190.64949,0.0320388,292.455,197.32472,0.04165953
152,22,933.3740844726562,293.3927936553955,28.945770263671875,20.866358757019043,313.25955,178.99387,0.66001743,312.04938,179.54977,0.67734206,310.74295,178.97456,0.5272787,310.9487,179.2391,0.57481456,310.5584,177.862,0.034820683,309.39908,182.64917,0.021106608,309.62485,177.695,0.01808942,312.58316,176.80664,0.019482203,309.5687,177.28578,0.011726456,302.0309,179.88873,0.01642572
153,1,1157.8597412109375,480.06939125061035,116.45333862304688,89.31678771972656,368.61093,289.84598,0.7760656,382.8051,311.38135,0.6428637,379.15228,290.4981,0.18937692,401.98358,307.06982,0.30043396,403.76028,329.20078,0.02739532,393.00528,313.22562,0.009327014,386.62592,300.66092,0.004283479,370.66022,298.66678,0.0053393696,382.11584,293.39252,0.0064646173,379.5808,293.61932,0.0040307967
153,7,906.4144592285156,319.5204620361328,34.27862548828125,34.21863555908203,295.9897,194.1427,0.7107865,299.7864,199.04257,0.7035129,302.4308,195.13725,0.3292138,308.06027,198.17412,0.5694376,310.83878,194.74994,0.052815977,303.21866,200.87726,0.053412527,303.40527,197.38443,0.026760029,294.50714,193.5335,0.042993117,300.81366,190.33282,0.030106816,292.47095,196.99014,0.04139473
153,22,932.0681762695312,291.754114151001,28.3890380859375,21.14542865753174,312.22528,178.17097,0.66518676,311.17282,179.35051,0.68174136,310.10553,177.99783,0.49499762,310.86084,179.17143,0.54750293,311.49075,177.31349,0.03271198,308.80148,182.26083,0.020180147,309.1379,178.41856,0.01666572,311.99484,177.0852,0.017914945,310.8996,176.84656,0.010997202,301.06564,179.20464,0.016020387
154,1,1158.12890625,479.0412254333496,116.8974609375,89.38172721862793,368.68024,289.29807,0.77894217,382.58246,310.75055,0.64347774,379.31683,289.99335,0.18769796,402.0401,306.3864,0.29907563,403.57962,328.7839,0.027477877,393.45602,312.81775,0.009565984,386.74344,300.05304,0.004424073,370.70346,298.18295,0.0054555554,382.42395,292.75568,0.0065944744,379.4361,292.9886,0.00419114
154,7,907.836181640625,318.6888656616211,35.396575927734375,34.40964317321777,296.8202,193.4744,0.7032421,300.61417,198.63806,0.69505054,302.9538,194.65996,0.33542845,308.74246,197.71948,0.5641731,311.47028,194.11205,0.051357552,303.62372,200.24245,0.051275447,303.85242,196.63557,0.025746873,295.2736,192.99683,0.039386507,300.69162,190.31934,0.02832351,292.64722,196.6242,0.04104961
154,22,931.4725341796875,289.75504875183105,28.166656494140625,20.739543914794922,312.37125,177.17764,0.66469026,311.03,178.5002,0.66755724,309.862,177.10582,0.48676047,310.30658,178.21623,0.51649266,311.90347,175.91669,0.03037694,308.48572,181.22931,0.018594531,309.18918,178.30257,0.014846811,312.25363,176.87538,0.015778162,312.16852,176.42744,0.009949181,300.13638,178.2749,0.015132796
155,1,1158.8602294921875,477.56605339050293,117.75274658203125,89.34768676757812,368.6335,288.60486,0.78153783,382.41577,310.03687,0.6444925,379.6225,289.2807,0.18529457,402.44202,305.7076,0.29620937,403.45816,328.64896,0.027506009,393.74603,312.45953,0.009777581,386.8962,299.23145,0.0045760227,370.7665,297.72873,0.0055509387,382.74017,291.94547,0.0067268494,378.99887,292.30118,0.004352037
155,7,909.2499389648438,318.1998882293701,35.845733642578125,34.651994705200195,297.31937,192.69049,0.7013752,301.13034,198.1157,0.6901552,303.01428,193.99138,0.33633742,309.21326,197.10309,0.5560462,311.75757,193.15315,0.04921361,303.801,199.54475,0.049702253,303.9338,195.95929,0.024338426,295.65024,192.24464,0.03599438,300.52216,190.37474,0.026000945,292.60208,196.2171,0.040855262
155,22,929.5673217773438,287.58274269104004,28.039947509765625,20.38574981689453,312.47278,175.84654,0.66341555,310.20538,176.60901,0.6500431,309.24133,175.55698,0.50295174,308.5816,176.20877,0.4917895,310.62704,173.578,0.03123172,307.64673,179.26231,0.020082502,309.2649,177.37347,0.015774727,312.36298,175.87642,0.01653952,313.53876,175.01546,0.010454173,299.50262,177.02966,0.016548093
156,1,1159.78125,476.5708465576172,118.47372436523438,90.03413486480713,368.86655,288.28122,0.7847098,382.5104,309.7764,0.6463701,379.9604,288.85147,0.18216406,402.8513,305.44604,0.29234752,403.39038,328.84634,0.026965203,394.09216,312.56085,0.009692197,387.2529,298.92526,0.00449572,371.08362,297.63907,0.005519823,383.1458,291.51978,0.0066328477,378.80908,292.06207,0.004322102
156,7,910.7459106445312,318.1655387878418,36.195648193359375,34.78146171569824,297.91336,192.31557,0.69833547,301.77975,197.77548,0.6848921,302.99893,193.65671,0.34240246,309.554,196.74393,0.5494414,311.8338,192.53528,0.04693334,304.04028,199.11375,0.04681537,304.01578,195.48434,0.022862054,296.12222,191.77498,0.032615792,300.33926,190.62387,0.023519948,292.5772,196.04083,0.0393947
156,22,927.8168334960938,286.0867910385132,29.3902587890625,22.088184356689453,312.39505,174.95695,0.66935444,310.0109,175.41405,0.6494505,308.76776,174.65933,0.50203776,307.7231,174.9989,0.48955053,309.4967,172.08716,0.03354413,307.45163,178.17276,0.023640588,309.4374,176.43153,0.01816748,312.22134,175.00688,0.018862499,313.62524,173.8796,0.012065903,299.5994,176.47813,0.018984735
157,1,1159.931396484375,476.48752212524414,118.65756225585938,90.29427909851074,368.6905,288.40552,0.78537506,382.40662,309.74384,0.64563805,380.22815,289.02637,0.18228002,403.46863,305.2322,0.29361266,403.7956,328.92108,0.02702919,394.49316,312.3717,0.009598807,387.3602,298.83438,0.004467171,370.9552,297.79858,0.005466897,383.73257,291.51245,0.0066332435,378.64783,291.77817,0.0042923596
157,7,912.0753479003906,318.95526695251465,35.72662353515625,34.49394607543945,297.88794,193.59932,0.757902,301.8135,198.49275,0.7765286,302.2725,193.83957,0.29308707,309.0984,197.72948,0.56895953,311.32602,191.60843,0.024100482,304.44696,201.26761,0.025020309,305.1702,200.60928,0.0133281015,297.42218,194.24283,0.02105187,310.93002,191.78687,0.009733199,295.96185,194.56725,0.016393734
157,22,926.1492919921875,285.14251613616943,30.10162353515625,23.154098510742188,312.07343,174.29982,0.6736048,309.5123,174.34598,0.6503475,308.20328,173.90662,0.5079838,306.8909,173.87141,0.49595556,308.22137,171.10266,0.038512453,307.30737,177.10692,0.029850839,309.37247,175.40007,0.022562107,311.68634,173.9575,0.023988094,313.2758,172.65468,0.015254093,299.8211,176.05103,0.023295503
158,1,1159.8701477050781,476.50904846191406,118.639892578125,90.44287776947021,368.6876,288.37646,0.78598154,382.44962,309.71698,0.6461296,380.2302,288.9943,0.1819626,403.5525,305.21432,0.2932727,403.87518,328.94174,0.026935153,394.5136,312.41418,0.009574043,387.42285,298.80634,0.004449533,370.95465,297.80493,0.005452545,383.72992,291.5048,0.006623234,378.61832,291.77377,0.0042767827
158,7,912.6428833007812,319.7485227584839,35.524200439453125,34.55847358703613,297.85327,194.08417,0.7633551,301.65836,198.96779,0.7795281,302.608,194.2684,0.29007047,309.31442,198.18289,0.56604445,311.9786,191.90862,0.022920419,304.49908,201.85501,0.022583148,305.02463,201.4649,0.011962907,297.4908,194.80124,0.019299673,311.49417,192.24939,0.00882269,295.6845,194.78143,0.014814554
158,22,924.6693420410156,284.3656883239746,30.98272705078125,23.457758903503418,311.74026,173.81293,0.67712694,308.96756,173.89914,0.65021247,307.6414,173.46999,0.49995315,306.202,173.29802,0.48766768,307.45087,170.54367,0.040717836,306.94617,176.54076,0.03280603,309.22354,174.9964,0.023988212,311.32947,173.43124,0.026306575,313.28928,172.15393,0.016689984,299.59036,175.83624,0.025254572
159,1,1159.6049194335938,476.5609588623047,118.57781982421875,90.4951229095459,368.7259,288.40472,0.7861562,382.48517,309.72513,0.646227,380.29913,289.0463,0.18211079,403.6088,305.22046,0.29366723,403.9567,328.93564,0.026925126,394.5299,312.436,0.009553153,387.44937,298.81674,0.0044375383,371.00357,297.82782,0.005453344,383.7886,291.53607,0.006627117,378.60925,291.7892,0.004266619
159,7,913.3379516601562,320.4696807861328,36.048614501953125,35.19877910614014,298.98566,193.80739,0.6944643,302.81976,199.36418,0.6969236,304.0182,194.93547,0.34367692,310.43228,198.34796,0.55784905,312.90237,194.74425,0.042211484,305.11243,200.77275,0.037853636,304.52097,196.36858,0.019227365,296.9727,192.94385,0.02842645,300.1488,191.57365,0.01944552,292.66055,197.18037,0.031070296
159,22,924.2792358398438,283.4711608886719,29.81597900390625,22.236422538757324,312.82053,172.65527,0.68807435,310.61874,172.32494,0.68108284,307.38467,173.02303,0.50690687,305.18802,171.60591,0.59146756,303.47375,171.11569,0.04008333,307.36597,175.12743,0.027388833,308.4171,170.16042,0.025646757,309.9598,169.53163,0.028871296,309.26782,169.9552,0.017252905,301.7084,171.56204,0.018455967
160,1,1159.03857421875,476.4912815093994,118.63998413085938,90.54407215118408,368.68295,288.22113,0.7866638,382.46173,309.6343,0.6468186,380.15405,288.85272,0.1817152,403.4328,305.1817,0.29268703,403.86182,328.93112,0.026863514,394.42023,312.44183,0.009609407,387.38098,298.7111,0.0044805403,370.95557,297.68042,0.0054718507,383.5423,291.4025,0.0066492897,378.55643,291.80237,0.004310335
160,7,914.080078125,321.236852645874,37.287139892578125,34.744460105895996,298.5361,194.81288,0.78566545,302.748,199.76007,0.7981145,303.15457,195.10004,0.27543956,310.56076,198.94864,0.5615565,313.48926,191.7803,0.023480183,306.16272,202.90533,0.021337217,304.5908,202.69977,0.011733116,298.22968,195.48453,0.018840568,311.75922,193.3348,0.008514309,295.84787,195.47256,0.013846044
160,22,923.08154296875,282.46570587158203,28.395355224609375,20.921513557434082,311.6371,172.1507,0.69048905,309.70862,171.57394,0.6795677,306.66467,172.33183,0.5106755,304.96637,170.8388,0.5963753,303.35147,170.44302,0.042589474,307.07382,174.30893,0.03131351,308.08334,169.82166,0.028448617,308.5585,168.90399,0.033420857,309.0978,168.86134,0.019712051,301.64096,170.68575,0.021111934
161,1,1158.8616943359375,476.051176071167,118.53817749023438,90.32659435272217,368.64755,287.81787,0.7869663,382.3214,309.2669,0.64782506,379.99792,288.38852,0.18140672,403.24963,304.85388,0.29109925,403.52307,328.77203,0.027011551,394.3356,312.19614,0.00983898,387.3833,298.3095,0.004625152,370.91275,297.3481,0.0055649118,383.39398,291.0198,0.0067717456,378.49222,291.54813,0.0044605406
161,7,915.1931762695312,321.04630851745605,38.557159423828125,34.951998710632324,298.86227,194.3173,0.79314,303.0399,199.31985,0.80355024,303.77817,194.71182,0.26959348,311.1639,198.53719,0.56344396,314.35,191.207,0.025357267,306.9089,202.4664,0.023340577,304.63373,202.2589,0.012602037,298.38657,194.97911,0.020671202,311.71097,192.7896,0.009407269,296.24307,195.13441,0.015102374
161,22,921.6080932617188,281.1166019439697,27.25250244140625,19.564865112304688,310.09515,171.92728,0.6860884,308.29413,171.36966,0.67803586,305.66986,171.80264,0.50747156,304.68616,170.61157,0.58568054,303.31396,170.19423,0.042352956,306.13763,174.09906,0.032526065,307.8594,170.01534,0.027806757,307.30438,168.99718,0.034250002,309.10403,168.1463,0.019840661,300.94083,170.5538,0.021920608
162,1,1159.2313842773438,475.4473056793213,118.35781860351562,90.22509098052979,368.74835,287.41574,0.7877061,382.34628,308.99225,0.64859784,379.87143,287.90128,0.18034934,403.0265,304.6333,0.28883365,403.2625,328.63898,0.02698589,394.31882,312.061,0.010013854,387.4936,298.01877,0.004699436,371.00803,296.9836,0.005634084,383.22885,290.65463,0.006832938,378.48416,291.3776,0.0045583677
162,7,916.1687622070312,320.32666969299316,39.56488037109375,35.06717491149902,298.84296,193.82605,0.79400206,303.01587,198.95294,0.803319,303.94315,194.30118,0.27059942,311.46432,198.00555,0.5661894,314.76654,190.88655,0.027044348,307.29837,201.92265,0.02517581,304.8155,201.70663,0.013346209,298.09988,194.34993,0.02239024,311.48492,192.093,0.010265506,296.32083,194.66368,0.016399125
162,22,920.7398071289062,279.3848648071289,26.254486083984375,19.636808395385742,309.82596,170.77815,0.69847405,308.01978,170.49838,0.6874252,305.31476,170.57133,0.4844756,304.39514,169.81482,0.5873421,303.13678,169.20975,0.045655113,306.0304,172.99983,0.039371096,307.42722,169.33292,0.033519603,306.6656,168.01225,0.04043973,309.50443,167.2127,0.024033345,301.19156,169.25177,0.026473423
163,1,1159.6854858398438,475.33210372924805,118.4622802734375,90.12644577026367,368.8161,287.31342,0.78813773,382.4789,308.88962,0.6480488,379.86032,287.8194,0.18028167,402.90814,304.551,0.28880575,403.30255,328.4953,0.026995277,394.31702,312.0859,0.010076031,387.51413,298.02524,0.004719366,371.11264,296.85718,0.0056899493,383.11884,290.52716,0.0068710074,378.46854,291.41922,0.0045899036
163,7,917.7453002929688,320.1177406311035,40.709197998046875,35.50975227355957,299.2956,193.84033,0.79613644,303.44818,199.08499,0.80606145,304.5033,194.34029,0.26485932,312.1321,198.09854,0.56124204,315.49353,190.98015,0.028047614,307.88678,202.09346,0.025365686,304.98917,201.75557,0.013334592,298.62277,194.43448,0.022614209,311.40417,192.16986,0.01051797,296.50577,194.90424,0.016442083
163,22,919.4961547851562,277.43786430358887,25.670379638671875,20.263569831848145,308.87604,169.598,0.7030827,307.32764,169.17581,0.6877698,304.56204,169.24,0.47694632,303.9483,168.69437,0.58340955,302.83316,167.80128,0.049764697,305.7869,171.72188,0.04779763,307.2804,168.30609,0.038746096,305.5331,166.98454,0.048114613,309.49188,165.4684,0.028761635,300.93753,168.26804,0.031977117
164,1,1160.3148193359375,475.29945373535156,118.56875610351562,89.73438835144043,368.91226,287.05527,0.7889438,382.57288,308.49017,0.64976174,380.06815,287.5872,0.18044156,403.20062,304.1279,0.28953987,403.46066,328.2208,0.027370382,394.37976,311.8482,0.0102871265,387.738,297.47882,0.004844561,371.24524,296.57513,0.005797885,383.33084,290.35422,0.007107662,378.2791,291.10406,0.0047313077
164,7,919.0556030273438,320.4805212020874,41.408660888671875,36.08117866516113,299.5677,194.26273,0.798374,303.65964,199.35907,0.80689573,304.99323,194.74686,0.26599854,312.51877,198.39198,0.55807656,316.0582,191.22552,0.028005464,308.2111,202.52002,0.02404879,304.96008,202.28232,0.012721181,299.06345,194.87128,0.02192477,311.62994,192.56009,0.010179858,296.6001,195.23183,0.015585615
164,22,919.0124816894531,276.47953033447266,25.7281494140625,20.402255058288574,308.54044,169.14272,0.700613,307.16037,168.59825,0.68359494,304.29184,168.7932,0.47967362,303.76987,168.23515,0.5815916,302.60962,167.1556,0.051896743,305.65707,171.22151,0.051714163,307.37445,167.75552,0.041442957,305.3119,166.60439,0.05129976,309.36713,164.80322,0.031031134,300.87823,168.08133,0.034734193
165,1,1160.74072265625,475.43360710144043,118.74462890625,89.56884670257568,368.98972,287.09485,0.7884759,382.68594,308.47058,0.64950675,380.16364,287.63855,0.18058892,403.29056,304.1341,0.28997427,403.51013,328.13263,0.027467674,394.35828,311.85672,0.0103009185,387.8243,297.47076,0.004831679,371.33472,296.6101,0.005809686,383.3782,290.3908,0.0071240794,378.28122,291.08533,0.004712242
165,7,920.1117553710938,321.1411943435669,41.417724609375,35.99028396606445,299.85318,194.48538,0.798606,303.9546,199.67476,0.80970937,305.0947,194.98456,0.2627639,312.80627,198.65488,0.55465955,316.21326,191.53365,0.027897207,308.51636,202.8271,0.023426237,304.95285,202.50137,0.012537191,299.46158,195.06133,0.021611404,311.5126,192.99312,0.00994443,296.71518,195.68074,0.015058407
165,22,917.6814880371094,276.0885543823242,25.69244384765625,20.111881256103516,308.05548,168.61436,0.7026075,306.5908,168.04198,0.6847388,303.66025,168.24893,0.4780254,303.0767,167.72655,0.5807448,301.92432,166.4822,0.05407051,305.2558,170.6178,0.05703666,307.20068,167.15958,0.04474181,304.69357,166.05447,0.055845965,309.27612,164.05952,0.03347888,300.62656,167.67203,0.038282946
166,1,1160.4869384765625,475.8567695617676,118.47747802734375,89.79690742492676,369.00854,287.4407,0.7876906,382.71765,308.85666,0.6484725,380.1301,287.9595,0.18069449,403.1711,304.53003,0.28983358,403.4619,328.39935,0.027171455,394.28287,312.14005,0.010068914,387.73373,297.97147,0.004683325,371.3739,296.94443,0.0057089245,383.33203,290.6644,0.0069246455,378.44336,291.44434,0.004562669
166,7,920.8657836914062,322.47392177581787,40.994293212890625,35.54080581665039,300.49893,195.25972,0.796514,304.26163,200.3456,0.8106173,305.65018,195.58427,0.26344165,313.0076,199.35368,0.5491457,316.3446,192.5508,0.027204694,308.67157,203.60521,0.0211215,304.92682,203.28476,0.0117983185,300.4868,195.76778,0.020331232,311.94937,193.85175,0.009294983,296.93427,196.42822,0.013528387
166,22,916.3247680664062,275.8739604949951,25.939453125,20.289010047912598,307.9938,168.40602,0.70391494,306.46228,167.7916,0.6831274,303.35422,168.0564,0.47751215,302.5149,167.46222,0.5822834,301.26984,166.19041,0.0549442,305.00916,170.30684,0.05991341,307.1125,166.79646,0.04667027,304.3137,165.77695,0.058156822,309.1782,163.72575,0.0349219,300.51648,167.21198,0.04016287
167,1,1160.2262878417969,476.2292060852051,118.4520263671875,89.98696231842041,369.00906,287.62463,0.7878423,382.79037,309.22046,0.6486063,380.04,288.09903,0.17989148,403.13705,304.90158,0.2888548,403.5222,328.7015,0.0268067,394.23438,312.419,0.009861368,387.70322,298.30588,0.004549782,371.3448,297.16406,0.0055925366,383.2102,290.87766,0.0067480826,378.53503,291.68518,0.0044257864
167,7,921.6602783203125,323.9443817138672,40.795257568359375,35.24260425567627,300.6877,196.36383,0.7956589,304.3772,201.52191,0.8136223,305.92157,196.58598,0.26289988,313.41507,200.3557,0.5412234,316.8224,193.85367,0.02468239,308.93112,204.8512,0.017044375,304.9348,204.58072,0.009718898,301.0112,196.66475,0.017460521,312.32248,194.99194,0.0076217367,296.6658,197.5437,0.010832925
167,22,914.935546875,275.3346691131592,25.8643798828125,20.563960075378418,308.02298,168.08493,0.70041835,306.49527,167.29405,0.6757403,303.1817,167.90398,0.48628393,301.9115,167.06107,0.58913267,300.53796,165.69643,0.05749802,304.8854,169.78746,0.06476812,307.13397,166.09882,0.05077999,304.06598,165.30334,0.06257525,308.91852,163.1997,0.03807317,300.57425,166.5772,0.04379631
168,1,1160.0114135742188,476.2722587585449,118.25070190429688,90.25300312042236,368.96033,287.85257,0.78712916,382.7516,309.39798,0.64751244,380.09543,288.3908,0.18090941,403.2553,305.03027,0.2906109,403.70474,328.73883,0.026818955,394.3112,312.4251,0.009765663,387.65576,298.51868,0.0045041745,371.2725,297.35892,0.0055519175,383.35556,291.0681,0.0067003174,378.60117,291.7273,0.0043624793
168,7,922.5819396972656,324.91198539733887,39.9375,35.11105155944824,301.01025,196.8491,0.7879659,304.6645,202.0331,0.80987006,306.45892,197.1398,0.2651525,313.7479,200.8297,0.53525895,317.10266,194.84497,0.024220264,309.1171,205.36478,0.015400342,305.37875,204.92361,0.008925411,301.72125,197.13062,0.016499305,312.40323,195.3494,0.007220807,296.83783,198.26378,0.009738978
168,22,913.5818481445312,274.2912082672119,25.59521484375,20.789780616760254,307.2893,167.5483,0.6938119,305.6279,166.53658,0.66872394,302.85788,167.31566,0.4939432,301.38046,166.31726,0.5823772,300.20032,164.88208,0.060193233,304.43173,169.1978,0.069541715,307.3132,165.69463,0.05222218,303.84573,164.93149,0.066440314,308.97205,162.27475,0.03998422,300.23724,166.6532,0.04694612
169,1,1159.6452941894531,476.0518970489502,117.9393310546875,90.55081844329834,368.9188,287.97647,0.7861433,382.57397,309.4511,0.64725167,380.11972,288.52213,0.1816686,403.17743,305.09506,0.2914907,403.5557,328.7375,0.026958326,394.25934,312.33487,0.009767094,387.53854,298.57855,0.0045298873,371.19766,297.44113,0.0055619227,383.4232,291.18988,0.0067081987,378.686,291.73584,0.0043735947
169,7,923.5578002929688,325.3851013183594,39.281158447265625,35.7240629196167,301.26132,197.44644,0.782919,304.9637,202.75204,0.8088614,306.81033,197.69257,0.26101685,314.11966,201.53741,0.52625,317.4697,195.86159,0.023314176,309.33112,206.10634,0.013621175,305.7184,205.49715,0.007993937,302.2851,197.74466,0.015128974,312.54773,195.86075,0.0066309758,296.75998,199.00264,0.008558364
169,22,912.91259765625,273.2495241165161,25.589813232421875,19.86005401611328,307.23364,166.64536,0.69487876,305.37497,165.69629,0.66521704,302.6826,166.5473,0.49242157,301.05115,165.4832,0.5770066,300.0712,163.92984,0.06374789,304.40762,168.30934,0.07648996,307.33887,164.85641,0.05524445,303.74408,164.12491,0.07153493,308.96555,161.41492,0.04354381,300.02444,166.18184,0.05191784
170,1,1159.9242553710938,475.87922286987305,118.10989379882812,90.55789947509766,368.9407,288.11972,0.78636944,382.61758,309.47128,0.6466622,380.54385,288.70355,0.18164946,403.66266,305.0142,0.29243997,403.86298,328.8259,0.027021542,394.50467,312.23984,0.009657845,387.67258,298.55463,0.004478314,371.32068,297.59872,0.005541386,383.98285,291.21838,0.0067065977,378.56073,291.61633,0.0043335054
170,7,924.4033813476562,325.43392181396484,39.23382568359375,36.233588218688965,301.32764,197.31627,0.7799541,305.25473,202.7453,0.8067776,306.9798,197.70833,0.25653,314.3556,201.58447,0.5220982,317.68073,195.93446,0.023824815,309.52365,206.06168,0.013792724,306.0116,205.30843,0.008148827,302.51813,197.77689,0.0153926555,312.44345,195.73416,0.006915257,296.96118,199.11624,0.008654322
170,22,912.8453979492188,272.5714702606201,25.954193115234375,19.595558166503906,306.93747,166.43509,0.6955526,305.03864,165.44557,0.6656112,302.61588,166.25806,0.49184972,301.05756,165.15509,0.57024145,300.28284,163.54454,0.06374125,304.3909,168.13017,0.07579664,307.47983,164.78586,0.053688955,303.76013,163.89151,0.07114247,309.1507,161.1113,0.04256267,299.84363,166.42485,0.05141666
171,1,1160.3815612792969,475.6351203918457,118.37347412109375,90.49749183654785,369.01562,287.9528,0.7865302,382.7684,309.32928,0.6464775,380.38406,288.54034,0.18176764,403.43753,304.94098,0.29215112,403.83633,328.58936,0.027008668,394.41428,312.26093,0.0097617265,387.71417,298.52277,0.004508913,371.39078,297.41806,0.0055859797,383.6878,291.0707,0.006740646,378.5879,291.6436,0.0043643336
171,7,925.0946044921875,325.7153091430664,39.951873779296875,36.746718406677246,301.18207,197.68141,0.78308296,305.2144,203.20203,0.8088003,307.17157,198.12901,0.25168908,314.69626,201.9677,0.51671505,318.2967,196.23494,0.022821292,309.73227,206.60538,0.012596047,305.97968,205.96523,0.00731092,302.46667,198.1844,0.014394054,312.64288,196.09132,0.006346345,296.7226,199.44177,0.007862819
171,22,911.5481872558594,271.48768615722656,25.83343505859375,19.393710136413574,305.49222,164.85468,0.64156806,304.15213,164.5439,0.6065366,302.8222,164.99077,0.5982085,302.34018,164.00772,0.57322735,303.37726,161.9656,0.040006027,302.17236,166.67741,0.031649683,303.62683,162.53235,0.023470465,302.3756,162.1663,0.025562944,301.57382,162.19357,0.015956875,293.275,165.70865,0.027853427
172,1,1160.8055419921875,475.7805519104004,118.50082397460938,90.54136848449707,369.16504,288.0199,0.78633386,382.9413,309.43875,0.64710903,380.36383,288.5694,0.1814674,403.30576,305.10638,0.29171702,403.76324,328.61978,0.026951823,394.2563,312.45013,0.009734298,387.74258,298.64038,0.004471947,371.5555,297.4521,0.0055778595,383.5291,291.18353,0.006711749,378.6529,291.836,0.004334145
172,7,925.9248046875,326.78663063049316,40.204193115234375,37.3201789855957,301.51794,198.5975,0.78087157,305.6846,204.01764,0.808349,307.76016,198.9904,0.24954331,315.20438,202.86018,0.50720453,319.01837,197.3023,0.02167315,310.2408,207.59685,0.010579694,306.20416,206.92871,0.0063165794,303.1862,199.03088,0.012951793,313.0361,196.82083,0.005639734,296.73428,200.24652,0.0065837814
172,22,910.7021484375,270.77726554870605,26.093170166015625,19.92100238800049,305.2418,164.74963,0.64285964,303.8062,164.41101,0.6087798,302.5519,164.85194,0.5994278,302.07996,163.82996,0.5778525,303.0156,161.9468,0.04223562,302.0539,166.44585,0.03420414,303.49435,162.46854,0.025529722,301.99072,162.01537,0.027832894,301.5413,161.86444,0.017496651,293.35922,165.41702,0.029944003
173,1,1161.3837890625,476.41274642944336,118.89633178710938,90.62912178039551,369.20285,288.3729,0.78650355,383.15585,309.79407,0.6470245,380.49335,288.92957,0.18159685,403.57767,305.4085,0.2926803,404.18765,328.8633,0.026790068,394.31366,312.69562,0.009508275,387.8354,299.0047,0.004333312,371.616,297.76553,0.005490201,383.70062,291.54166,0.0066170944,378.68536,292.0955,0.0042022117
173,7,927.3284912109375,328.4367427825928,40.544586181640625,37.5499906539917,301.96494,199.44136,0.78273255,306.2319,204.86028,0.81226254,308.3352,199.82274,0.24677399,315.98007,203.55287,0.5003643,319.95343,198.22696,0.02049103,311.17313,208.56363,0.008909573,306.515,207.67126,0.005227862,303.58414,199.51659,0.011639931,312.95673,197.39613,0.004839155,296.5365,201.07594,0.005438447
173,22,909.8827514648438,270.9170322418213,25.73675537109375,20.679445266723633,305.17926,165.09874,0.6450969,303.63885,164.5972,0.6113863,302.1878,165.1409,0.60178715,301.6615,164.03926,0.581753,302.4081,162.3427,0.04361613,301.86264,166.6244,0.035444092,303.23193,162.65245,0.027014602,301.73694,162.26268,0.029336117,301.44925,161.97975,0.018522745,293.42615,165.39238,0.03079717
174,1,1161.5460205078125,477.06353187561035,118.67056274414062,90.5201768875122,369.29343,288.7984,0.7856493,383.0751,310.02728,0.6451587,380.91864,289.43918,0.18293387,403.8971,305.51144,0.296167,404.48074,328.77448,0.02696547,394.66217,312.5431,0.009375763,387.8639,299.3222,0.0042695804,371.6537,298.07172,0.0054785237,384.35718,291.8564,0.006583544,378.8636,291.99994,0.004122077
174,7,928.248779296875,330.5107126235962,41.653106689453125,37.23489761352539,301.99722,200.27493,0.77641404,306.1932,205.73355,0.8094828,308.84964,200.60684,0.24604878,316.3608,204.32834,0.4911206,320.81024,199.52487,0.01908672,311.48828,209.36377,0.007277197,306.77963,208.56538,0.0042772824,303.76865,200.15433,0.010350807,313.3023,197.92819,0.004141104,296.2096,201.60423,0.004443268
174,22,908.6669311523438,271.79533767700195,24.255157470703125,20.317282676696777,304.47305,165.35712,0.6435405,303.2037,164.79202,0.6112556,301.80487,165.34506,0.6003808,301.48984,164.2708,0.5885668,302.01944,162.63702,0.04553484,301.51855,166.8346,0.037957706,303.0308,163.04524,0.029457726,301.20923,162.5979,0.03163359,301.3005,162.04047,0.02031907,293.5767,165.41081,0.03278233
175,1,1161.1118774414062,478.31262588500977,118.45697021484375,90.57242202758789,369.0896,289.27045,0.784811,383.11533,310.60843,0.64408386,380.7598,290.02563,0.18338911,403.92264,306.0754,0.29723948,404.78677,329.16916,0.026634885,394.5097,312.93146,0.009068131,387.66928,299.89755,0.004105414,371.41302,298.56857,0.0053000315,384.13412,292.3987,0.0063735372,378.93402,292.4526,0.003928619
175,7,928.6378784179688,332.2784471511841,41.002899169921875,36.616092681884766,302.78238,201.32169,0.7117805,306.2794,206.87292,0.70448637,310.19376,202.83293,0.31342623,315.75885,205.82867,0.56555927,318.7103,201.94006,0.048860636,310.34235,208.61531,0.052645024,311.30615,205.38188,0.02355069,301.2596,200.97217,0.041973233,308.91266,198.00984,0.027546016,300.0231,204.75693,0.039814964
175,22,907.2646179199219,272.68347930908203,23.3521728515625,19.581911087036133,304.16904,165.55473,0.64441735,302.79022,164.85716,0.61342984,301.55554,165.49696,0.59996134,301.10895,164.37933,0.5910348,301.5729,162.9012,0.04754425,301.26254,166.92949,0.039968427,302.78055,163.23982,0.031395674,301.04688,162.73767,0.034049034,301.3606,161.99414,0.021897182,293.6743,165.43509,0.034245927
176,1,1160.5641174316406,479.4712371826172,118.03729248046875,90.15028953552246,369.08936,289.39587,0.7827983,383.1678,311.0371,0.64376026,380.21362,290.1287,0.18364285,403.06665,306.63898,0.29663005,404.41812,329.26794,0.026685525,393.95718,313.16553,0.009081222,387.3184,300.3365,0.0041080345,371.28967,298.55508,0.005289105,383.2985,292.74695,0.0063175997,379.21487,292.96173,0.003914764
176,7,929.3578491210938,333.5055513381958,41.330108642578125,36.943777084350586,302.82825,202.31796,0.71994257,306.51065,207.85455,0.7161485,310.48367,203.78499,0.30960158,316.19284,206.78972,0.5671658,319.50952,202.87935,0.045726433,310.88763,209.7457,0.046069063,311.22485,206.48222,0.02063965,301.22586,201.92435,0.03847833,309.03003,198.70992,0.02419201,299.84048,205.48265,0.034143012
176,22,905.9555053710938,273.50554847717285,22.901824951171875,19.3831787109375,303.6717,166.18652,0.64456177,302.5752,165.3891,0.61819565,301.26123,166.17969,0.59848666,300.94113,165.02927,0.6017697,301.133,163.68013,0.049575225,301.15335,167.53323,0.041511193,302.55963,163.77536,0.0341589,300.67136,163.24701,0.03688336,301.1502,162.34523,0.02384794,294.0448,165.77898,0.03513041
177,1,1160.34375,480.5614585876465,118.31771850585938,89.80576515197754,369.04007,289.91403,0.78107953,383.22803,311.66013,0.64356434,380.2953,290.6241,0.18390013,403.1372,307.2234,0.29762188,404.59918,329.71173,0.02668033,393.73682,313.43475,0.008831321,387.15994,300.80032,0.0039872434,371.2658,298.97174,0.0051583042,383.3186,293.34076,0.0061928937,379.27286,293.36578,0.0037826356
177,7,930.2876586914062,334.33243560791016,41.02130126953125,37.088693618774414,303.24524,202.92294,0.7216132,307.08228,208.34221,0.720515,310.86298,204.29964,0.31382,316.6907,207.28328,0.5684333,320.0948,203.4702,0.04453901,311.5147,210.3053,0.042283617,311.3089,206.92108,0.019412579,301.606,202.37263,0.0364877,309.00543,199.10788,0.022529595,299.91776,205.86743,0.03132127
177,22,904.8030395507812,273.59489822387695,22.934783935546875,19.046070098876953,303.221,166.10535,0.6475785,302.29416,165.3735,0.6212029,300.9414,166.12206,0.59015113,300.77557,165.01465,0.6016521,300.93674,163.65639,0.050401878,300.9757,167.5321,0.043321718,302.44553,163.82172,0.035144184,300.27866,163.2316,0.038458716,301.0745,162.17508,0.024940902,294.00928,165.74359,0.036271375
178,1,1160.4598388671875,481.1593551635742,118.49945068359375,89.60002899169922,369.1913,290.3142,0.77971643,383.33218,312.01434,0.64335287,380.59973,291.02142,0.18457556,403.3341,307.53754,0.2992053,404.74738,329.91904,0.026800212,393.704,313.5156,0.008681811,387.18903,301.0843,0.00390903,371.45447,299.27933,0.0051174546,383.66434,293.73053,0.006150869,379.357,293.5702,0.0037077798
178,7,931.1310424804688,334.9848175048828,41.150665283203125,37.44186973571777,303.5131,203.4091,0.7279622,307.42142,208.88249,0.7287126,311.20462,204.7212,0.3092557,317.21512,207.7877,0.56764925,320.79907,204.00352,0.043510158,312.09204,210.93088,0.039474927,311.28552,207.4541,0.018081827,301.7757,202.7735,0.035014655,309.03244,199.45499,0.021189114,299.87558,206.2342,0.028951876
178,22,903.75732421875,272.8682041168213,23.5989990234375,19.221911430358887,303.13785,165.71745,0.6483329,302.02594,164.87994,0.61864626,300.66208,165.72052,0.5905657,300.26843,164.50072,0.5988378,300.40814,163.08006,0.052324396,300.7656,167.02068,0.04659874,302.38492,163.45874,0.037339542,300.1357,162.86966,0.040952943,301.17462,161.68948,0.026692454,293.8905,165.36595,0.038828194
179,1,1161.0555725097656,481.1971549987793,118.35845947265625,89.53318405151367,369.34366,290.4027,0.77948695,383.36,312.00458,0.64316225,380.8229,291.10178,0.1844471,403.4436,307.5223,0.2994443,404.67227,329.87125,0.026792007,393.7884,313.56006,0.008661095,387.2857,301.1072,0.0038780556,371.62817,299.37228,0.0051198145,383.89227,293.7528,0.006127513,379.3893,293.53323,0.0036800436
179,7,932.5914916992188,335.5634536743164,41.877960205078125,37.70474338531494,303.84317,203.65636,0.7286965,307.95618,209.29997,0.73223084,311.43207,205.00543,0.30550507,317.81702,208.16602,0.56517434,321.377,204.38857,0.04195076,312.62564,211.33456,0.036616992,311.48227,207.60054,0.016776238,302.0168,202.94948,0.03279502,308.80518,199.78336,0.019634875,299.85602,206.57788,0.026801506
179,22,902.7936401367188,272.33081817626953,23.548370361328125,18.81185531616211,302.9923,165.27405,0.65114963,301.6602,164.39662,0.6189242,300.38425,165.32307,0.5877242,299.69824,164.06697,0.5953657,299.94894,162.52357,0.053985514,300.5018,166.5349,0.049799792,302.20886,163.16048,0.039326478,300.0562,162.53503,0.04344212,301.40582,161.25179,0.028315222,293.77243,165.07959,0.041299887
180,1,1162.1513671875,481.3655548095703,118.49368286132812,89.29531288146973,369.58344,290.53168,0.7795848,383.5345,311.9948,0.6433614,381.13547,291.27545,0.18490268,403.68207,307.49445,0.30095342,404.8641,329.7452,0.02685646,393.90738,313.5734,0.008630732,387.4783,301.15253,0.003846669,371.89133,299.46246,0.0051353388,384.22327,293.8654,0.0061495523,379.41977,293.5032,0.0036530804
180,7,933.9270629882812,336.20545864105225,43.020538330078125,37.93151664733887,303.89694,203.88144,0.73267853,308.2915,209.75931,0.7360402,311.49826,205.40979,0.29906273,318.2351,208.55852,0.56194806,321.9448,204.5701,0.04024011,312.99396,211.79054,0.034034774,311.54535,207.9751,0.015525161,302.06985,203.28488,0.030574309,308.72263,200.233,0.018205985,299.73618,206.90321,0.024876006
180,22,901.7698059082031,272.18090629577637,23.9146728515625,18.47482395172119,302.49487,165.07007,0.6552749,301.2707,164.32831,0.6231559,300.01068,165.17552,0.5769678,299.39175,163.99182,0.59326094,299.644,162.33179,0.054584205,300.19052,166.465,0.052138582,302.06842,163.18164,0.040318992,299.691,162.47563,0.04508143,301.4301,161.07468,0.029367067,293.66782,165.07213,0.04272961
181,1,1163.2930297851562,481.8355293273926,118.90219116210938,89.64787101745605,369.969,290.78378,0.77975297,383.83823,312.47552,0.6451417,381.36908,291.4275,0.18342128,403.7913,307.97095,0.2996098,404.89868,330.22974,0.026619546,393.83685,313.92166,0.008427131,387.6453,301.44296,0.003713198,372.294,299.68567,0.0050582434,384.4227,294.21884,0.006035991,379.50656,293.84088,0.0035534205
181,7,934.9682006835938,337.7694911956787,42.9649658203125,38.083720207214355,304.09576,204.88689,0.7409121,308.63,210.71576,0.74465716,311.7079,206.27121,0.29212213,318.46198,209.55295,0.55729413,322.43948,205.52002,0.03967054,313.46732,212.92253,0.030768719,311.364,209.13571,0.014675392,302.41867,204.28702,0.02915073,309.1787,200.95471,0.017309899,299.64966,207.47519,0.022401437
181,22,900.8346862792969,272.8145942687988,24.26495361328125,18.787342071533203,302.4332,165.73419,0.6548928,301.2388,164.86446,0.62343186,299.6119,165.89568,0.57727927,298.91132,164.5551,0.5989556,298.85028,163.04861,0.05446039,299.92838,167.0551,0.051877424,301.90057,163.54593,0.041148506,299.38794,163.01343,0.04586136,301.12518,161.62276,0.029881425,293.73273,165.3623,0.04183286
182,1,1164.3431396484375,482.67897033691406,119.14224243164062,89.66543197631836,370.36472,291.34747,0.7779435,384.22705,313.1589,0.64547515,381.62366,291.89197,0.18332198,403.81,308.64865,0.30051813,405.07263,330.58136,0.026642384,393.71567,314.2831,0.00822138,387.7827,301.99213,0.0035622262,372.66608,300.0133,0.0049859635,384.59946,294.92667,0.005945915,379.74265,294.3463,0.0034238102
182,7,936.77197265625,339.6434669494629,42.418121337890625,37.82779884338379,304.55908,205.81732,0.7473143,309.34073,211.60797,0.7483047,312.1672,207.13469,0.28928748,319.22122,210.3781,0.5498013,323.48306,206.22537,0.03716261,314.19867,214.01898,0.026020497,311.37262,210.21445,0.01265341,303.00128,205.20198,0.025508305,309.43646,201.91235,0.0150630465,299.51382,208.10638,0.019026298
182,22,900.0128173828125,273.4503421783447,24.466644287109375,19.41397476196289,302.46478,166.3156,0.65667194,301.25735,165.45232,0.6284476,299.25302,166.41013,0.57173425,298.59583,165.18347,0.60148394,298.2111,163.79073,0.054960247,299.75165,167.623,0.052004848,301.6374,163.90451,0.042396333,299.19907,163.44925,0.04683328,300.91684,162.14139,0.030599419,293.76605,165.6009,0.04143724
183,1,1164.8584899902344,483.016902923584,120.7818603515625,90.64096641540527,368.20618,292.58484,0.818296,384.28375,311.39618,0.85220957,379.6212,297.39218,0.046965025,402.88434,307.39404,0.30708835,412.79562,292.77377,0.0015321239,391.04105,312.06433,0.0008607013,394.3449,312.74655,0.00014279452,367.3493,300.14716,0.00065112766,399.60434,297.15594,0.00015656916,365.31625,299.07056,0.0004521682
183,7,937.6649780273438,341.2470760345459,43.193389892578125,37.8034143447876,304.63416,207.03902,0.7823848,309.91513,212.65094,0.8121825,311.46002,207.3701,0.22474381,319.71255,211.53741,0.48595807,323.80795,206.74113,0.023253636,315.5432,216.77191,0.008481726,309.0283,213.48122,0.0047662705,305.50647,206.03717,0.012333846,311.5979,203.39803,0.0053739594,297.4718,209.05621,0.0051258025
183,22,899.3610534667969,273.9715061187744,23.95550537109375,19.782626152038574,302.57712,166.80759,0.65657556,301.28812,165.65367,0.6267614,299.14468,166.81847,0.5757486,298.32962,165.478,0.60201997,297.81256,164.15779,0.054422118,299.61307,167.99889,0.050803985,301.54224,164.20763,0.04214649,299.34338,163.88336,0.046512507,300.92215,162.52374,0.030350875,293.829,165.95279,0.040076733
184,1,1164.7304077148438,483.71326446533203,121.32650756835938,90.48739814758301,368.40076,293.1319,0.8154769,384.57782,311.74872,0.8519218,379.36478,297.76404,0.048611213,402.63678,307.82205,0.30723757,412.34818,293.02036,0.0015052288,390.9905,312.52838,0.0008192722,394.11877,313.2285,0.00014375852,367.72342,300.667,0.0006195457,399.62747,297.88705,0.00014847773,365.27768,299.37213,0.0004359789
184,7,938.0448303222656,342.4876985549927,43.89459228515625,38.361167907714844,304.79056,207.76164,0.7843409,310.20407,213.56335,0.81602085,311.69464,208.01215,0.2119566,320.15536,212.42824,0.47381496,324.4211,207.5485,0.02156254,315.96295,217.80441,0.0072840624,309.09906,214.32062,0.0040753847,305.77512,206.64961,0.011079023,311.7702,204.17018,0.004672424,297.14795,209.80069,0.004331897
184,22,898.642822265625,274.30256366729736,23.40948486328125,19.413923263549805,302.40237,166.96683,0.65710735,301.02304,165.73523,0.62584573,299.03345,166.98666,0.5781914,298.19342,165.55766,0.6009646,297.81012,164.24283,0.05296292,299.38193,168.17331,0.049128827,301.47565,164.40135,0.04017231,299.30548,164.08824,0.0449351,300.96643,162.72795,0.029002182,293.6542,166.29027,0.038614076
185,1,1164.8486938476562,484.8291835784912,120.76290893554688,89.95886993408203,370.65494,292.7429,0.7710193,384.94342,314.66376,0.64712954,381.85287,293.20447,0.18685567,404.08347,310.2423,0.30544925,405.71567,331.44687,0.02673099,392.69113,315.2461,0.0077319117,387.66132,302.9641,0.0033063092,373.03375,301.03867,0.00469175,384.3005,296.73108,0.005761123,379.8771,295.69434,0.0031285153
185,7,938.6209716796875,343.0503444671631,43.706085205078125,38.96326160430908,305.1482,208.12807,0.78360784,310.5602,214.0576,0.81772286,311.95,208.28595,0.20390521,320.3856,212.96613,0.46707323,324.57224,207.99654,0.020625897,316.18744,218.40329,0.0067446637,309.252,214.51872,0.003755658,306.11868,206.86444,0.010382561,311.73352,204.5817,0.004305608,296.9402,210.26147,0.003964629
185,22,898.1722412109375,274.1612777709961,23.662261962890625,19.29550266265869,302.25702,167.01561,0.6604861,300.90604,165.86157,0.62741464,298.81262,167.14415,0.5731143,297.99222,165.6267,0.6001853,297.64386,164.2596,0.052244335,299.2271,168.29036,0.048922334,301.3641,164.541,0.03954755,299.11896,164.21648,0.04449533,300.92838,162.90448,0.0286974,293.55414,166.34286,0.038169853
186,1,1165.5464172363281,485.0881690979004,121.36578369140625,89.85324668884277,370.72385,292.63528,0.77255744,385.15558,314.7441,0.6472353,381.91498,293.10754,0.18543807,404.37012,310.2684,0.3040223,406.03546,331.6522,0.026433764,392.88034,315.36908,0.0076483567,387.87512,302.9647,0.0032372863,373.13046,301.0393,0.0046353647,384.41843,296.62,0.0056922724,379.76364,295.64124,0.0030760877
186,7,939.5807189941406,343.21799755096436,43.26654052734375,39.328359603881836,305.5545,208.2967,0.7786711,310.8174,214.23248,0.8140563,312.37238,208.34966,0.20054553,320.57794,213.16078,0.46155232,324.73782,208.3148,0.020739192,316.3634,218.57687,0.0066042584,309.46475,214.33438,0.0037018764,306.43994,206.80304,0.010372342,311.65567,204.63963,0.004303156,296.89145,210.25479,0.0038950709
186,22,897.1056518554688,272.7216911315918,24.028289794921875,19.03468894958496,301.33163,165.71954,0.6669028,300.21408,164.96301,0.63444185,298.3017,165.95372,0.54746526,297.59467,164.76544,0.59314585,297.40628,163.05505,0.0554505,298.92795,167.32153,0.05752817,301.27847,163.8123,0.043572582,298.4394,163.23265,0.050626926,301.0669,161.59534,0.032775648,293.32935,165.69394,0.04416789
187,1,1166.6402893066406,485.23993492126465,122.3961181640625,90.1355094909668,370.94266,292.75598,0.77332497,385.40256,315.0559,0.64725345,382.14813,293.2269,0.18396531,404.65515,310.5385,0.3031044,406.32047,331.9979,0.026166933,393.04974,315.61237,0.007491773,388.06625,303.15668,0.003129647,373.36346,301.19064,0.0045605944,384.67133,296.7572,0.0055857333,379.7165,295.757,0.0029883164
187,7,940.5986022949219,343.5014705657959,42.86865234375,39.559407234191895,305.88443,208.5374,0.7742496,311.0722,214.49086,0.81041396,312.75876,208.40228,0.19455414,320.90265,213.40001,0.45396432,325.01978,208.63962,0.020616025,316.5979,218.86829,0.006425719,309.61722,214.17935,0.0035791036,306.5733,206.67256,0.010341662,311.47336,204.73238,0.0042392416,296.67484,210.24455,0.003789727
187,22,896.3397216796875,270.8279399871826,23.983978271484375,18.467923164367676,301.15936,164.62056,0.6681013,299.86017,163.90935,0.6327957,298.0274,164.82915,0.54083943,297.12247,163.71446,0.582825,296.97455,161.81209,0.060221247,298.77252,166.19548,0.066012666,301.3144,162.86586,0.04798671,298.3569,162.22629,0.056398746,301.22723,160.3883,0.03700702,293.0974,165.02652,0.05077384
188,1,1168.4410400390625,485.63879013061523,124.12939453125,90.48379325866699,371.1386,292.9012,0.77463394,385.62674,315.4987,0.6476969,382.46152,293.32288,0.18137044,405.04224,310.8887,0.3012089,406.65942,332.56033,0.025846517,393.28586,315.89514,0.007283855,388.2722,303.34338,0.0029996962,373.5925,301.34628,0.0044501666,385.03482,296.96252,0.005452904,379.62265,295.85355,0.0028862292
188,7,942.1613159179688,344.2598876953125,43.237701416015625,40.15490913391113,306.41022,209.01524,0.7678783,311.6889,215.23845,0.803642,313.39758,208.69325,0.1782908,321.68243,214.05171,0.4341218,325.76038,209.13527,0.020007327,317.06848,219.67014,0.0059761307,309.8672,214.16151,0.0032717383,306.8523,206.6727,0.00993308,311.1283,205.28879,0.004030646,296.12247,210.40158,0.003528245
188,22,895.8118286132812,270.21078300476074,23.470733642578125,17.808537483215332,300.65857,164.38159,0.66883516,299.34692,163.75366,0.63573045,297.8734,164.56516,0.5347807,296.99838,163.58966,0.58331746,296.93182,161.67445,0.062160153,298.58374,166.0473,0.06988075,301.17105,162.83452,0.05027124,298.05728,162.02106,0.060097776,301.2974,160.05733,0.039173268,293.08127,164.97302,0.05356873
189,1,1170.0176696777344,486.20887756347656,125.62646484375,91.14791679382324,371.54837,293.3758,0.77357215,386.04913,316.05002,0.6469818,383.09265,293.81042,0.18073928,405.7639,311.30933,0.30238736,407.17215,333.00504,0.025786275,393.57428,316.1612,0.0070549212,388.61545,303.60516,0.0028465549,374.09543,301.73367,0.00433416,385.79337,297.38843,0.005333475,379.5886,295.95294,0.0027506785
189,7,942.7489013671875,345.14854431152344,43.895965576171875,40.28023052215576,306.9373,208.98503,0.7319939,311.50446,215.2921,0.7263329,314.4616,211.05304,0.2850012,321.0456,214.30545,0.57222366,324.00394,209.3581,0.04842126,316.0604,216.78505,0.060498767,317.01294,214.7503,0.026318455,305.5107,209.21516,0.047522202,316.83957,206.58519,0.028820293,306.87747,212.62843,0.045233794
189,22,895.1434936523438,269.93712043762207,23.000335693359375,17.05496120452881,300.48816,163.97581,0.6728589,298.98038,163.34499,0.6376621,297.57056,164.06953,0.5280093,296.65186,163.15468,0.5774536,296.61047,161.24147,0.06477176,298.4094,165.64426,0.07494298,301.0662,162.45697,0.0523496,297.9117,161.5761,0.06389944,301.32816,159.57678,0.04164705,292.87466,164.8732,0.05703938
190,1,1171.0611877441406,486.87506103515625,127.01202392578125,92.15749168395996,371.81686,293.58636,0.7732333,386.63638,316.71323,0.64691126,382.98553,293.94232,0.1791318,405.79346,312.09598,0.2993707,407.51318,333.7327,0.025274891,393.31854,316.8063,0.006822924,388.83725,304.18176,0.0026859562,374.4039,301.99866,0.004209907,385.4975,297.74414,0.005142701,379.59027,296.5856,0.0026121568
190,7,943.5839538574219,346.147253036499,45.082763671875,40.578354835510254,307.03098,209.3334,0.7378265,311.96127,215.75813,0.7327443,314.5945,211.5204,0.27920347,321.67944,214.78409,0.5716153,324.77148,209.53645,0.047811937,316.668,217.3215,0.057988808,316.99695,215.18887,0.025193805,305.4518,209.65192,0.045770817,316.60608,207.0095,0.027674075,306.84296,212.92264,0.043116458
190,22,894.0880737304688,269.9825162887573,22.998321533203125,16.608444213867188,300.25406,163.97182,0.6770438,298.6725,163.23952,0.6393692,297.12994,164.03256,0.5218464,296.0988,163.02946,0.5746407,295.95087,161.16142,0.06683253,298.1355,165.61458,0.07918174,300.89157,162.38531,0.054268997,297.5886,161.53033,0.067576505,301.22412,159.37926,0.044081397,292.69235,164.86395,0.059297033
191,1,1171.7645874023438,487.4996337890625,128.11148071289062,93.17427635192871,371.9941,294.09348,0.7701001,386.86816,317.11395,0.646823,383.06906,294.41965,0.18153487,405.85016,312.55188,0.3019755,407.70276,333.95703,0.025446907,393.0379,317.053,0.006731327,388.839,304.53134,0.0026431507,374.6273,302.2884,0.0041612047,385.51407,298.32715,0.0051326305,379.64835,297.06482,0.0025672268
191,7,944.1415100097656,347.0753059387207,45.92962646484375,41.018975257873535,306.9988,209.93748,0.7455316,312.13208,216.39598,0.7432719,314.61017,212.02554,0.27286223,322.03574,215.45853,0.57154614,325.32297,210.00317,0.046226766,317.1165,218.08755,0.054223567,316.80695,215.93634,0.023496423,305.2628,210.24164,0.04375002,316.615,207.44193,0.025705775,306.63007,213.29214,0.039735276
191,22,893.2965087890625,269.9902153015137,23.136749267578125,16.576180458068848,300.0329,164.0706,0.6789609,298.4987,163.3645,0.641501,296.9061,164.1494,0.51591057,295.86707,163.15599,0.5744305,295.68646,161.25754,0.06688052,297.95007,165.77339,0.080127805,300.78604,162.55785,0.054644253,297.41617,161.68039,0.068394236,301.1997,159.48557,0.04462977,292.64322,164.95647,0.059424393
192,1,1172.67626953125,488.1679801940918,130.20986938476562,94.13008689880371,372.1568,294.80136,0.76654077,387.60617,317.65314,0.64576507,383.45026,295.2484,0.18442127,406.82935,313.0106,0.30598056,408.74966,334.46213,0.02550693,392.8963,317.61945,0.0065092137,389.19055,304.7725,0.0025050675,375.047,302.8673,0.0040000123,385.84158,299.04416,0.005080685,379.30334,297.5996,0.0024316413
192,7,944.5872802734375,347.5766429901123,45.863800048828125,40.917420387268066,307.15115,210.19493,0.7488328,312.18082,216.61488,0.7468398,314.84882,212.30257,0.2729184,322.19394,215.69423,0.57163256,325.65976,210.16138,0.045659773,317.3118,218.34254,0.052228387,316.75485,216.28348,0.02277699,305.4218,210.51376,0.04279912,316.8267,207.65532,0.024889434,306.6609,213.43585,0.038146183
192,22,892.2398986816406,269.66858196258545,23.37359619140625,16.41800308227539,299.6497,163.81238,0.6822779,297.98648,162.99976,0.64186704,296.39673,163.81909,0.5104519,295.35776,162.79509,0.5678447,295.1679,160.84041,0.06952049,297.5902,165.49335,0.085647516,300.6361,162.30031,0.057015378,297.16132,161.41423,0.07276063,301.18506,159.12177,0.047489356,292.4464,165.01491,0.06299402
193,1,1172.7861328125,488.4997329711914,127.99209594726562,94.2220630645752,371.04916,294.66647,0.8603386,388.43912,316.6072,0.89910746,381.13507,299.24567,0.023530457,406.40808,313.8407,0.29917458,416.2565,296.4403,0.0030224577,397.33243,317.30112,0.0023008818,395.0651,314.2914,0.000361624,368.22656,302.1858,0.0015663644,397.2017,299.45013,0.0004259796,367.64612,302.9826,0.0012145871
193,7,945.3182373046875,347.5130424499512,45.76080322265625,40.90037441253662,307.40887,210.25237,0.7487894,312.4421,216.623,0.7451299,315.17792,212.42227,0.27373865,322.54025,215.70293,0.5692191,326.07443,210.1459,0.045722444,317.5742,218.36888,0.051086247,316.95184,216.29694,0.022392333,305.77008,210.6005,0.042081848,316.88605,207.72206,0.024783554,306.8124,213.54535,0.037377734
193,22,891.2671508789062,268.5492639541626,23.08740234375,16.20490264892578,299.26566,162.90865,0.6799817,298.76773,161.84583,0.662439,295.80606,163.28793,0.5107844,294.78372,161.65497,0.6080248,293.60968,160.60616,0.046027012,297.3543,164.86458,0.041381843,299.07858,161.10345,0.035141047,296.27682,160.11711,0.044210184,300.0884,158.07362,0.024739997,292.91376,160.97401,0.028350882
194,1,1174.0389404296875,488.514461517334,130.41549682617188,94.24441337585449,372.58124,295.6559,0.7621325,388.81772,318.38495,0.6403409,384.03873,296.43826,0.18649456,408.33856,313.61383,0.31071153,410.3161,334.7538,0.025365328,393.2323,318.42996,0.006221204,389.98517,305.34097,0.002261791,375.625,303.74814,0.0037628836,386.45178,299.76562,0.004862976,379.0198,297.8691,0.0021742182
194,7,946.6073913574219,347.12446117401123,46.392333984375,41.24641799926758,308.0532,210.31224,0.7463584,313.0573,216.66489,0.7423406,315.7911,212.49173,0.2767867,323.1378,215.66772,0.5674408,326.69397,210.27583,0.046709094,318.14392,218.39325,0.05069761,317.32516,216.11995,0.022323886,306.35852,210.64333,0.041889187,316.7129,207.72865,0.025177151,307.02817,213.61116,0.037179727
194,22,890.1864624023438,267.2490577697754,23.446380615234375,15.422178268432617,299.00287,161.75713,0.67756414,298.22324,160.7386,0.6575286,295.89322,162.22012,0.51527613,294.6356,160.45595,0.60553044,293.88443,159.53484,0.049425814,297.22104,163.6133,0.046935868,299.4191,159.87166,0.03701431,296.0393,159.01624,0.048686765,300.00052,156.64767,0.0274615,292.72134,160.26324,0.03239545
195,1,1175.3172912597656,488.408992767334,129.678955078125,94.17875289916992,371.88513,295.11618,0.88475394,389.70493,316.7611,0.912785,382.16684,299.8597,0.019868784,408.38052,314.07898,0.29040876,418.72183,295.70554,0.0031606953,399.85016,318.04938,0.0023270927,395.58322,314.23312,0.00034143645,368.7204,302.16135,0.0016811434,396.90082,298.8679,0.00044726641,368.1445,303.8355,0.0011371673
195,7,948.1541748046875,346.88368034362793,46.341796875,40.85587978363037,308.63187,210.25096,0.7406964,313.4747,216.5157,0.7354728,316.45932,212.48737,0.2827463,323.49823,215.46939,0.5669333,327.05554,210.40175,0.047980264,318.47192,218.2266,0.05073932,317.78708,215.76546,0.022556193,306.97083,210.53131,0.042339303,316.68665,207.50748,0.02609771,307.33066,213.54633,0.037425887
195,22,889.55419921875,265.65842628479004,23.9329833984375,14.92174243927002,299.23218,160.75447,0.67887074,298.2068,159.6691,0.6550784,295.8097,161.32304,0.5205912,294.2187,159.4939,0.61081356,293.45383,158.3903,0.0545276,297.23868,162.44287,0.05550759,299.41028,158.84236,0.044198863,296.10413,158.03075,0.056180187,300.20367,155.71991,0.03293059,292.9478,159.3338,0.03863635
196,1,1177.4417724609375,489.0143051147461,131.074951171875,94.4681224822998,372.5389,295.26822,0.8851975,390.1686,317.20953,0.9152263,382.57556,299.88483,0.019160705,408.61053,314.49936,0.2883421,419.14273,296.14047,0.0032921482,400.46133,318.45416,0.0023234566,395.49066,314.4884,0.0003542144,369.43167,302.34467,0.0017011459,397.0187,299.26877,0.00045566607,368.16797,303.97305,0.0011457633
196,7,949.8497314453125,346.9900760650635,45.502349853515625,40.174195289611816,309.186,210.43376,0.73374903,313.8146,216.45248,0.7286113,317.0366,212.52344,0.29103255,323.80634,215.41707,0.56607366,327.3319,210.70145,0.04839481,318.68732,218.17166,0.049570527,318.16125,215.56879,0.022515427,307.58807,210.56628,0.042064868,316.75684,207.40976,0.026332427,307.56696,213.57524,0.036760084
196,22,889.1515502929688,264.1534366607666,24.272552490234375,14.6006498336792,299.218,159.8049,0.6792372,298.06454,158.63174,0.65273714,295.71548,160.20598,0.5218102,294.09235,158.4893,0.60709006,293.30502,157.23291,0.05860652,297.1874,161.35616,0.063513696,299.58948,157.84187,0.04891761,296.0563,157.06863,0.062252935,300.29855,154.59702,0.03731969,292.84988,158.60448,0.04431867
196,76,808.3070068359375,205.88950967788696,14.615203857421875,11.292623519897461,271.50916,124.81647,0.63347507,269.84473,124.42593,0.61075294,268.38687,124.54215,0.56798095,267.82584,124.40091,0.59033155,267.83374,122.89362,0.056989722,268.6687,126.45748,0.053074837,269.8704,122.92075,0.040889356,268.82483,121.94268,0.0441171,269.09213,121.66299,0.029888006,261.0386,125.30322,0.043973777
197,1,1179.4664611816406,489.7837429046631,132.481201171875,95.23992919921875,373.45764,295.2494,0.8846773,391.33792,317.49875,0.91947573,382.5863,299.78598,0.018528676,408.6545,314.96625,0.28966922,418.8171,296.25897,0.0035762817,401.2835,318.8775,0.0025191705,395.52896,314.35757,0.00041265172,370.61234,302.51056,0.0017987663,396.6247,299.72122,0.0004947702,368.57687,304.43726,0.0012450923
197,7,951.0913696289062,347.2461519241333,45.699371337890625,39.97940254211426,309.29178,210.36623,0.7351032,314.10477,216.54865,0.7296359,317.17453,212.57602,0.2873646,324.17734,215.49117,0.56354624,327.78323,210.6192,0.04692835,318.99316,218.23299,0.047323674,318.3609,215.5158,0.021314427,307.64014,210.52844,0.040066704,316.68594,207.45526,0.024997242,307.5251,213.63713,0.03516178
197,22,889.2570190429688,263.27111434936523,24.15032958984375,13.86775016784668,299.62228,159.14209,0.67554903,298.15686,157.84702,0.64666575,296.01706,159.52493,0.52787435,294.03836,157.69707,0.5997129,293.48734,156.50963,0.06062131,297.37302,160.5469,0.06541384,299.97073,156.9519,0.048622604,296.52527,156.30621,0.063092224,300.34268,153.8384,0.037928473,292.65292,158.44847,0.0459364
197,76,808.4781188964844,205.73541355133057,14.68524169921875,11.162628650665283,271.59616,124.77482,0.63151586,269.93396,124.34412,0.60699165,268.5584,124.5412,0.57076126,267.98743,124.36615,0.58852375,268.1234,122.70904,0.055883896,268.72684,126.43857,0.05146529,269.8734,122.936844,0.03969346,269.03415,121.945076,0.0425286,269.17484,121.7925,0.028773112,261.0062,125.35649,0.043052692
198,1,1181.6490783691406,490.642427444458,135.00640869140625,96.94339370727539,374.49222,296.02023,0.8093869,390.96463,319.26123,0.68227565,379.4959,291.88797,0.15211236,409.3808,314.8266,0.22193313,398.71997,352.2981,0.042301003,397.90707,329.88083,0.037726387,396.72568,302.32074,0.023061713,379.82272,306.94907,0.016995957,387.02505,299.6904,0.02805843,371.55057,306.09622,0.028049605
198,7,951.7392883300781,347.5591335296631,46.302978515625,40.05209255218506,309.1186,210.35057,0.7383753,314.24326,216.677,0.7316629,316.99103,212.66724,0.28218278,324.4587,215.60461,0.5606626,328.10434,210.46889,0.046033222,319.21783,218.34827,0.045974102,318.36816,215.5933,0.020496609,307.38327,210.52982,0.038789455,316.52496,207.56764,0.024108503,307.3787,213.68079,0.034246743
198,76,808.3892211914062,205.7895383834839,14.680938720703125,11.106276512145996,271.5086,124.71532,0.6315395,269.82867,124.29457,0.607126,268.5273,124.50207,0.56970614,267.95264,124.320114,0.5883447,268.1102,122.68431,0.05639741,268.69128,126.38575,0.052105,269.8477,122.90674,0.040067356,268.99957,121.8806,0.04317908,269.18356,121.73629,0.029197358,261.0129,125.37422,0.04353616
199,1,1182.9512329101562,491.72106170654297,136.09762573242188,98.06137275695801,374.87195,296.71854,0.81199664,391.92145,320.04413,0.6836875,380.0134,292.88422,0.14881422,409.88498,315.7228,0.21907762,399.4837,352.83252,0.04029812,398.01285,330.7834,0.03470102,397.59296,303.10165,0.020132931,380.5494,307.9663,0.015913311,387.27112,300.19495,0.025522674,371.88705,306.83493,0.0249733
199,7,952.272216796875,348.43815994262695,46.7109375,40.55847644805908,309.31833,211.00586,0.7450104,314.71564,217.5068,0.7419571,317.15836,213.33101,0.27284175,324.9502,216.43614,0.5566855,328.81104,211.12947,0.043617662,319.8043,219.23909,0.0412496,318.42593,216.33612,0.01852519,307.61737,211.25238,0.035688493,316.5656,208.19563,0.021735504,307.24097,214.37833,0.030253636
199,76,808.0658569335938,205.8764934539795,14.40655517578125,10.916594982147217,271.3414,124.696945,0.631764,269.63412,124.30796,0.60796064,268.48734,124.50283,0.56732374,267.895,124.32554,0.5878414,268.0898,122.66078,0.056554317,268.57953,126.402916,0.052513003,269.80612,122.970726,0.040201444,268.9649,121.88301,0.04358219,269.2201,121.76561,0.029349197,261.00052,125.480995,0.04374731
200,1,1184.3038330078125,493.04724884033203,137.01773071289062,98.54638481140137,375.2522,296.97504,0.8149884,392.11578,320.74527,0.6858122,380.39178,293.34573,0.14586347,409.73346,316.42554,0.21628886,399.62146,353.2696,0.038198408,397.9224,331.67624,0.032533813,397.78305,303.71207,0.01819937,381.03964,308.54077,0.014901932,387.10223,300.36346,0.023335109,371.98358,307.367,0.022749413
200,7,953.3931884765625,349.1752052307129,47.070465087890625,41.013670921325684,309.72272,211.46448,0.7431087,315.24323,218.07158,0.7449626,317.4757,213.74368,0.2707691,325.4571,216.98819,0.55159146,329.37527,211.78389,0.04121939,320.3009,219.79515,0.036639225,318.71936,216.71872,0.01681241,308.1573,211.68085,0.032575317,316.64972,208.6088,0.019534715,307.23642,214.90137,0.026793733
200,76,807.9873046875,205.93240785598755,14.164581298828125,10.711875915527344,271.30612,124.77692,0.6301041,269.5662,124.38326,0.60723877,268.52463,124.566246,0.5665104,267.93958,124.419846,0.58663285,268.13394,122.708694,0.056212105,268.5279,126.51841,0.05189861,269.7724,123.05539,0.039731573,269.06616,121.92883,0.04312833,269.21036,121.93949,0.028878681,260.96655,125.68509,0.043246023
201,1,1185.6505737304688,493.4945125579834,137.6912841796875,97.83812713623047,375.58923,297.3824,0.8114932,392.58847,320.6107,0.68207,380.9367,294.06204,0.14947277,409.93015,316.39093,0.2206771,399.9283,352.61316,0.039316002,397.92828,331.41595,0.033144653,398.13626,303.9134,0.018387634,381.487,308.74533,0.015549953,387.69437,300.7087,0.024035342,372.4278,307.31003,0.022959566
201,7,954.2455444335938,349.3235721588135,47.458465576171875,41.134254455566406,309.84357,211.51707,0.74093205,315.4746,218.17746,0.74314743,317.5665,213.78181,0.2716265,325.7789,217.0533,0.54837275,329.73044,211.86359,0.03966893,320.49847,219.84929,0.034358166,318.88367,216.75175,0.015801474,308.27084,211.68753,0.030642198,316.65582,208.72148,0.01827733,307.15765,214.95328,0.025309453
201,76,808.5083312988281,206.02344417572021,14.3594970703125,10.797157287597656,271.6514,124.94081,0.6304523,269.83466,124.681564,0.60766166,268.8825,124.856964,0.5692328,268.31757,124.68227,0.5850902,268.73727,122.856224,0.05299138,268.68414,126.73522,0.047182452,269.66843,123.31675,0.0364164,269.38452,122.14949,0.039004426,269.34122,122.47251,0.025765285,260.93854,125.72116,0.040085644
202,1,1186.6041870117188,493.77414894104004,136.06906127929688,98.39019012451172,375.93137,297.33444,0.8135201,392.67163,321.09158,0.68459433,380.94913,294.10754,0.14665328,409.43185,316.8994,0.21796185,399.80273,352.7718,0.038205426,397.77832,331.64075,0.03225208,398.28354,304.19955,0.01754517,381.71915,308.85696,0.014998486,387.4011,300.89795,0.022934183,372.7046,307.5684,0.021960638
202,7,955.2376098632812,349.5175666809082,48.224395751953125,41.480220794677734,309.95456,211.75655,0.747568,315.57855,218.63873,0.75000036,317.85776,214.09415,0.26212156,326.1625,217.42035,0.5441828,330.40778,212.20178,0.038059324,320.8752,220.3501,0.03184743,318.93222,217.20296,0.014340326,308.3496,211.95181,0.029005073,316.82108,208.97922,0.016958246,307.03433,215.26598,0.02315085
202,22,884.6841430664062,257.8469924926758,23.4642333984375,16.91298007965088,298.41284,156.51466,0.6132278,296.31604,154.72662,0.6024287,292.14667,156.40034,0.4366211,291.14438,154.68707,0.51031774,291.66904,152.62274,0.12100971,296.54156,162.82211,0.097130425,299.09076,157.71748,0.052473098,297.63873,150.67989,0.07056437,295.75272,154.65576,0.07415131,296.9654,155.75177,0.054878954
203,1,1188.6567993164062,493.8787422180176,135.68453979492188,99.96362113952637,376.39792,297.30994,0.81671834,393.39542,321.70142,0.6866305,381.2954,294.2287,0.14242896,409.72595,317.51147,0.21302389,400.3362,353.48505,0.036269926,397.98587,332.17862,0.030364035,398.9716,304.49362,0.015870648,382.3809,309.10562,0.014053284,387.6124,301.01306,0.021261914,372.84955,307.90753,0.020181311
203,7,956.484375,349.0447597503662,48.681243896484375,42.114089012145996,310.4395,211.51999,0.74213886,316.0136,218.47298,0.745434,318.35782,213.84044,0.26456988,326.65906,217.19974,0.5436711,330.87766,212.31244,0.03823937,321.2743,220.0995,0.031371474,319.34363,216.68004,0.01411427,308.7126,211.5465,0.028709896,316.6516,208.68285,0.016957546,307.2166,215.08206,0.023043318
203,22,881.572998046875,255.19173431396484,20.850494384765625,16.21556282043457,296.64536,154.75795,0.641859,294.81573,152.88074,0.6205034,292.3936,154.88293,0.60223603,290.5468,152.70686,0.61587834,289.33075,151.98904,0.04716908,292.61676,155.91594,0.033653606,293.67474,150.56389,0.031139594,293.51175,150.67613,0.035085917,291.81204,150.70105,0.020946763,285.75375,153.99579,0.025295664
204,1,1190.6824951171875,494.8026237487793,134.70126342773438,100.71709442138672,376.90952,297.66635,0.8173933,393.905,322.2552,0.6884373,382.33057,294.54446,0.1394088,411.00842,317.88776,0.2096166,400.57364,354.5611,0.035249595,398.39783,332.69653,0.028943798,399.81897,304.47928,0.014572414,383.12506,309.74643,0.013537045,388.91705,301.39026,0.020333285,372.8697,307.91757,0.018892962
204,7,957.95947265625,349.0798816680908,49.242279052734375,42.43106174468994,310.71774,211.66838,0.745837,316.1867,218.83606,0.7484228,318.93637,214.01633,0.25604603,327.25137,217.44331,0.5377552,331.85492,212.72523,0.036572892,321.7542,220.46552,0.02864234,319.5963,216.94197,0.012581755,308.91782,211.66716,0.026969112,316.89056,208.7271,0.015721997,307.13113,215.23183,0.02088071
204,22,879.8029174804688,253.8204345703125,19.780975341796875,15.119367599487305,295.9962,153.91956,0.6431249,294.04932,152.21866,0.62202865,292.06744,154.01642,0.59601456,290.42874,152.07811,0.61641645,289.42044,151.47751,0.05020078,292.2606,155.0985,0.038372114,293.4836,150.11797,0.03421814,292.96954,150.08015,0.03917318,291.93222,149.8546,0.023817766,285.7213,153.45673,0.02882281
205,1,1193.1846313476562,496.32151794433594,134.59652709960938,100.69870948791504,377.75986,298.70844,0.8173986,394.67313,323.06888,0.68869954,383.83112,295.8994,0.139108,412.18698,318.61935,0.20993927,401.3527,355.18222,0.03406873,398.80426,333.49026,0.026820324,400.90558,305.20755,0.012730198,384.22626,310.93716,0.012993256,390.47214,302.33188,0.019010637,373.3077,308.40543,0.016878951
205,7,959.5336303710938,349.749361038208,49.86163330078125,42.734747886657715,311.13544,212.16602,0.74582875,316.71756,219.52281,0.7540065,319.10074,214.48157,0.25040877,327.66742,218.07132,0.53213847,332.24814,213.39375,0.035404705,322.27893,221.13007,0.026346123,319.75266,217.37668,0.0118795615,309.4893,212.14552,0.025392478,316.83533,209.32524,0.014606326,307.1321,215.92302,0.019050606
205,22,878.931884765625,253.6259250640869,19.914276123046875,14.893753051757812,295.92908,154.00061,0.6453551,294.00436,152.30783,0.6251216,291.94443,154.07907,0.5932681,290.33734,152.17435,0.6183598,289.23276,151.68457,0.05144234,292.28735,155.14925,0.039446216,293.31705,150.29713,0.035656903,292.8184,150.17067,0.040742226,291.96875,149.83786,0.024917861,285.83014,153.3133,0.029495599
206,1,1194.7047729492188,497.98440170288086,134.0712890625,100.95640754699707,378.0717,299.56866,0.8187386,395.89774,323.92416,0.686693,384.75632,297.46484,0.1381322,413.61703,319.39716,0.21068287,403.1652,356.1701,0.032696057,399.52072,334.39423,0.024575075,402.08664,305.84915,0.010996035,384.8857,311.9371,0.012285681,391.56732,303.29514,0.017829072,373.48038,309.09744,0.014978882
206,7,961.0156860351562,350.4065580368042,50.80682373046875,42.64794731140137,311.54352,212.17145,0.7401595,317.33002,219.6521,0.7519269,319.27924,214.5318,0.25175515,328.0165,218.21071,0.5309236,332.4611,213.59601,0.035015743,322.6825,221.1694,0.025382822,320.09006,217.08997,0.011726207,309.9249,212.06868,0.024529664,316.5631,209.4399,0.014189492,307.24698,216.1238,0.018526074
206,22,878.3990478515625,253.87193298339844,20.097198486328125,14.697724342346191,295.76334,154.03712,0.6463961,293.84433,152.35204,0.62664443,291.81512,154.1152,0.5916224,290.2014,152.22102,0.6172207,289.12372,151.74219,0.05079387,292.13016,155.20367,0.039073016,293.23682,150.41428,0.0351177,292.69315,150.26494,0.04043764,292.0254,149.83606,0.024546327,285.79016,153.33115,0.029132294
207,1,1195.2592163085938,499.81872367858887,132.55453491210938,102.48493194580078,378.63953,300.3205,0.82553136,396.82303,325.30304,0.69059217,385.0289,298.5963,0.13384902,413.1619,320.93304,0.20805243,404.54654,356.93414,0.030227758,399.51498,335.67825,0.02177457,402.64877,307.36237,0.009101902,385.59744,312.68152,0.011242732,391.1788,304.2291,0.015838366,374.0564,310.65637,0.012730694
207,7,962.1479187011719,351.40650272369385,50.9725341796875,42.42923355102539,312.18948,212.42981,0.73534346,318.12308,220.18251,0.7558323,319.32028,214.67532,0.24514262,328.31332,218.78302,0.5258224,332.36972,214.22514,0.034558475,323.10464,221.63583,0.024378886,320.36023,216.99779,0.011668822,310.68097,212.23917,0.023502054,316.2331,209.89026,0.013652975,307.30646,216.72682,0.017742515
207,22,878.1963500976562,254.15669345855713,20.061309814453125,14.574926376342773,295.73718,154.12482,0.6437635,293.85254,152.39006,0.6238021,291.831,154.25212,0.59482014,290.17117,152.25664,0.61788416,289.08078,151.76045,0.05074922,292.13025,155.2739,0.038729794,293.2496,150.4475,0.03496144,292.71057,150.32195,0.040196266,291.9314,149.91754,0.024331123,285.77774,153.42252,0.028955594
208,1,1195.7080078125,501.4746551513672,130.370361328125,102.66476440429688,379.076,301.13815,0.8243342,397.32074,325.82294,0.69005346,385.70425,299.61078,0.13535807,413.49365,321.4896,0.21142529,405.18094,356.88654,0.030393556,399.52625,336.06058,0.021218833,403.09955,308.05215,0.008602756,386.0819,313.28326,0.011280258,391.75714,305.06668,0.015697652,374.5036,311.07492,0.012121174
208,7,962.5372924804688,352.1338920593262,51.3109130859375,42.63818836212158,312.21207,212.68011,0.740883,318.23743,220.51932,0.76072955,319.33096,214.84271,0.2370341,328.5026,219.1243,0.52209187,332.59387,214.40117,0.03391138,323.27136,222.06169,0.023602378,320.33612,217.28122,0.011117069,310.61548,212.4452,0.022803666,316.23343,210.08289,0.01317438,307.0999,216.9373,0.016997114
208,22,877.5791015625,254.0862693786621,20.262725830078125,14.546679496765137,295.64847,154.11942,0.64408225,293.80722,152.30438,0.6229744,291.56842,154.2273,0.59577656,289.85413,152.18436,0.61911744,288.63098,151.81142,0.051771913,292.016,155.15732,0.039901797,293.18256,150.37549,0.03632905,292.45587,150.29283,0.041632824,291.90143,149.69969,0.025415666,285.8112,153.16943,0.029770616
209,1,1196.5175170898438,503.2931671142578,126.5775146484375,103.05692481994629,381.06842,303.038,0.7769891,399.25403,327.8536,0.66019034,389.94946,303.0947,0.1601234,415.37177,324.3616,0.2629572,411.3591,351.70807,0.026177214,394.33563,335.15662,0.009051213,400.2695,312.0725,0.0026481925,386.68143,313.7131,0.0060817576,391.24115,308.25775,0.0074814837,375.97836,309.9008,0.0032643152
209,7,963.20068359375,352.6508846282959,52.865753173828125,43.33882427215576,311.89294,213.34879,0.7858333,318.07123,220.57353,0.8144011,319.0334,213.84727,0.17792739,328.87164,219.23788,0.46312186,333.23376,213.87697,0.022060422,323.8501,224.19801,0.009136924,317.7888,219.86192,0.004503623,311.9446,212.63075,0.012127148,318.8003,209.9928,0.005517222,304.36926,216.13162,0.005460735
209,22,876.3179626464844,253.67963790893555,21.16241455078125,14.624622344970703,295.1876,154.06688,0.65057534,293.4216,152.21234,0.62800395,290.99207,154.12636,0.591315,289.36835,152.03787,0.6194036,288.05777,151.69138,0.052558526,291.69885,155.03186,0.041882314,292.9397,150.47607,0.037911892,291.84656,150.28922,0.043830995,291.96646,149.42278,0.026702577,285.80154,152.81635,0.030931227
210,1,1197.5132446289062,504.8854465484619,123.78561401367188,104.03451919555664,381.3778,304.05988,0.7720902,399.9542,329.00986,0.65986764,390.28824,304.1919,0.16173872,415.95297,325.5121,0.26571375,412.04236,352.6725,0.026155796,393.88312,336.1084,0.008651033,400.472,312.82858,0.0024798398,387.07852,314.52536,0.0058058556,391.30673,309.6795,0.007298168,375.93594,310.7891,0.0030461778
210,7,963.9179992675781,353.15242767333984,53.16943359375,44.30642795562744,312.224,213.80687,0.78820467,318.28326,221.19952,0.81731564,319.48996,214.22276,0.16912822,329.25778,219.8294,0.4548301,333.836,214.44778,0.020711595,324.18268,224.93495,0.008134164,317.8487,220.3858,0.0039590592,312.2607,212.94995,0.011152161,319.0347,210.51288,0.0049366476,304.1561,216.5379,0.0048051924
210,22,875.185546875,253.65705585479736,21.091094970703125,14.308370590209961,294.636,154.14026,0.6512455,292.88126,152.37778,0.6322415,290.64883,154.07805,0.5822946,289.18808,152.17888,0.61628836,287.82092,151.97273,0.053494208,291.33817,155.17947,0.043479357,292.72092,150.68282,0.038444832,291.43967,150.41801,0.04562952,291.85434,149.3236,0.027534636,285.63675,152.97697,0.03172806
211,1,1198.888916015625,505.9322032928467,121.00836181640625,103.7640495300293,381.90924,304.21622,0.773043,400.28583,329.1588,0.6657376,390.87442,304.4053,0.16178778,416.18634,325.60168,0.26777235,412.27332,352.60797,0.026294082,393.6534,336.1844,0.008612242,400.74878,312.4411,0.002480083,387.67865,314.41913,0.0057916245,391.6335,310.3291,0.0074721985,376.11484,310.79477,0.0030536752
211,7,964.6904296875,353.51502799987793,53.709686279296875,44.69065761566162,312.90375,214.03583,0.80949163,318.96988,221.50552,0.80909854,320.654,216.72342,0.21302143,329.90936,220.37282,0.5522676,334.97714,211.47906,0.023883482,324.58405,224.23254,0.025473723,322.538,223.31656,0.009677854,311.89963,215.98822,0.019874293,326.26193,213.54585,0.009125176,311.8269,217.90585,0.01615942
211,22,873.6915893554688,253.54857444763184,21.01153564453125,14.001517295837402,293.8254,154.01526,0.6546247,292.1428,152.4205,0.6373987,290.11273,153.92223,0.5697835,288.84183,152.1744,0.610453,287.59317,151.95303,0.05305431,290.79095,155.21912,0.044605237,292.53055,150.84601,0.037774827,290.78915,150.50188,0.046544865,291.8468,149.09589,0.027623348,285.35202,153.0413,0.03211081
212,1,1201.0039672851562,507.48462295532227,120.37326049804688,103.84232711791992,382.20096,305.1251,0.7651721,401.37125,330.11664,0.664027,391.02197,305.35263,0.16636166,416.93256,326.3746,0.2738984,413.35028,352.99652,0.026603336,393.3725,336.77835,0.008465095,401.24786,312.8763,0.0023804326,388.13553,314.8516,0.0055456343,391.67117,311.65982,0.007471247,376.23895,311.32504,0.0029081078
212,7,965.7614135742188,354.2926025390625,54.22686767578125,45.044297218322754,312.93445,214.76776,0.8210261,319.0936,222.20872,0.81675595,320.94992,217.47083,0.2065595,330.3173,221.01416,0.54675525,335.9015,211.66585,0.022504343,325.0981,225.16858,0.022534478,322.28653,224.48572,0.008386324,311.8447,216.79626,0.018099746,326.69852,214.17703,0.008071271,311.46338,218.21524,0.014127574
212,22,873.2378540039062,252.89984893798828,21.32208251953125,13.728189468383789,293.82907,153.40048,0.65591776,292.12827,151.82726,0.6363425,290.0374,153.37326,0.5698599,288.69534,151.65208,0.6115691,287.54605,151.3,0.054045614,290.78372,154.58844,0.047115818,292.61673,150.27812,0.039647207,290.71945,149.9468,0.048347235,292.01212,148.51718,0.029084682,285.3875,152.55771,0.034079228
212,86,807.5509643554688,197.93931341171265,13.790130615234375,10.30810260772705,270.54565,119.45105,0.6133705,269.77728,118.42912,0.58564484,267.79898,119.577896,0.57114285,267.2605,118.7091,0.6065197,266.83206,117.59994,0.054383844,268.15524,121.08044,0.046077732,270.03763,116.298355,0.038711347,268.3098,115.971054,0.043177653,267.8152,115.934875,0.029647276,261.0893,119.88881,0.03668225
213,1,1202.13134765625,509.63622665405273,117.91726684570312,104.27063941955566,382.51556,305.4035,0.76476645,402.16235,331.4398,0.6678676,390.74533,305.25818,0.16513443,416.92673,327.35406,0.27235734,413.97806,354.26715,0.026097842,392.98618,337.5132,0.008182583,401.4441,313.2356,0.0022604289,388.5401,314.78113,0.005339664,391.23486,312.57706,0.0073838797,376.44775,312.0551,0.002799727
213,7,966.4597778320312,355.1316919326782,55.35003662109375,45.53494834899902,312.76315,215.14967,0.829183,319.14813,222.81027,0.8226934,321.10272,217.93298,0.19519153,330.62518,221.56987,0.5394734,336.65445,211.8297,0.02098265,325.4278,225.93764,0.02015648,322.26456,225.28282,0.0072574434,311.67615,217.32909,0.016472632,327.0125,214.53683,0.0071881847,311.05334,218.52731,0.012467617
213,22,872.7540893554688,252.86076164245605,21.569000244140625,13.709418296813965,293.75983,153.43689,0.65781623,292.0121,151.8439,0.63829035,289.81296,153.39128,0.56746227,288.42303,151.65733,0.6115604,287.2057,151.29887,0.05440859,290.6715,154.60272,0.047938243,292.48752,150.35417,0.040536705,290.5883,149.97412,0.049323324,292.0513,148.52132,0.029616093,285.36813,152.48123,0.03447167
213,86,806.7535400390625,198.17191886901855,13.426483154296875,10.154650211334229,270.1229,119.44562,0.61799395,269.39297,118.49242,0.5914376,267.4993,119.61185,0.5630315,266.8821,118.75115,0.6073654,266.506,117.60579,0.05467806,267.9267,121.16618,0.04716177,269.9025,116.42786,0.039177917,267.9975,115.9793,0.04441716,267.84207,115.86836,0.030125147,261.02237,119.99471,0.03707055
214,1,1207.7144165039062,512.8652286529541,123.56478881835938,107.7857666015625,383.87497,307.34518,0.7477427,403.9771,332.5634,0.66366243,392.01068,307.06027,0.17717314,419.4488,327.65768,0.2891566,415.49582,354.3619,0.026555587,393.9229,338.41254,0.008037942,402.78207,313.27945,0.0021018272,390.15332,315.74393,0.0049435226,393.0981,314.4646,0.0073917364,376.50345,312.38873,0.0025912703
214,7,967.3685302734375,356.30013942718506,56.572174072265625,46.18444633483887,313.62976,216.08702,0.7533084,319.6659,223.69266,0.7305993,322.3569,218.98703,0.25023282,331.2313,222.22531,0.558236,334.97687,215.95193,0.03768324,324.83344,225.19504,0.04812478,325.46042,223.10986,0.016743323,311.4639,216.93343,0.034547992,324.07993,214.78592,0.020257676,313.66843,220.50777,0.03568085
214,22,872.1018676757812,253.49226093292236,21.564239501953125,14.035017013549805,293.58655,153.99188,0.65555054,292.01096,152.29419,0.6357281,289.5903,154.0116,0.5697334,288.2356,152.06253,0.61273247,286.86237,151.773,0.0528908,290.56067,155.12668,0.045533348,292.43472,150.79813,0.03905101,290.38092,150.47247,0.047694,291.81573,148.98628,0.028309235,285.34714,152.8264,0.032530684
214,86,806.0864868164062,199.17112970352173,12.33416748046875,10.205826759338379,269.993,120.07271,0.6157526,269.13977,119.36972,0.59380424,267.5058,120.12752,0.54024154,266.73886,119.51261,0.5964418,266.16278,118.4764,0.055482995,267.6413,122.01882,0.047101457,269.6783,116.97936,0.03903662,268.0471,116.45591,0.045534614,267.71066,116.50842,0.030526852,260.724,120.54686,0.036392573
214,87,1249.1764526367188,519.3524322509766,212.17080688476562,121.97069549560547,383.2777,306.99637,0.8153627,407.0757,333.89584,0.6543437,388.58905,305.3277,0.13700897,423.24115,330.88315,0.20660143,419.08887,371.97662,0.038081884,414.25598,345.00116,0.038601365,408.6055,316.15335,0.028028829,389.46695,318.5233,0.014448029,394.89145,313.04025,0.02798895,384.64078,321.8978,0.028917408
215,1,1220.0335693359375,517.4733066558838,142.740234375,113.82261657714844,385.70355,309.82156,0.72718924,407.22906,335.4969,0.6529623,393.2868,308.8614,0.18556546,423.0486,329.60767,0.2972295,418.61505,356.5499,0.025274875,395.4589,340.65674,0.007122403,405.1178,314.76028,0.0016195094,392.3665,317.2585,0.0040397597,395.22,316.8131,0.006463753,376.25302,313.73373,0.0020396188
215,7,968.8092041015625,358.4653902053833,55.542572021484375,45.23383712768555,314.37357,217.42894,0.7642509,320.28537,224.62297,0.74458045,322.9467,220.17833,0.25129566,331.75818,223.29192,0.5607761,336.04797,216.89882,0.036532566,325.81332,226.38232,0.04210865,325.4122,224.22536,0.015409844,312.06384,218.04874,0.032163486,324.5285,215.52667,0.018428056,313.71606,221.19559,0.030639863
215,22,872.2944946289062,254.40342235565186,20.84820556640625,13.982694625854492,293.77798,154.33606,0.64947814,292.16403,152.68358,0.63203055,289.84662,154.37476,0.57199526,288.4167,152.42941,0.6109164,287.0189,152.30667,0.052565496,290.6215,155.46614,0.04343916,292.49088,150.99306,0.03733682,290.63925,150.772,0.0457243,291.61633,149.34935,0.027133355,285.23056,153.17633,0.031204402
215,87,1254.5304565429688,521.2083320617676,215.72616577148438,124.03779029846191,385.108,309.99277,0.82853705,409.5893,338.04944,0.66596794,391.75195,308.62643,0.124785036,427.4206,334.59454,0.19241853,421.82358,375.97598,0.029970754,415.29636,349.35364,0.025655678,412.3063,319.09204,0.015746973,392.14362,323.5704,0.010441001,397.8638,315.55164,0.01827778,384.67844,324.36136,0.017940776
216,1,1224.1334838867188,519.6558609008789,147.21780395507812,113.02799606323242,386.20474,310.84628,0.72492605,407.77176,336.08426,0.65365964,393.26022,309.62823,0.18562071,422.36557,330.6216,0.29822966,418.79715,356.10303,0.025242073,395.03967,341.24564,0.0068577672,405.10385,315.91592,0.0015178098,392.76495,317.66183,0.003884362,394.65182,317.8471,0.006187827,376.6965,314.80804,0.0018996991
216,7,969.8280029296875,360.80148696899414,54.642974853515625,45.18939399719238,314.7451,218.60133,0.78091294,320.38486,225.84482,0.76640904,323.32635,221.17159,0.23608792,332.00754,224.57071,0.5570361,336.8402,217.91716,0.035042252,326.46982,227.82803,0.037433155,325.05838,225.67352,0.013896104,312.38525,219.17885,0.030370472,325.1823,216.34935,0.016624058,313.50403,221.99611,0.026309915
216,22,871.6408081054688,255.16320419311523,20.13372802734375,13.90799617767334,293.65472,154.66493,0.6452963,292.02985,152.95735,0.6272767,289.5301,154.65916,0.5711339,288.13626,152.54326,0.60434645,286.4988,152.41093,0.0536512,290.43408,155.70839,0.04405614,292.39935,151.09312,0.037247293,290.46332,151.0012,0.0459653,291.0808,149.62993,0.027039168,284.84262,153.52676,0.0314477
216,87,1253.8805236816406,520.6814002990723,209.309326171875,118.49439811706543,385.81705,310.45416,0.8277821,408.1435,337.96286,0.6719605,391.31787,308.22437,0.13058782,424.27182,334.66382,0.20104073,420.22372,372.91772,0.03165194,413.7388,348.61282,0.027115617,410.82474,320.42584,0.01717205,392.30768,323.30524,0.010971741,396.20224,315.09,0.018629301,385.49487,324.55954,0.018885897
217,1,1228.2650756835938,521.7733726501465,152.2174072265625,114.67481231689453,386.95602,313.2619,0.7539068,408.02704,338.42435,0.6579871,395.87073,313.09576,0.17196913,424.32098,333.30786,0.2707606,417.28677,362.81546,0.030738654,400.6037,343.57132,0.013840916,411.03143,317.88937,0.0036839936,394.4942,321.63278,0.007660211,401.47784,320.48904,0.012023715,377.89243,316.78094,0.005035772
217,7,970.5822143554688,362.42780685424805,54.8228759765625,44.89453983306885,314.7961,219.32219,0.79241455,320.6061,226.59001,0.77874964,323.40588,221.8235,0.22703008,332.32352,225.3529,0.5536575,337.4785,218.25421,0.033021275,326.96033,228.78442,0.033740915,324.83475,226.66371,0.012498424,312.42157,219.93611,0.028014382,325.46484,216.97461,0.014830542,313.2365,222.52867,0.023299046
217,22,870.5584716796875,255.39067268371582,20.047210693359375,13.89455509185791,293.10135,154.75763,0.6462637,291.778,153.11256,0.6293069,289.15372,154.82227,0.5644199,287.8906,152.72281,0.60321796,286.29086,152.48067,0.052434113,290.2527,155.91821,0.043281637,292.30276,151.3328,0.0363775,290.04645,151.17459,0.045476932,291.00665,149.63408,0.02631974,284.71017,153.69562,0.03070467
217,87,1254.9706420898438,524.9582405090332,207.30917358398438,121.36873054504395,388.20273,313.26865,0.71982443,410.13696,339.2772,0.5858643,399.71613,314.47675,0.20405068,431.7661,333.1566,0.27696002,436.6159,361.5575,0.019396016,419.50513,338.72522,0.0049889833,409.63297,324.87463,0.002046199,392.62033,322.9269,0.0018608273,403.05692,315.4575,0.0026074972,408.47385,319.40808,0.0016811241
218,1,1229.8269653320312,523.0326118469238,149.03512573242188,114.56589317321777,388.7548,314.9836,0.7396753,408.98526,339.66647,0.653612,397.53897,314.5202,0.17962104,424.96915,334.4082,0.2794218,417.56787,362.6866,0.03121914,400.8146,343.9766,0.013385877,411.99133,319.30823,0.0033675581,396.2598,322.63315,0.0073473044,403.2499,322.11142,0.011574826,378.47342,317.4475,0.004605415
218,7,971.9668579101562,363.3754291534424,54.290130615234375,45.40622806549072,315.1691,219.65363,0.79807854,321.18857,227.12595,0.786412,323.78027,222.1618,0.21521957,332.90952,225.9513,0.54651576,338.23996,218.65352,0.032461967,327.6676,229.43588,0.03165827,325.06293,227.03062,0.011755503,312.80832,220.3538,0.026846679,325.55725,217.15407,0.0142318085,313.22943,222.88531,0.021599168
218,22,870.1760559082031,255.2892723083496,19.758544921875,13.838988304138184,292.9404,154.77373,0.6467587,291.6242,153.16745,0.63183755,289.06772,154.85222,0.5634574,287.8871,152.82866,0.60478514,286.299,152.60226,0.05259008,290.18228,155.96075,0.043615256,292.18448,151.45633,0.03685099,289.9467,151.25328,0.046106085,291.04837,149.6645,0.026606718,284.78455,153.7305,0.030912595
218,87,1255.8934020996094,526.2434349060059,202.1414794921875,120.42893600463867,389.65173,315.5873,0.7049101,411.4229,341.2567,0.579433,401.30762,316.70212,0.20547675,432.5172,335.47937,0.28379935,436.7458,362.21265,0.020344662,418.8046,339.9065,0.00467316,409.90442,326.6115,0.0018339256,394.1865,324.62238,0.001801545,404.01804,317.83377,0.002488424,408.83517,320.75177,0.0014792995
219,1,1238.7030029296875,523.8298072814941,158.36618041992188,111.78683280944824,390.1514,316.08884,0.7218179,410.55078,340.97314,0.61562705,400.3365,316.53705,0.18701929,429.94144,336.25574,0.30308458,430.1056,359.20013,0.022409588,408.19775,342.1707,0.0046536364,408.69458,325.62943,0.0012909455,394.3676,324.69913,0.0024560287,402.06268,320.6316,0.0033952293,392.48175,318.8534,0.0012350755
219,7,973.2943725585938,364.0475091934204,54.690216064453125,46.00312042236328,315.55606,220.02919,0.8045329,321.7337,227.79335,0.7968195,324.00497,222.50372,0.2031208,333.41516,226.59444,0.5406726,338.7934,219.11295,0.032097455,328.36212,230.19286,0.03028914,325.18875,227.43573,0.011170966,313.12836,220.77101,0.025995923,325.45026,217.4668,0.013642442,313.1178,223.39609,0.020252485
219,22,869.7344970703125,254.9304313659668,19.609222412109375,13.646255493164062,292.70258,154.48553,0.64711934,291.3671,152.92877,0.63224524,288.88736,154.61487,0.56175494,287.65796,152.60022,0.6051805,286.11575,152.33342,0.053650957,290.00388,155.68697,0.04561946,292.12106,151.29205,0.038255714,289.75848,151.0611,0.047809005,291.09088,149.37366,0.02770651,284.77692,153.52441,0.03233856
219,87,1261.6089477539062,530.5284118652344,211.23898315429688,125.10267448425293,390.57156,317.42343,0.6692277,413.05557,337.32312,0.58568573,402.26346,316.67224,0.25633338,432.61716,333.0938,0.26970527,442.9708,364.84833,0.03882419,433.50845,338.11102,0.018006923,419.16428,328.28897,0.009304279,393.5846,320.0827,0.004519854,408.63474,317.88712,0.008512409,428.37817,322.1922,0.00799991
220,1,1250.8939819335938,525.056396484375,173.76992797851562,110.81742668151855,391.58167,318.1534,0.7088729,412.05066,341.53745,0.6142791,402.585,318.92084,0.19237635,432.4065,336.5981,0.31658462,431.22986,358.74466,0.023020368,408.9161,342.77667,0.00440793,409.77237,325.288,0.0011575669,396.3476,325.84625,0.0022152544,404.3533,322.3678,0.0032795488,392.3655,319.00372,0.0010934632
220,7,974.6625366210938,364.4754867553711,54.938323974609375,46.61430358886719,315.8414,220.47958,0.8086139,322.0826,228.37465,0.8033607,324.1862,222.91321,0.19637729,333.72485,227.1496,0.5360598,339.1507,219.58179,0.031673264,328.80225,230.866,0.028811507,325.23,227.93037,0.010658669,313.4502,221.24965,0.025139693,325.46173,217.87302,0.013072206,313.0444,223.88069,0.01899167
220,22,869.654296875,254.5881471633911,19.38665771484375,13.444175720214844,292.61655,154.28839,0.6477933,291.25143,152.73723,0.6328093,288.8801,154.4008,0.56226265,287.6792,152.43074,0.6056238,286.21497,152.12518,0.054008123,289.9578,155.47452,0.04649701,292.12204,151.16583,0.03886367,289.70523,150.90445,0.048524905,291.18997,149.18193,0.028182624,284.8224,153.36461,0.03306738
221,1,1261.6478576660156,527.4809417724609,186.457763671875,113.84321594238281,392.82794,320.2447,0.79739326,415.1739,343.45624,0.67216414,402.12628,319.62982,0.14288828,435.37854,339.07626,0.2223748,423.40607,375.83154,0.031738777,415.49896,354.75964,0.020071011,420.14236,323.9877,0.007838611,400.47888,332.81372,0.009766738,408.6208,324.76114,0.015130415,389.38864,327.2706,0.0101161385
221,7,976.4848022460938,365.3756790161133,54.706512451171875,47.07480239868164,316.39932,221.11783,0.8125271,322.56863,229.16428,0.8111924,324.58597,223.3911,0.18845902,334.20096,227.90417,0.52861243,339.65668,220.33734,0.030939272,329.3142,231.76642,0.026812803,325.25595,228.64732,0.009975001,314.12958,221.98656,0.023793267,325.5578,218.53003,0.012249245,313.014,224.57095,0.017345706
221,22,869.6231689453125,254.59811210632324,19.41815185546875,13.246962547302246,292.58932,154.14812,0.6478924,291.2154,152.63284,0.6313054,288.90518,154.378,0.56089705,287.5385,152.33308,0.60450226,286.22232,152.00247,0.05370692,289.9132,155.3465,0.046240658,292.1366,151.07614,0.0384569,289.70517,150.82555,0.04821099,291.27368,149.08746,0.027999422,284.7817,153.29607,0.032950792
222,7,977.4179077148438,366.82440662384033,56.318756103515625,46.39687728881836,317.64764,221.58795,0.7267102,323.1116,230.32845,0.7136821,325.4358,224.76793,0.25754005,334.37024,228.54338,0.5476545,336.90094,223.31061,0.044621486,327.20892,231.08014,0.05643095,327.293,227.57457,0.020430654,315.58615,222.46466,0.037061155,322.68356,221.94504,0.02461025,315.8708,227.62726,0.045443773
222,22,869.1201782226562,254.70950317382812,19.6051025390625,13.242559432983398,292.1271,154.11528,0.65058583,290.9819,152.58392,0.63495433,288.51886,154.41565,0.55735207,287.17865,152.39667,0.6083637,285.86218,152.00311,0.053487346,289.74698,155.37466,0.047058307,291.97214,151.182,0.039528865,289.29623,150.85373,0.049769625,291.35068,148.92833,0.02864043,284.8719,153.22806,0.033298276
223,7,978.290771484375,368.17909812927246,56.922271728515625,46.16073131561279,317.88623,222.17563,0.735535,323.60037,230.96059,0.72100526,325.9944,225.47545,0.24943654,335.18127,229.20413,0.544419,338.36743,223.76129,0.040423255,327.97757,231.81102,0.04773104,327.63083,228.1321,0.01687282,315.50116,223.0446,0.032278977,322.88696,222.18567,0.020958016,315.62454,227.91457,0.03783483
223,22,868.4848022460938,254.71352005004883,19.821533203125,13.332037925720215,291.78265,154.09563,0.64960074,290.81897,152.60127,0.63565093,288.29214,154.4629,0.554454,286.9534,152.4567,0.60983676,285.5697,151.94717,0.053114884,289.577,155.45334,0.04745783,291.9592,151.22342,0.039779138,289.0127,150.89903,0.050100945,291.26212,148.83243,0.02862276,284.84375,153.23079,0.03342946
223,1,1272.9613952636719,539.9624061584473,193.112548828125,134.3019905090332,397.4947,326.7218,0.84533554,425.05115,354.45346,0.6676206,404.66306,324.86172,0.11747401,445.5143,349.9699,0.17800899,440.10696,396.16415,0.024076758,433.23862,369.33032,0.019844254,427.74863,335.66785,0.011486428,405.40115,341.66275,0.0077954363,411.71872,330.3839,0.0140330875,397.2504,342.7868,0.014275592
224,7,980.1485595703125,369.9873104095459,55.360931396484375,46.21475315093994,318.57898,223.57127,0.74722457,324.05905,232.10892,0.73717296,326.98135,226.66766,0.2400433,335.86816,230.38669,0.54363227,339.91705,225.25732,0.03810869,329.1198,233.22656,0.040096253,328.03543,229.16437,0.014254096,315.85486,224.10013,0.029791793,323.4251,222.38995,0.018604416,315.4518,228.66057,0.030358411
224,22,867.7692260742188,254.7627010345459,20.172454833984375,13.606395721435547,291.48898,154.31937,0.6488967,290.64465,152.81743,0.6336781,287.8961,154.66302,0.5482669,286.49878,152.66685,0.6059245,285.13226,152.16159,0.05269771,289.3749,155.71028,0.046757706,291.77896,151.49411,0.039528314,288.65967,151.18672,0.049738877,291.187,148.89186,0.028309895,284.6419,153.20595,0.03295184
224,1,1277.0167236328125,544.0530796051025,193.67202758789062,139.79821014404297,398.36044,327.92136,0.8537526,427.45468,357.69614,0.6672982,406.16672,326.419,0.10778085,447.59055,352.82684,0.16907844,443.11716,399.13977,0.020480985,434.1638,371.82526,0.01546303,429.66275,337.96536,0.007901656,406.92477,343.65656,0.0063117235,412.94357,331.91177,0.010751603,397.5516,344.34534,0.010269775
225,7,981.2444458007812,371.07954025268555,55.0338134765625,47.02786159515381,318.4923,224.52122,0.75648624,324.20685,233.17192,0.7508651,326.9627,227.62663,0.22812612,336.08896,231.42752,0.54043514,340.4925,226.19711,0.037033416,329.71478,234.41116,0.036515437,327.99936,230.18202,0.013051442,315.6744,224.99829,0.028661976,323.51413,222.9031,0.017350614,315.13113,229.40524,0.026801197
225,22,867.2266845703125,254.5297737121582,20.4276123046875,13.765345573425293,291.28232,154.2765,0.65092343,290.50705,152.78453,0.6357883,287.70767,154.57224,0.5446787,286.3915,152.6557,0.6058347,285.01688,152.10907,0.052683134,289.2657,155.6977,0.04742276,291.7091,151.51933,0.039834004,288.43494,151.16382,0.050416306,291.21597,148.79181,0.028648356,284.595,153.11028,0.03327473
225,1,1281.0158386230469,547.0137748718262,191.846923828125,144.07819175720215,399.6813,329.16702,0.8582431,429.04486,360.01083,0.67187643,408.3831,327.50403,0.101154484,450.36798,354.51297,0.1626941,444.559,402.05032,0.018589038,435.40326,373.58792,0.013151889,431.74258,339.08423,0.005994932,408.63123,345.40402,0.005655474,415.87976,333.31018,0.009257122,398.04742,345.0789,0.008285323
226,7,982.3646850585938,372.00208282470703,54.897491455078125,47.2505407333374,318.89084,225.18982,0.7583499,324.5745,233.7505,0.7557142,327.30258,228.1412,0.22704242,336.46655,231.93896,0.53863186,340.9949,226.90793,0.036508046,330.26578,235.07063,0.034070738,328.1634,230.65543,0.0123308785,316.04413,225.47952,0.027723046,323.53714,223.22931,0.01652713,315.07007,229.9274,0.02463195
226,22,866.6867980957031,253.89835166931152,21.08953857421875,13.73375129699707,291.14093,153.98874,0.6504285,290.2964,152.46255,0.6340609,287.55392,154.30464,0.54656917,286.10132,152.31792,0.6050818,284.7388,151.71008,0.053602807,289.05908,155.35275,0.049418524,291.70566,151.23386,0.04101898,288.2849,150.90947,0.051927943,291.21863,148.4658,0.029520774,284.53107,152.8826,0.034727376
226,1,1285.7415161132812,549.6186676025391,192.2186279296875,147.39232063293457,400.42316,330.28625,0.8543904,430.56967,361.09503,0.6670667,409.6597,329.13263,0.1035302,452.08832,355.25333,0.16624598,445.84042,402.9824,0.018689876,435.9628,374.1483,0.012791958,433.138,339.795,0.0054714847,409.75702,346.41367,0.0057740016,417.90332,334.50766,0.009230531,398.9801,345.4198,0.0078029498
227,7,984.1906127929688,373.29683017730713,54.646270751953125,46.60173797607422,319.5842,225.75333,0.7565097,325.2907,234.26237,0.7562909,327.84756,228.52875,0.22908802,337.19077,232.37103,0.5345679,341.85822,227.56924,0.035092447,331.02643,235.57329,0.030302666,328.48978,230.9372,0.011234339,316.67426,225.79759,0.025458356,323.55658,223.63132,0.0150212785,315.03882,230.3476,0.021966368
227,1,1292.7523498535156,551.4615898132324,196.87554931640625,150.1684970855713,402.6411,330.76337,0.7457576,428.6101,362.23557,0.58729714,417.84344,330.37503,0.15525688,454.1854,355.3249,0.22284742,457.58716,389.26056,0.013626013,437.01624,359.34183,0.0026907467,427.6448,344.01865,0.00089017197,409.16788,342.71817,0.0009976798,421.69357,332.4198,0.0013548357,422.11798,338.16852,0.0007946729
228,7,985.2014465332031,373.68826961517334,56.20880126953125,47.3690128326416,319.50482,225.66858,0.75753844,325.48636,234.58514,0.76404387,327.46292,228.42181,0.21807915,337.4707,232.64775,0.5293839,341.87103,227.72212,0.03495959,331.28268,235.7797,0.030576684,328.49667,230.86209,0.011246242,316.54678,225.73376,0.025404744,323.09604,223.76868,0.0147727225,314.89905,230.6663,0.021938235
228,1,1299.74560546875,553.5685958862305,201.75650024414062,155.31756591796875,404.39493,332.40164,0.7467403,430.54535,365.24106,0.58933705,420.08282,331.6737,0.1490449,457.3625,358.24274,0.21899286,459.70517,392.8984,0.012572092,437.46838,361.50204,0.0022082417,429.17456,345.739,0.00067351875,411.19727,344.9018,0.0008757042,424.12076,334.24872,0.0011589195,421.91367,339.49704,0.0006101211
229,7,986.2548522949219,373.6394233703613,56.356201171875,47.97157001495361,320.01724,225.17325,0.7485002,326.33633,234.4246,0.7617492,327.33493,227.96498,0.21919619,337.92328,232.4887,0.5277133,341.80975,227.51115,0.03495477,331.6282,235.3602,0.031142132,328.80585,230.0551,0.01171288,317.0733,225.2451,0.024712963,322.41144,223.87566,0.014601845,315.08212,230.7425,0.022775903
229,1,1307.199462890625,555.8121757507324,206.38211059570312,160.77459526062012,405.98557,332.9822,0.75006604,431.8127,367.19635,0.5921282,421.22556,331.74933,0.14423844,458.5495,360.1617,0.21327253,460.44223,395.51242,0.011886106,437.82953,362.68658,0.0019823066,430.28403,347.19373,0.00057677116,412.81125,345.7976,0.0008535518,425.7214,335.0557,0.0010706929,422.2113,340.5438,0.00054502644
230,7,988.061279296875,374.3440761566162,55.3037109375,47.85703754425049,320.5348,225.82225,0.75080156,326.7984,234.97984,0.76343715,327.94516,228.4601,0.21663873,338.64474,232.97475,0.5204463,342.86588,228.2094,0.033085544,332.31253,236.00517,0.027107267,329.07147,230.56493,0.010236155,317.56662,225.68109,0.022513634,322.66647,224.23186,0.013094808,315.00262,231.1998,0.01969867
230,1,1314.3014831542969,558.5547752380371,212.1002197265625,166.8804531097412,404.9898,333.97287,0.8261364,437.70132,370.53693,0.6525587,414.00644,333.10977,0.09906575,456.9875,364.31128,0.15556368,449.25708,412.11697,0.018272566,434.66306,378.7807,0.010544512,439.124,344.45703,0.0031935743,414.50394,350.1515,0.005258849,422.7204,341.74237,0.0075908653,402.9401,348.188,0.0050620125
231,7,989.9942321777344,376.06468963623047,54.9202880859375,47.02945804595947,320.86798,226.84215,0.8050058,327.20248,235.19028,0.8013843,328.76468,229.7023,0.19893871,338.91748,233.98073,0.5544378,343.5054,225.45563,0.027576298,333.10712,237.41713,0.034739852,331.51068,235.54863,0.011679258,318.82874,228.39912,0.024827985,332.94052,226.40541,0.01215208,320.22946,231.68976,0.022657206
231,1,1322.6060485839844,561.8069000244141,217.6878662109375,172.59389305114746,406.79276,337.1348,0.79195416,440.49167,374.5954,0.62566024,415.91522,337.4394,0.11767275,457.81183,368.44434,0.17590465,451.9397,412.89377,0.02026887,431.98846,380.28653,0.01055142,440.0406,348.87015,0.002906884,416.58014,352.773,0.005482547,423.52533,345.46054,0.0076296465,404.46863,349.99597,0.0043679215
232,7,990.9713745117188,377.073543548584,54.91021728515625,47.038933753967285,320.87268,227.34723,0.8125978,327.42828,235.63327,0.80429006,328.9881,230.30162,0.19566765,339.35544,234.36679,0.5500469,344.36456,225.49663,0.026665425,333.57767,237.99191,0.031822253,331.5298,236.28831,0.010660469,318.8472,228.98007,0.0231664,333.22556,226.80775,0.011343261,320.03445,231.93909,0.020697765
232,1,1332.13330078125,565.7267017364502,228.08908081054688,179.25835418701172,409.28156,343.3855,0.74646777,445.1837,383.56204,0.598942,416.1403,342.1188,0.13518861,458.11642,377.87006,0.18727425,456.8548,417.73322,0.019852158,428.61652,384.85,0.008085022,441.68057,358.5276,0.0017578831,419.1518,357.1101,0.004230089,422.68756,352.25092,0.0056926613,406.72043,356.03036,0.0025629008
233,7,992.2490844726562,377.90199851989746,55.599884033203125,47.21642303466797,321.09912,227.9655,0.82084423,327.9957,236.26878,0.8103235,329.2635,231.10185,0.18925929,339.76263,235.04642,0.54388255,345.11493,225.55334,0.025764832,334.1978,238.85568,0.029092878,331.53806,237.17778,0.009801669,319.27524,229.8827,0.0214095,333.41083,227.55312,0.010489922,319.9578,232.5195,0.018726692
233,1,1340.9907531738281,569.3236083984375,240.48724365234375,186.11619186401367,414.83484,349.53882,0.7869427,447.56055,388.18506,0.627915,414.9806,346.21848,0.1407172,452.02292,387.70535,0.17405835,469.2656,421.72675,0.017749695,447.58105,392.79132,0.01148775,442.34924,372.74524,0.0059760823,420.38815,360.83405,0.0031099042,413.19458,354.76202,0.004896664,437.65466,374.08374,0.0049960627
234,7,992.9369201660156,378.2740230560303,56.2716064453125,48.0779914855957,321.24365,228.21043,0.82594085,328.16544,236.87732,0.8166309,329.4816,231.481,0.17743391,339.99152,235.6159,0.5359113,345.60904,225.8796,0.024838354,334.506,239.49655,0.027065737,331.5835,237.71295,0.008969584,319.4548,230.33598,0.020127617,333.60443,227.96745,0.009771613,319.7616,232.89162,0.017166521
234,1,1359.2523193359375,585.1910934448242,233.66033935546875,169.85072708129883,430.99805,361.60538,0.8137992,454.4775,395.75748,0.6695164,430.89517,359.15967,0.13729946,458.82797,392.94733,0.21016635,468.32532,422.34747,0.025579592,453.63837,402.2227,0.019768368,451.49258,378.5005,0.010440485,436.66693,372.3142,0.0063402164,428.6065,365.8269,0.01013321,437.3553,380.9168,0.009957311
235,7,995.0487670898438,378.6528968811035,54.975311279296875,47.96121883392334,322.2515,228.38004,0.8237435,328.9808,237.0212,0.81476116,330.58322,231.6422,0.17693403,340.51297,235.82652,0.5316797,346.2943,226.42706,0.026060184,335.25626,239.65753,0.02643669,332.13416,237.56741,0.0091316365,320.60382,230.47874,0.020515356,333.89145,227.81764,0.010313842,320.27783,232.92029,0.01690881
235,1,1394.4652404785156,598.6766738891602,196.8526611328125,155.9952850341797,437.0182,365.79507,0.81818974,457.27222,401.31732,0.6724782,435.05167,362.6716,0.13690484,458.25357,398.65952,0.2103895,469.33405,424.14133,0.022076616,453.8357,405.9351,0.01511054,454.37057,384.93436,0.006484699,442.14413,375.75952,0.0060458374,432.392,370.76932,0.007720145,440.63785,385.4975,0.0069465577
236,7,997.0980834960938,378.79032039642334,54.057403564453125,48.43085861206055,322.68497,228.56499,0.8248088,329.57617,237.40657,0.81800735,331.02234,231.78508,0.1703458,341.18402,236.16331,0.5248975,347.02048,226.8804,0.026578004,336.06854,240.0159,0.025597792,332.47885,237.59087,0.008890885,320.97806,230.54443,0.020534763,333.76068,227.77512,0.010352537,320.33246,233.1562,0.016282875
236,1,1416.3847045898438,610.4795951843262,193.29629516601562,148.23493766784668,444.61703,376.68893,0.6472971,463.2713,404.24582,0.57361996,443.83636,373.16476,0.24443397,464.14468,402.66522,0.25560322,480.73557,424.67923,0.037535794,476.192,403.89282,0.025047934,463.49374,396.85956,0.011547825,444.97253,378.4094,0.0066645257,443.53882,377.30237,0.0077411076,483.66315,388.75964,0.009204129
237,7,999.1558227539062,379.2796325683594,53.971343994140625,48.771700859069824,323.33466,229.27364,0.8251112,330.325,237.98793,0.82077765,331.60522,232.30359,0.1705474,341.96326,236.67355,0.51990384,347.7527,227.6937,0.027202258,337.00632,240.71051,0.024186837,332.73416,238.0329,0.008634388,321.67273,231.03706,0.02041858,333.65024,228.05441,0.01027074,320.50403,233.66226,0.015270813
237,1,1429.5237121582031,617.6937503814697,206.724609375,152.8348274230957,444.1408,378.7943,0.6636809,465.46188,408.4328,0.5619948,443.71167,376.1516,0.2370916,467.56232,406.41238,0.2450099,484.72693,429.47327,0.027593788,475.74194,408.2527,0.016581627,464.61072,401.027,0.0072881766,445.4806,383.5293,0.004464676,443.47723,380.13818,0.0049624946,481.54578,393.0266,0.005637368
238,7,1000.7722778320312,379.89720153808594,55.733367919921875,48.93752574920654,323.4578,229.4322,0.8306413,330.81052,238.5341,0.82795185,331.70297,232.50334,0.15923128,342.77487,237.11662,0.51081234,348.6084,227.90413,0.02606032,337.76428,241.31436,0.022393867,332.92773,238.29274,0.0076994896,321.63608,231.16055,0.019033767,333.3517,228.27043,0.00937203,320.22205,234.09373,0.013906007
238,1,1441.8511047363281,622.0064849853516,222.71978759765625,163.64326286315918,446.28708,376.05347,0.8040784,468.47635,413.70102,0.6302043,445.4235,371.69482,0.13120386,471.87784,411.22693,0.18360345,481.7817,439.17334,0.012718312,467.96286,418.38965,0.006716509,464.42108,400.7957,0.002295403,450.93613,388.63126,0.003024378,443.3428,379.0022,0.0025961034,458.99387,397.21936,0.0023346571
239,7,1002.3876342773438,380.5635395050049,57.751190185546875,49.410590171813965,323.85043,230.20654,0.83888394,331.28738,239.52103,0.8352507,332.41583,233.26399,0.14891438,343.79077,237.87769,0.49908128,350.12607,228.73163,0.024842924,338.8386,242.51816,0.019389156,333.10165,239.31914,0.006401801,321.8816,231.91617,0.01738147,333.4891,228.74847,0.008336142,319.913,234.69395,0.011735738
239,1,1453.9274597167969,628.5725326538086,243.80364990234375,173.67201232910156,447.5067,379.26855,0.8352719,474.95834,421.46332,0.65269667,444.1924,373.9007,0.113518015,476.16464,418.43417,0.16984779,488.6664,451.50488,0.015432178,471.51962,426.5715,0.011011541,468.85043,403.5243,0.0046339105,454.00348,391.84134,0.0044780457,443.29858,383.16513,0.0050940416,454.24213,404.3955,0.0051595056
240,7,1003.4760131835938,381.07600021362305,59.405181884765625,50.1762170791626,323.95035,230.46033,0.84524953,331.46823,240.05844,0.84011096,332.81915,233.58339,0.13863078,344.3834,238.31464,0.48959196,351.13342,229.08107,0.023989435,339.4397,243.19388,0.017829297,333.19736,239.87657,0.005619618,321.8175,232.26047,0.016391719,333.6258,228.8934,0.007757214,319.62274,234.90872,0.01060221
240,1,1465.4036865234375,636.9582252502441,264.9708251953125,182.52556800842285,447.37375,380.92914,0.8384994,478.51917,425.67014,0.6407364,444.6613,374.38016,0.10203725,480.6055,423.26602,0.14331724,491.23163,461.7718,0.012047081,471.87936,431.15353,0.007425062,471.0156,406.89645,0.0027236883,455.83347,395.23157,0.0036932214,445.57236,384.34613,0.0036122887,453.5671,409.05734,0.003429692
241,7,1004.4911499023438,381.53371810913086,60.534027099609375,51.27900409698486,324.34604,230.92554,0.84541005,331.9815,240.8958,0.8450479,332.99963,233.93358,0.13083573,345.05295,239.02617,0.4791875,351.7396,229.9317,0.023377178,340.06757,243.95033,0.016379662,333.44763,240.28308,0.005188898,322.1891,232.6675,0.0153962495,333.46808,229.35222,0.007214694,319.4227,235.53604,0.009618959
241,1,1477.21435546875,643.585865020752,289.7311706542969,196.27559280395508,446.14972,386.98083,0.5843585,488.81586,432.46826,0.43902975,442.17087,382.09326,0.23932748,483.01746,431.0333,0.18345866,517.6934,458.65814,0.017002476,480.4494,421.3764,0.0054024425,474.79276,421.67392,0.0016838505,452.32047,392.9998,0.0012012601,442.07257,388.64337,0.0013206237,493.19534,412.7236,0.001254809
241,22,856.5313110351562,240.3079719543457,19.6519775390625,14.940693855285645,287.34155,146.19409,0.65286475,286.3708,144.23485,0.62414485,284.20718,146.28406,0.5944994,283.5805,144.22818,0.61781806,282.8659,143.13805,0.049733084,285.09402,147.53514,0.036964748,285.04013,143.04286,0.03274156,284.49167,142.49878,0.037929054,283.9385,141.80884,0.023179336,277.687,145.20346,0.02814832
242,7,1006.0036010742188,382.5073471069336,60.881561279296875,51.68748950958252,324.95743,231.75668,0.84367865,332.36176,241.86131,0.84749866,333.55515,234.49641,0.12645741,345.56137,239.87651,0.46926168,352.34546,231.33453,0.023022883,340.62402,244.91512,0.014581181,333.63547,241.06955,0.0047906796,322.9461,233.34676,0.014593319,333.79385,229.95361,0.006782816,319.39133,236.21431,0.008502338
242,1,1490.5470886230469,651.4114608764648,318.15802001953125,207.82699584960938,446.71527,389.51645,0.7521309,491.9729,430.22943,0.5623371,443.2795,386.5028,0.15364006,486.8744,434.62967,0.15679199,522.765,475.13684,0.022453526,492.93378,435.4744,0.016528362,479.7718,418.72958,0.010163942,453.24307,395.4328,0.0037950396,441.4088,392.60947,0.007413593,486.21088,423.94983,0.007251002
242,22,856.641357421875,239.45773315429688,18.821868896484375,14.629694938659668,287.51935,145.59624,0.65459657,286.42224,143.86017,0.6277105,284.48453,145.70639,0.5901561,283.7603,143.89879,0.6173987,283.23285,142.85149,0.050034568,285.18143,147.0194,0.0379557,285.17703,142.51875,0.03299963,284.6275,141.967,0.0384716,284.1528,141.29938,0.023609987,277.76343,144.81462,0.029075919
243,7,1007.6054077148438,383.55750274658203,60.67547607421875,52.448893547058105,326.88736,232.62141,0.77350503,332.56497,242.4115,0.77324414,335.59488,235.94156,0.19299792,345.6831,240.15001,0.52481693,350.88477,235.06818,0.032318264,339.0621,243.53067,0.030401533,336.5018,238.7452,0.009795289,323.94052,233.01431,0.024556514,331.43332,231.45198,0.0139591815,322.67975,238.62915,0.021125803
243,1,1507.3666076660156,660.0354881286621,350.31573486328125,221.60333633422852,448.0296,391.49,0.7451266,498.70844,441.27734,0.5063564,441.47623,387.14517,0.15672766,490.90625,445.71426,0.13999042,529.66254,490.60492,0.014618314,490.45386,443.40607,0.008791524,480.24112,426.96692,0.005018035,458.0176,400.32645,0.0026336785,440.69846,394.0805,0.003926324,483.29324,434.13995,0.003966358
243,22,856.1661987304688,239.15888786315918,18.309722900390625,14.34591293334961,286.80484,145.57748,0.6559917,285.80273,144.13681,0.63736206,284.4392,145.81631,0.57831734,283.7534,144.15274,0.61907375,283.36456,143.11406,0.049571518,284.94092,147.30602,0.03818932,285.12762,142.86746,0.032506354,284.34576,142.07623,0.039393175,284.2311,141.27629,0.02344032,277.8437,145.17992,0.028774789
244,7,1009.7850952148438,384.3992443084717,60.547210693359375,52.71400737762451,327.37314,233.4269,0.77461344,332.98282,243.053,0.77453446,336.244,236.57071,0.1940363,346.43124,240.6638,0.5184439,352.08627,235.90843,0.031155886,339.94022,244.28218,0.026308486,336.68835,239.47662,0.008486628,324.34082,233.54669,0.02266463,331.6435,231.8476,0.012545275,322.47995,239.0695,0.018160677
244,1,1526.8269653320312,669.2588539123535,376.5995178222656,230.71973991394043,454.60303,394.61432,0.5395621,509.8186,461.207,0.62101734,439.42157,384.74716,0.28519678,509.57736,457.73074,0.2823181,521.3195,487.1257,0.11712033,464.36243,416.9198,0.094695814,462.7823,451.18103,0.042244736,519.4831,435.89313,0.033182003,464.2493,442.29822,0.018914757,450.10727,424.89966,0.051583156
244,22,856.2529907226562,238.4708948135376,18.08203125,14.176122665405273,286.82285,145.20189,0.65352076,285.78873,143.6222,0.62903756,284.32928,145.3778,0.5824077,283.44064,143.62883,0.6162789,283.16937,142.5689,0.049775083,284.78342,146.76268,0.03900357,285.28064,142.39597,0.032863498,284.26056,141.70831,0.039533384,284.32898,140.78868,0.023909042,277.7076,144.66043,0.029692428
245,7,1011.9805297851562,385.4031801223755,60.287933349609375,52.18993377685547,327.6861,233.85623,0.77491456,333.3091,243.54544,0.7771951,336.52194,236.93295,0.1918028,346.8396,241.0977,0.5127953,352.6412,236.48204,0.030568793,340.45493,244.76123,0.024224073,336.76828,239.8716,0.007900452,324.596,233.85515,0.021635314,331.72507,232.1301,0.011783738,322.36694,239.34293,0.016700076
245,1,1547.5396728515625,678.7954330444336,413.5243835449219,247.44596099853516,454.68347,396.13315,0.53752893,514.7924,470.8578,0.63352585,438.35284,385.57245,0.27483246,511.5388,465.86572,0.25328472,525.3153,496.08832,0.106887154,462.19666,422.76718,0.08251758,462.37137,456.57605,0.03596314,525.82697,444.61026,0.026276497,467.07425,448.26172,0.015074235,445.66473,429.89716,0.043062385
245,22,855.4400024414062,237.46116542816162,18.435516357421875,14.21876335144043,286.3812,144.4757,0.6598699,285.38272,143.01884,0.6355164,283.9518,144.58167,0.577326,283.18405,143.0368,0.6187693,282.86395,141.90028,0.052235898,284.5412,146.04524,0.043893468,285.15027,142.0323,0.036276,283.76178,141.1952,0.043298196,284.53943,139.93591,0.026627729,277.75916,143.95287,0.033278007
246,7,1013.8298950195312,386.11236476898193,60.757415771484375,52.154348373413086,327.93045,233.92126,0.77381665,333.83182,243.7915,0.77416736,336.9028,237.12935,0.18880635,347.64868,241.25664,0.5049448,353.77008,236.58498,0.02890144,341.14432,244.95819,0.02151301,337.12338,239.96272,0.006928775,324.72318,233.90295,0.019536229,331.66367,232.29865,0.010587149,322.19287,239.40475,0.014990431
246,1,1568.138671875,691.0825939178467,460.39984130859375,264.13927459716797,454.7137,399.0626,0.52581984,533.9796,490.98428,0.65228754,437.65176,389.77408,0.27816132,531.46515,489.15427,0.27664262,520.0659,537.3432,0.08764025,467.7874,423.2883,0.09823952,454.2939,487.53253,0.027602602,529.094,474.60895,0.028190985,462.05823,467.36862,0.011061983,460.22345,435.58295,0.04456844
246,22,855.2415161132812,236.54822731018066,18.25506591796875,14.190516471862793,286.511,143.7763,0.6564973,285.3813,142.32312,0.6294813,284.05545,143.89352,0.58343303,283.2026,142.32921,0.6166162,283.00195,141.09518,0.05329224,284.55328,145.2626,0.04595815,285.32782,141.36662,0.037371945,283.88968,140.56537,0.04402956,284.64996,139.31625,0.027439605,277.68686,143.46017,0.035360277
246,99,803.0868530273438,196.5076446533203,12.425537109375,9.348957538604736,269.02463,118.26566,0.62369335,268.44788,117.46551,0.59577596,266.47134,118.245224,0.5476903,266.2678,117.625374,0.60341924,265.7797,116.79602,0.06176358,267.4757,119.99934,0.05907643,269.71686,115.66738,0.04606988,266.85928,114.95436,0.054230087,267.76126,114.25311,0.037810754,260.84018,119.107704,0.04568192
247,7,1014.992431640625,387.5741729736328,62.04180908203125,52.81123638153076,327.89554,234.47183,0.7816787,334.2147,244.78589,0.78301316,336.9366,237.72865,0.17408589,348.41052,242.14772,0.49263787,354.96582,237.16469,0.026792975,341.98764,245.9215,0.018347172,337.19376,240.80228,0.0057986765,324.45233,234.415,0.0173417,331.733,232.86513,0.009109254,321.6309,239.89394,0.012638397
247,1,1583.9300537109375,705.3451309204102,485.29083251953125,290.97015380859375,458.344,406.4819,0.5285565,538.5748,498.13605,0.58549017,437.73477,399.1615,0.2619344,531.4121,493.60474,0.20625089,540.10583,517.93823,0.036480866,450.7754,432.96002,0.027923163,473.17334,477.27744,0.0071594734,531.3181,462.61676,0.0048521096,463.27075,445.03043,0.0022979523,438.21854,463.01788,0.008785294
247,22,854.3293762207031,236.41304397583008,18.8485107421875,14.443811416625977,286.22467,143.90007,0.66012,285.22067,142.48982,0.6342513,283.73602,143.99997,0.57763183,282.9969,142.51973,0.6210348,282.61835,141.31616,0.054632194,284.42587,145.408,0.048107862,285.13263,141.58115,0.03964266,283.49036,140.70055,0.046490647,284.60757,139.35109,0.029209808,277.78812,143.35507,0.036634598
247,99,802.3839111328125,196.3882327079773,12.629608154296875,9.377706527709961,268.7293,118.027565,0.62720126,268.24326,117.2849,0.5997551,266.18158,118.04775,0.5442984,266.004,117.44678,0.6065505,265.49826,116.58592,0.06312451,267.39557,119.81078,0.062022913,269.66263,115.53952,0.04802393,266.5449,114.759315,0.05658716,267.7391,113.928665,0.039527986,260.8352,118.960655,0.04765582
248,7,1016.2628173828125,389.3023567199707,64.29739379882812,53.55201530456543,329.394,235.73187,0.759409,335.7107,246.39064,0.7179833,339.05505,240.26552,0.2004356,348.19998,243.74255,0.53163195,352.14233,236.98814,0.03855997,340.56537,246.72154,0.059356473,342.6363,244.55223,0.017846271,328.71866,237.91951,0.03586023,339.81186,238.24359,0.023729388,330.42453,244.1912,0.046522614
248,1,1593.8851318359375,722.5347862243652,504.55462646484375,315.6430435180664,459.55713,403.87454,0.5268257,546.5479,509.2238,0.67650795,440.52164,390.47577,0.26463568,537.6145,506.04297,0.23372664,534.1067,552.02515,0.07705577,468.06647,440.5857,0.08048575,459.92813,498.2785,0.021206234,547.97595,484.58722,0.018849248,472.33655,474.61502,0.0076858294,455.17773,444.08496,0.034814578
248,22,853.0885620117188,237.07237815856934,19.503936767578125,14.418551445007324,285.83838,144.34369,0.6653203,284.906,143.04947,0.64290416,283.366,144.47977,0.5649708,282.7737,143.08444,0.6205673,282.36838,141.98196,0.053215224,284.18265,146.0113,0.04673627,284.84393,142.16742,0.038284183,283.1472,141.18268,0.046140797,284.56116,139.82695,0.028415326,277.739,143.79727,0.03482385
248,99,801.3323364257812,196.31625080108643,13.036651611328125,9.284764766693115,268.29996,117.86374,0.62941533,267.87048,117.28134,0.60542816,265.8648,117.93573,0.5340164,265.6336,117.43592,0.6070585,265.0277,116.552246,0.06438116,267.12646,119.822205,0.06517699,269.61682,115.55302,0.049841784,266.28427,114.69047,0.059207115,267.73215,113.71207,0.041272745,260.81464,119.03468,0.049333744
249,7,1017.0010986328125,390.8442192077637,65.80416870117188,54.28627967834473,329.6125,236.70567,0.7724444,336.1314,247.53351,0.74355143,339.0123,241.18465,0.18746282,348.93884,245.06577,0.53371054,353.1819,237.98285,0.035356745,341.51288,248.08873,0.052286133,342.38284,245.4962,0.015229544,328.04236,238.81189,0.032409824,339.5476,238.69989,0.020075772,329.9295,244.62015,0.039050486
249,1,1603.2365112304688,739.7702751159668,512.621337890625,337.802038192749,463.6485,408.14337,0.5312008,550.974,516.2356,0.67589885,450.63538,396.07,0.2647658,540.62335,509.49622,0.22331733,539.9139,551.7982,0.072835505,470.52792,449.29617,0.072076276,467.6319,501.03857,0.019400788,552.18726,491.60944,0.016151357,479.68573,481.28598,0.0069038873,459.1575,450.68625,0.030487122
249,22,852.7439575195312,237.34887313842773,18.976776123046875,13.906914710998535,285.9542,144.20074,0.66214824,284.8567,142.87372,0.6387059,283.4612,144.39423,0.56811285,282.70917,142.90192,0.61875623,282.40274,141.80482,0.052990302,284.14642,145.86691,0.04647827,284.9672,141.92282,0.03758385,283.33875,141.02283,0.04554643,284.52747,139.76007,0.027957924,277.63556,143.93335,0.034680866
249,99,800.7647094726562,196.3454761505127,13.002593994140625,9.01818323135376,268.22324,117.858025,0.62995225,267.7607,117.32463,0.606185,265.87357,117.99933,0.529027,265.50897,117.495285,0.60533255,264.96912,116.54625,0.06463273,267.06528,119.878746,0.06539073,269.55258,115.60365,0.049928747,266.35596,114.690605,0.059702106,267.78098,113.80154,0.041405637,260.78867,119.176926,0.04935522
250,7,1018.1309509277344,392.3443937301636,67.001953125,54.68456840515137,330.1194,237.86993,0.78709245,336.75748,248.53687,0.7659837,339.20944,242.21167,0.17958574,349.8553,246.2567,0.5349244,354.54932,238.8151,0.032633957,342.76184,249.382,0.04478748,342.23492,246.45273,0.012929999,327.73132,239.6835,0.029002892,339.50174,239.16176,0.01688742,329.57608,245.04836,0.032138627
250,1,1611.4839477539062,752.530294418335,513.3122863769531,351.54763412475586,468.46405,412.68378,0.53389746,552.68134,519.8496,0.67031014,460.9194,402.9829,0.26921338,541.23895,511.78796,0.21889754,545.85626,550.3377,0.07068637,472.88782,457.78238,0.06541702,478.288,502.14377,0.018377317,557.3346,492.64703,0.014243781,484.18777,485.8476,0.0066238153,463.2943,456.96573,0.026309567
250,22,852.6417846679688,236.85819625854492,18.69451904296875,13.738823890686035,286.0501,143.86142,0.66114664,284.8857,142.54884,0.63639337,283.4765,144.07077,0.5709152,282.67218,142.57526,0.618645,282.37686,141.44441,0.053656727,284.13394,145.46744,0.047844507,284.9947,141.61671,0.038532156,283.35175,140.73398,0.04616695,284.5871,139.46303,0.02862376,277.6319,143.56332,0.035966147
250,99,800.6316833496094,196.14254665374756,13.02667236328125,8.958264827728271,268.19556,117.79395,0.6293458,267.7535,117.25275,0.60493577,265.84952,117.93286,0.5298341,265.50574,117.42065,0.6054698,264.98132,116.468544,0.06507719,267.07956,119.80764,0.065952376,269.56323,115.54492,0.050364852,266.33273,114.62101,0.060133267,267.77008,113.74289,0.04184551,260.7769,119.12991,0.049894053
251,7,1019.8386840820312,393.7060890197754,67.01669311523438,54.266916275024414,330.57553,238.3656,0.79710186,337.35895,249.02557,0.77792513,339.49014,242.69011,0.17409196,350.63123,246.79474,0.5346644,355.5741,239.05992,0.031315405,343.6776,250.05359,0.0412532,342.26886,246.86298,0.011779719,327.77893,240.04364,0.02706742,339.4143,239.419,0.015408896,329.472,245.28592,0.02908368
251,1,1618.4033203125,779.5578460693359,500.3356018066406,382.384729385376,476.24707,415.76404,0.53630555,561.9168,529.11597,0.7357348,469.44757,399.76218,0.25850528,548.72375,522.91626,0.23427078,549.65607,575.0807,0.13266724,502.59937,464.27725,0.1804252,479.04602,517.8286,0.048091486,576.6706,520.4364,0.050768886,492.66452,523.92773,0.024369013,495.25354,446.64273,0.083524704
251,22,851.8053588867188,235.70584201812744,19.51849365234375,14.105878829956055,285.81256,143.33081,0.66371715,284.66376,142.13957,0.63706535,283.1942,143.5078,0.5650127,282.41058,142.1271,0.61909366,282.03467,140.96516,0.055996068,283.941,144.9359,0.052629676,284.9345,141.2846,0.041939892,282.94763,140.31856,0.049837537,284.69034,138.87708,0.03161182,277.61246,142.89644,0.039476853
251,99,800.2421264648438,195.59648323059082,13.635040283203125,9.223185539245605,268.03125,117.52838,0.6321929,267.7244,116.98974,0.6082001,265.5953,117.645134,0.5316088,265.43982,117.168594,0.60950816,264.83337,116.23376,0.06615325,267.10873,119.537155,0.06892445,269.5643,115.31671,0.052217264,265.99683,114.400856,0.062126808,267.68124,113.314224,0.043453734,260.80762,118.8396,0.052004516
252,7,1022.3689270019531,395.01386547088623,66.89593505859375,55.036508560180664,331.25262,239.3319,0.8109223,338.07608,250.05902,0.7940219,340.21805,243.60004,0.16256613,351.722,247.81334,0.5283914,357.30737,239.94724,0.029528499,345.0772,251.32153,0.035063703,342.4673,247.75755,0.009832994,327.94034,240.77336,0.024513371,339.6274,239.73889,0.013444031,329.22046,245.73698,0.023949448
252,1,1618.2478637695312,817.7481422424316,468.6889343261719,448.0704402923584,483.01144,424.4801,0.5384476,566.0589,532.74426,0.7286932,478.21997,409.0824,0.24882714,552.1945,525.5272,0.23147333,556.71063,571.9075,0.1306191,507.97998,475.27563,0.16107404,488.6149,521.0655,0.045359705,580.67645,523.797,0.045707174,502.27838,526.2084,0.022769015,497.37476,457.1388,0.07494731
252,22,850.6827392578125,234.57990646362305,20.419647216796875,13.866900444030762,285.36612,142.57245,0.66366327,284.3311,141.51474,0.63464916,283.00488,142.78024,0.560161,282.26617,141.48521,0.6164705,281.99896,140.1199,0.057617377,283.7122,144.23273,0.057135876,285.02148,140.7743,0.04432244,282.63556,139.75797,0.052572094,284.78754,138.13443,0.03382132,277.52344,142.39069,0.04307619
252,99,800.2144775390625,195.22471618652344,13.63092041015625,9.239368915557861,268.0263,117.44066,0.630222,267.70786,116.80879,0.60322404,265.6667,117.54269,0.53562707,265.56064,116.99949,0.6077651,265.0568,116.01505,0.06614917,267.09616,119.37914,0.06868245,269.60983,115.227036,0.0519226,266.11945,114.32071,0.061615005,267.7261,113.321915,0.043389443,260.79724,118.87132,0.052214053
253,7,1024.5848693847656,396.4691333770752,67.76385498046875,55.55347537994385,331.36734,240.20659,0.8206601,338.45563,250.92487,0.80620176,340.28607,244.293,0.15326567,352.36542,248.66568,0.52166045,358.1771,240.61583,0.02912487,345.98938,252.39388,0.032369826,342.45297,248.58224,0.009026603,327.79053,241.45042,0.023756335,339.5834,240.03812,0.012675633,328.90045,246.2678,0.021492466
253,1,1636.7677001953125,832.2037467956543,470.8094787597656,460.6050510406494,491.65152,435.2359,0.54649675,573.7622,545.72,0.7315436,486.1342,420.70264,0.22292177,560.89636,534.1959,0.20221613,570.9009,584.2848,0.109838314,515.56726,488.73325,0.11886733,501.56323,529.80426,0.033217058,591.1931,535.75665,0.031104224,517.51587,536.53296,0.0154715115,497.35178,472.50555,0.05049126
253,22,850.1339721679688,234.17080307006836,20.931427001953125,13.889971733093262,285.2983,142.53764,0.6641491,284.25058,141.45015,0.6345887,282.84158,142.72572,0.55928326,282.07083,141.41373,0.6164624,281.7131,140.05142,0.058679067,283.6422,144.16818,0.058901403,284.9887,140.68315,0.04565296,282.48758,139.68251,0.054267947,284.72498,138.00989,0.03497037,277.4795,142.3261,0.044207998
253,99,799.982666015625,195.04645442962646,13.965728759765625,9.31481409072876,267.89783,117.30811,0.63242716,267.58887,116.64201,0.6048825,265.46762,117.37,0.53504443,265.4166,116.83167,0.60894674,264.84833,115.86189,0.06764413,267.02954,119.22724,0.07161672,269.56543,115.09037,0.05380208,265.94153,114.184105,0.06385262,267.67377,113.086266,0.045211267,260.7914,118.76447,0.054223154
254,7,1026.8706665039062,398.1112632751465,69.17367553710938,55.3873929977417,331.83102,241.2877,0.8235749,339.04684,251.79408,0.81268126,340.5647,245.17891,0.15272777,352.92462,249.49884,0.51596314,358.77954,241.54016,0.029405542,346.8844,253.41658,0.029731357,342.51294,249.41173,0.0085066445,328.2134,242.274,0.02316925,339.46967,240.62505,0.012084613,328.8,247.04062,0.019375376
254,1,1656.8622436523438,837.7449760437012,478.3736572265625,447.87175941467285,503.38297,442.14758,0.5339563,591.5945,559.70746,0.72922516,496.52127,428.8131,0.28799114,578.0429,555.3043,0.23785213,577.4558,607.0746,0.13390394,526.0993,490.66287,0.19389586,508.2577,547.6974,0.04435282,604.0186,550.9121,0.047989205,515.1141,553.4066,0.023743909,526.9094,475.89322,0.084953405
254,22,849.611572265625,234.52637386322021,21.191070556640625,13.944997787475586,285.16833,142.77982,0.6657898,284.11966,141.69574,0.6371528,282.5936,142.98775,0.5549318,281.82083,141.66924,0.61790484,281.34894,140.40486,0.059033863,283.49658,144.45222,0.05945192,284.87234,140.85416,0.0461906,282.30942,139.87825,0.0553766,284.61023,138.20532,0.035640664,277.45795,142.55522,0.044060525
254,99,799.7701721191406,195.144455909729,14.40948486328125,9.41420602798462,267.80316,117.22797,0.6335868,267.54007,116.66143,0.6082953,265.3424,117.31833,0.5319875,265.29965,116.83647,0.6109131,264.6346,115.87673,0.068431765,267.03052,119.21462,0.07334762,269.55457,115.034134,0.054984137,265.72604,114.10406,0.065372154,267.60153,112.901505,0.046181556,260.78027,118.62133,0.05527811
255,7,1029.0452270507812,399.5481204986572,69.80960083007812,56.2250919342041,332.44897,242.21326,0.82981575,340.02908,252.7909,0.82086384,340.96994,246.00995,0.14551389,354.11227,250.36102,0.50351685,360.03412,242.23846,0.029076928,348.2269,254.58336,0.026641164,342.74484,250.19495,0.0075094155,328.65286,243.0448,0.021507364,339.07532,241.3025,0.011042126,328.53033,247.89156,0.016957784
255,1,1672.5507202148438,839.9296932220459,467.2391052246094,436.557918548584,511.29562,462.40854,0.5083076,601.5301,580.2469,0.64463645,509.0454,456.18753,0.32481766,591.76215,575.8513,0.2513508,574.5949,615.1947,0.04906849,500.57315,505.33643,0.056885883,518.4551,562.85315,0.011441367,591.76733,554.52454,0.010165574,518.22217,532.0753,0.004195961,512.744,514.2157,0.021236483
255,22,849.1617736816406,235.1456937789917,21.06427001953125,13.734781265258789,285.26,142.9979,0.6687058,284.13278,141.84756,0.63922954,282.5194,143.24472,0.554116,281.65076,141.8306,0.62012726,281.17035,140.6129,0.060176775,283.59283,144.65657,0.060108993,284.77524,140.93175,0.047323298,282.33038,139.975,0.05688736,284.5347,138.39523,0.03653799,277.487,142.81657,0.044241395
255,99,800.1654052734375,196.13677883148193,13.6007080078125,9.034096240997314,268.11218,117.82572,0.6304864,267.7054,117.16593,0.6002948,265.63696,117.927,0.53050345,265.3146,117.266815,0.6046282,264.77206,116.40355,0.06564083,267.00888,119.7763,0.06694815,269.57495,115.4298,0.05050326,266.09332,114.5533,0.06102969,267.61337,113.685265,0.04279274,260.6129,119.145966,0.0504135
256,7,1030.7341918945312,401.6269054412842,70.30288696289062,56.882134437561035,332.60455,243.56783,0.8400476,340.79584,254.541,0.8362909,340.91562,247.29642,0.12905973,355.28958,251.9989,0.4820792,361.33325,243.3749,0.027053433,349.6013,256.5097,0.021819659,342.72726,251.81096,0.005985525,328.74945,244.32655,0.018738257,338.81125,242.5731,0.0090781115,327.85562,249.38571,0.01328409
256,1,1685.2708740234375,849.0475387573242,453.6067199707031,435.8368892669678,521.0547,465.46124,0.51191556,596.5441,566.0344,0.62348294,516.1563,463.28616,0.35337862,592.3707,564.71063,0.29124615,576.459,595.0759,0.07044259,509.6463,499.39752,0.07490558,526.491,551.39276,0.01866258,587.3913,545.4351,0.016805718,523.49164,527.6398,0.00803811,525.68317,510.8396,0.03396503
256,22,850.1157531738281,235.67126083374023,20.0625,13.42210865020752,285.80795,143.10956,0.6614919,284.63025,141.75435,0.62935674,283.00067,143.33249,0.5684821,282.00357,141.79518,0.6200802,281.56808,140.6225,0.05938478,283.86188,144.60077,0.056838296,285.08252,140.7668,0.04556447,282.89377,140.02483,0.053595092,284.53122,138.53534,0.034947693,277.56342,142.89441,0.04261217
256,99,800.1845397949219,197.41182804107666,12.6844482421875,8.78010606765747,267.98508,118.430824,0.62333363,267.52536,117.67598,0.58974886,265.71832,118.53004,0.52767426,265.22894,117.77087,0.59755766,264.74475,116.97583,0.06382262,266.6718,120.38429,0.06284566,269.50723,115.87593,0.047550604,266.2638,115.05643,0.05874368,267.53766,114.486,0.040917654,260.39154,119.88352,0.047207594
257,7,1031.8721923828125,402.9954500198364,71.4781494140625,58.71627616882324,332.83447,244.6483,0.84887445,341.11996,256.15475,0.8481415,341.29004,248.31462,0.113299266,356.10764,253.383,0.4642816,362.6408,244.7076,0.0251871,350.54565,258.2512,0.018263282,342.79266,253.33937,0.004829731,328.92654,245.49797,0.016606962,339.0811,243.48282,0.007754975,327.22006,250.45447,0.01065809
257,1,1696.4218139648438,842.4935417175293,434.439697265625,398.52124214172363,531.67883,474.5344,0.5135691,595.51843,559.1676,0.606917,524.9422,471.9348,0.36045685,594.19446,560.265,0.31530535,583.4833,581.2318,0.08429121,520.20886,501.88693,0.08139469,538.09,544.2906,0.024418712,588.66376,539.8313,0.021459298,531.89777,524.90186,0.011851048,534.70074,515.2173,0.041631818
257,22,849.5645141601562,236.14108085632324,19.9639892578125,13.348311424255371,285.6087,143.56007,0.65719694,284.51736,141.79129,0.62432605,282.63318,143.66129,0.5793513,281.6529,141.93619,0.62276083,280.86935,140.73502,0.061098892,283.663,144.8466,0.05844105,284.91824,141.00719,0.048115265,282.69525,140.37872,0.055831674,284.3193,138.64348,0.03650857,277.6033,143.01276,0.04365568
258,7,1033.2842102050781,404.6626853942871,72.21771240234375,61.09009552001953,333.43265,246.28854,0.8526862,341.2357,258.24368,0.85515517,342.30194,249.63655,0.101936474,356.84485,255.06505,0.44435027,364.26413,247.1913,0.023814324,351.50204,260.3468,0.014302966,342.9196,255.46768,0.003812052,329.52417,247.09761,0.0147304395,340.04483,244.55673,0.0066696927,326.58063,251.44817,0.008114724
258,1,1707.0325927734375,862.5769958496094,414.9254150390625,418.63271141052246,575.62366,501.54303,0.4747193,557.7007,509.6528,0.5377382,565.2068,507.51144,0.45633078,579.07086,522.666,0.41733247,560.2491,520.8236,0.33964822,560.7403,496.1947,0.3546784,549.405,509.7851,0.2321953,585.8357,529.1537,0.2135275,566.381,529.99646,0.23996925,587.3672,514.27734,0.33293828
258,22,848.55029296875,236.50579261779785,19.900726318359375,13.429369926452637,285.13626,143.95656,0.6620992,284.0726,142.24857,0.6338793,282.1613,143.99052,0.5686369,281.32727,142.38463,0.62262034,280.35263,141.24393,0.062399585,283.3535,145.33386,0.06049545,284.56204,141.48227,0.04991547,282.30948,140.76677,0.058792677,284.20074,138.9011,0.037939712,277.5859,143.36723,0.04434058
259,7,1035.3198852539062,406.65217208862305,71.06607055664062,61.688841819763184,335.07083,246.95174,0.7885904,342.3776,258.4696,0.7747029,344.09232,251.5345,0.16214472,356.22043,256.09735,0.4960162,362.57913,249.2385,0.024302432,348.48764,259.3701,0.022306118,345.35968,254.24701,0.006122398,331.83994,248.52327,0.01577689,339.09268,247.83372,0.009331729,329.9876,254.13994,0.016126107
259,1,1723.771728515625,870.4004287719727,392.4564514160156,400.272497177124,563.125,491.77307,0.52451545,605.1104,568.26056,0.60889757,568.63025,504.02438,0.45541367,588.5749,551.94977,0.33267727,561.34406,590.8053,0.25931996,552.67426,505.4157,0.29679948,528.9245,549.4484,0.17479998,588.72394,595.4554,0.17368938,552.93365,562.1133,0.12313187,586.1782,532.6275,0.2561272
259,22,847.7404174804688,236.42715454101562,19.676422119140625,13.21420955657959,284.90784,143.78172,0.6622874,283.7633,142.09303,0.6341656,282.0298,143.80653,0.56686443,281.19073,142.21657,0.6203968,280.31155,141.03549,0.06299846,283.18063,145.19229,0.06193973,284.5422,141.37143,0.0502609,282.22406,140.63683,0.05980502,284.2203,138.7202,0.038422924,277.46783,143.43864,0.04531428
260,7,1037.6123657226562,408.6803855895996,73.06155395507812,61.38422870635986,334.93875,248.24356,0.79543316,342.41574,259.9587,0.7863363,344.0624,252.64102,0.1502763,356.8707,257.29697,0.4838327,363.5842,250.73186,0.024279876,349.53494,260.82596,0.01966521,345.3759,255.62181,0.0054528005,331.43262,249.44788,0.015503815,339.13498,248.42809,0.008758866,329.42966,254.99527,0.013745489
260,1,1724.3373413085938,862.5148372650146,391.0462646484375,351.07673263549805,542.7466,495.9391,0.52367777,620.7757,577.1653,0.6852531,534.0513,480.70114,0.27926955,606.52985,578.12915,0.28761443,608.0428,608.70056,0.14038132,562.077,530.5647,0.17205377,548.47095,570.1782,0.056789506,622.532,570.7837,0.060436804,549.1711,571.79456,0.03174537,560.2237,518.6229,0.08500702
260,22,847.0314331054688,235.9486312866211,19.579559326171875,13.0354585647583,284.61667,143.40887,0.6629206,283.47244,141.76297,0.63393754,281.76938,143.43953,0.5630942,280.93933,141.88904,0.61904144,280.07877,140.58208,0.06491924,282.98846,144.85936,0.06605913,284.5385,141.04686,0.05280121,282.03247,140.3138,0.0628326,284.1817,138.35464,0.040608816,277.36316,143.34666,0.04823444
261,7,1040.2487182617188,410.4572353363037,74.74127197265625,60.74703884124756,335.32596,248.55319,0.7904487,343.17316,260.4627,0.7877218,344.01736,252.87198,0.14874387,357.58414,257.72473,0.4755808,363.94907,251.16017,0.02343583,350.14346,261.1401,0.018066404,345.6305,255.61649,0.0051360717,331.88193,249.54248,0.014337408,338.65558,248.95387,0.00796476,329.35278,255.61253,0.012685597
261,1,1746.9990234375,867.1764221191406,332.54754638671875,316.4938488006592,559.962,503.69388,0.78995305,615.3507,559.8386,0.4748958,548.52515,499.36932,0.14214464,606.709,558.95,0.14708124,639.6601,611.3182,0.012691236,598.48224,557.6072,0.006669525,592.24646,537.6285,0.0033855832,573.0008,514.38776,0.0042191646,557.9951,509.3431,0.005063639,579.352,548.40826,0.0041033574
261,22,846.1257934570312,235.93825435638428,19.855133056640625,13.089454650878906,284.10336,143.68823,0.6668564,283.11966,142.04637,0.6386695,281.23004,143.61194,0.55426294,280.61182,142.1363,0.6175964,279.60168,140.84882,0.065181464,282.66568,145.18413,0.06750682,284.2776,141.38383,0.053583737,281.53815,140.58945,0.06454684,284.03284,138.4965,0.041400757,277.22266,143.5418,0.048600383
262,7,1043.7236938476562,412.05180644989014,76.2132568359375,62.061201095581055,335.9435,249.34721,0.8270355,344.2991,262.22012,0.8505969,344.0221,252.36319,0.088104635,359.5181,258.97974,0.3938221,366.36475,252.02174,0.018225932,353.6322,264.0511,0.0073500276,344.41214,257.56415,0.0023465557,333.34326,249.39894,0.009219134,340.15457,248.30582,0.0040000295,326.3762,255.31694,0.004152263
262,1,1748.265380859375,868.6165237426758,267.02435302734375,273.82519912719727,559.763,513.8123,0.7434863,613.7908,556.0036,0.5068728,557.3425,506.47476,0.21397936,614.8643,549.8564,0.20278063,640.0,590.0124,0.010480934,594.02484,557.3019,0.0031426179,596.46533,541.8216,0.0006660942,572.94684,521.4541,0.0014511226,563.77264,513.3352,0.0019349435,581.7932,542.8537,0.0008957961
262,22,845.87109375,236.24768257141113,19.458709716796875,12.538344383239746,284.07788,143.60779,0.6627217,283.0744,141.87088,0.6342843,281.33493,143.55615,0.55942893,280.6388,141.97554,0.61533326,279.75974,140.60191,0.06453097,282.65503,145.09161,0.0659693,284.4798,141.23982,0.05189103,281.83865,140.509,0.062472146,284.00635,138.48875,0.039833587,277.1394,143.91782,0.047696795
263,7,1046.593505859375,413.82124042510986,77.97628784179688,63.44805335998535,337.0006,250.39442,0.8138479,345.43692,263.44424,0.8380581,344.98187,253.22292,0.08107959,360.7284,260.17258,0.36654666,367.40408,253.05199,0.016585648,354.132,265.3688,0.0060013654,344.64438,258.04373,0.0020112616,334.5675,249.9154,0.007935036,340.0654,249.95663,0.0034517583,325.98816,255.8787,0.003479725
263,1,1760.852783203125,867.4413299560547,209.96649169921875,224.32348251342773,574.7457,530.48413,0.49299565,588.95715,534.5153,0.4771703,576.78534,526.4896,0.337347,592.2378,537.35693,0.37091035,587.36127,543.40625,0.04994646,579.3614,542.0601,0.0145525215,586.07227,538.6843,0.0034604736,579.1569,532.0319,0.0075867246,577.42566,525.00226,0.0063800267,575.59845,531.5672,0.0029772115
263,22,845.6068725585938,237.20357036590576,18.984100341796875,11.885988235473633,284.09308,143.90123,0.66050875,283.031,142.16846,0.6336387,281.45474,143.98395,0.55899954,280.53754,142.30673,0.6123522,279.91785,140.87325,0.06151006,282.61542,145.42752,0.060240347,284.5107,141.47224,0.04734253,282.15448,140.75052,0.057751216,284.03317,138.98447,0.035824124,276.99844,144.57368,0.043598145
264,7,1048.36669921875,415.97400283813477,78.67153930664062,63.45812129974365,338.86636,252.80045,0.8005049,347.17032,265.21384,0.7851015,347.9389,257.75476,0.1447066,361.31485,262.9937,0.5083941,366.44495,254.24289,0.024019234,353.1302,265.89752,0.031894643,351.33014,261.94778,0.008153379,336.03735,255.2077,0.019261831,346.64407,255.51639,0.0107560875,337.35474,261.3435,0.022920547
264,1,1788.9303588867188,894.8341598510742,159.0772705078125,217.65479850769043,591.09784,545.3295,0.5777714,610.63416,545.4263,0.53249526,598.5712,541.5953,0.3162753,614.3427,549.0951,0.34544164,604.8342,563.46674,0.06672114,599.1404,561.45,0.036072556,608.2666,546.99194,0.012411423,600.9685,547.4062,0.023494022,599.2975,538.71716,0.022046292,588.8747,549.1367,0.013832755
264,22,845.2069702148438,238.19527530670166,18.92340087890625,11.687307357788086,283.97977,144.55247,0.6575357,283.0802,142.81021,0.63240606,281.47205,144.71077,0.55973095,280.55234,142.91873,0.61289525,279.94107,141.50375,0.057981003,282.57233,146.1279,0.05461066,284.46234,142.14232,0.043502916,282.09366,141.42152,0.05335803,283.92352,139.65451,0.03238421,276.94708,145.00653,0.039402667
265,7,1050.3188781738281,418.42074394226074,78.743408203125,64.04530620574951,339.02972,253.7113,0.8184232,348.0183,266.75958,0.8114147,347.943,258.65982,0.12239791,362.76685,264.5574,0.49298888,368.2735,255.22055,0.02178484,354.78876,267.61023,0.026671154,351.5559,262.95877,0.0064761024,335.57266,256.031,0.016979229,346.35184,255.86795,0.008917054,336.72943,262.2115,0.018110173
265,22,844.6626892089844,239.0800952911377,19.0902099609375,11.819735527038574,283.62314,145.07715,0.66194063,282.80075,143.54497,0.6434238,281.22638,145.26758,0.54808164,280.48376,143.72218,0.61680704,279.87546,142.3581,0.056652058,282.4685,146.86269,0.052849684,284.0764,142.95421,0.043000307,281.7809,142.03635,0.053226918,284.0011,140.22652,0.0316983,277.01328,145.34097,0.03760884
266,7,1052.3987731933594,420.0787353515625,79.91766357421875,64.9099645614624,339.27448,254.61877,0.82694113,348.75732,267.8288,0.82187504,347.98505,259.49738,0.113321416,363.87723,265.55524,0.4802343,369.6618,255.94731,0.020923886,356.10226,268.8165,0.023113025,351.7595,263.76068,0.005578383,335.47116,256.68466,0.01550049,346.12955,256.3679,0.007937258,336.2734,262.93692,0.015342591
266,22,844.6400756835938,239.1647071838379,18.9927978515625,11.734711647033691,283.84216,144.91185,0.66190815,282.9385,143.41805,0.6440994,281.42487,145.14767,0.5487052,280.59277,143.65378,0.6184262,280.05484,142.24861,0.056923967,282.61975,146.7107,0.053140167,284.1383,142.75829,0.043439772,282.00616,141.85846,0.053457085,284.06088,140.1724,0.03191362,277.11893,145.29721,0.037930865
267,7,1054.3994750976562,421.86928367614746,81.5181884765625,66.13158416748047,339.09955,255.90158,0.84752864,348.72275,269.11398,0.8354803,348.2178,260.7465,0.0995879,364.841,266.70145,0.4628058,371.60773,256.58276,0.019355042,357.35355,270.49905,0.018562572,351.4659,265.48538,0.004159531,334.52695,257.60968,0.0136744715,346.6535,256.9275,0.0066162357,335.33063,263.3117,0.011825718
267,22,844.4381103515625,238.42446899414062,18.859954833984375,11.581941604614258,283.57275,144.36105,0.66178095,282.67084,142.90443,0.6434619,281.26935,144.58629,0.5469107,280.4348,143.16397,0.61841613,279.92432,141.65916,0.059004486,282.47266,146.16562,0.057372715,284.2155,142.28069,0.04611831,281.83588,141.35248,0.056786142,284.0995,139.59172,0.03422405,277.10178,145.01282,0.040965594
268,7,1056.6074523925781,423.45195865631104,81.84796142578125,66.05397605895996,339.10223,256.23166,0.84853303,348.71805,269.66107,0.83996165,348.11783,261.06693,0.09370594,364.90063,267.20242,0.45439288,371.60074,257.18475,0.020380646,357.60574,270.99323,0.018940985,351.4571,265.8155,0.004312394,334.64734,257.93246,0.014441437,346.60657,257.12637,0.007007186,335.30304,263.77237,0.011865822
268,22,844.4110107421875,237.70452117919922,18.741668701171875,11.30284595489502,283.57944,143.92801,0.65906256,282.71167,142.35925,0.63628393,281.29663,144.20934,0.5518199,280.32812,142.64246,0.61651385,279.89536,140.94318,0.059960347,282.4449,145.67441,0.059249684,284.4565,141.75691,0.047157742,281.99884,140.95018,0.057410743,284.0911,139.22577,0.035071913,277.0668,144.92554,0.04264232
269,7,1060.0579833984375,425.1405658721924,83.16091918945312,67.13778591156006,339.70108,257.20807,0.85239375,349.4195,271.1909,0.8490739,348.8088,262.1387,0.08448712,365.95462,268.35104,0.43855894,373.13846,258.67288,0.019978546,358.9942,272.491,0.016420968,351.94104,266.88385,0.003659523,335.2926,258.91687,0.01345896,346.46347,257.8771,0.0063580135,334.96716,265.02695,0.009866039
269,22,844.2747802734375,236.22857666015625,18.913055419921875,10.959712028503418,283.38773,143.04301,0.6603614,282.53662,141.39917,0.63094306,281.03244,143.29677,0.5521998,279.94394,141.64949,0.6131101,279.52832,139.73672,0.06254276,282.25537,144.72226,0.065624684,284.64282,140.90588,0.050832357,281.81656,140.13069,0.061408635,284.18387,138.30614,0.038250286,276.95795,144.36461,0.047390126
270,7,1064.3992309570312,427.15744972229004,84.15582275390625,67.14303874969482,341.13748,258.89893,0.8489896,351.18304,273.06042,0.8479944,350.06125,263.9865,0.08587527,367.71603,269.70334,0.42306033,375.624,260.57138,0.018244905,361.0809,274.19882,0.0116628185,352.71002,268.43365,0.0027595572,336.87762,260.4483,0.010515677,346.48236,259.60947,0.004906735,334.71167,266.50955,0.0070619425
270,22,843.9369506835938,234.7606143951416,19.315155029296875,11.012266159057617,283.08047,142.49774,0.664373,282.2269,140.85344,0.6313233,280.6412,142.64423,0.5456646,279.53842,141.04604,0.60960805,279.04596,139.04878,0.065561384,282.01645,144.15944,0.07264894,284.61334,140.45886,0.05521149,281.38715,139.6386,0.06682763,284.27148,137.55226,0.042235397,276.8512,143.77739,0.052250464
271,7,1068.5775146484375,429.0772075653076,85.07199096679688,68.07165813446045,342.4876,259.53494,0.84716785,352.07346,274.1058,0.8622491,351.47845,263.55054,0.06042327,368.2684,270.3429,0.34224945,377.10605,261.86264,0.015336836,362.66733,275.92514,0.0046865824,352.13818,270.02194,0.0015552427,340.4228,260.71542,0.0068415515,349.8681,259.1838,0.0029830118,332.56863,264.81613,0.0026079873
271,22,843.7066040039062,234.28729248046875,19.601898193359375,11.082690238952637,282.98877,142.39156,0.6659823,282.1623,140.83662,0.63315433,280.51416,142.51512,0.54111034,279.45483,141.00418,0.6090844,278.9295,139.03859,0.06603375,281.9476,144.08937,0.07420847,284.56488,140.40202,0.05610278,281.2125,139.5543,0.06802204,284.27924,137.40828,0.043157276,276.8051,143.59883,0.05327365
272,7,1070.4233093261719,431.365385055542,85.8138427734375,68.6387586593628,344.71942,262.07333,0.8245679,354.1763,275.7647,0.8257092,353.55728,266.91028,0.11394973,369.72903,273.44812,0.48691484,374.5451,263.44925,0.021566952,361.79623,276.53427,0.027208261,357.77368,272.58444,0.006078447,340.7856,264.2886,0.017655136,353.83142,264.65756,0.008179863,343.19992,270.4684,0.017975787
272,22,843.462158203125,234.30006408691406,19.813568115234375,11.18748950958252,282.85675,142.38658,0.66772646,282.0865,140.90681,0.63547873,280.42514,142.53777,0.5372222,279.4384,141.0965,0.61038375,278.95004,139.10387,0.06606019,281.91928,144.14745,0.074780636,284.48618,140.46524,0.056610405,281.07547,139.58304,0.06870993,284.28076,137.44147,0.043610293,276.82303,143.58366,0.05360755
273,7,1072.3994750976562,433.3974609375,86.32443237304688,68.60075283050537,345.14267,263.041,0.83702606,354.78986,276.55655,0.8357475,353.77405,267.7613,0.10641899,370.74246,274.2757,0.47647288,375.98587,263.808,0.019970164,362.85394,277.59198,0.023103174,357.90558,273.33487,0.005061165,340.8083,264.93527,0.015483587,353.91464,265.19443,0.007011284,342.82184,271.07138,0.014832233
273,22,843.1805419921875,234.26483917236328,19.9921875,11.150153160095215,282.7731,142.27676,0.66882056,282.0233,140.85648,0.63617116,280.32614,142.42943,0.53447545,279.41748,141.04103,0.6101739,278.94617,139.03036,0.06648064,281.89584,144.07274,0.07599881,284.46515,140.3685,0.05720669,280.98065,139.47163,0.069574736,284.24155,137.37682,0.04426588,276.77316,143.57968,0.054440416
274,7,1074.211669921875,435.21520042419434,87.92111206054688,69.20421123504639,344.9254,263.52515,0.8506893,355.4374,277.56842,0.8474663,353.41293,268.52423,0.092264965,372.05942,275.24475,0.45558855,377.55823,263.6761,0.018070884,364.00858,278.7057,0.019418482,357.8839,274.20123,0.004020265,340.23712,265.48798,0.013108027,353.60477,265.95538,0.0057675536,342.13675,271.67844,0.012191003
274,22,842.8445434570312,233.92510414123535,20.264373779296875,11.097753524780273,282.62717,142.09207,0.6681951,281.87634,140.69383,0.6353112,280.2812,142.27791,0.532149,279.25595,140.90509,0.6084194,278.84506,138.82904,0.06689167,281.7374,143.90706,0.077351615,284.46317,140.30455,0.057979323,280.9728,139.40182,0.07039995,284.36224,137.20999,0.044990275,276.77783,143.45343,0.05547074
275,7,1077.19482421875,436.8283882141113,90.14859008789062,71.10470867156982,345.53336,265.1119,0.8662434,356.8349,279.42676,0.86746377,353.5408,269.80356,0.07806696,373.94724,277.02142,0.4347316,379.74863,264.69193,0.016614052,366.27664,280.88803,0.015621453,358.15872,275.57703,0.0031326178,340.44278,266.6816,0.011150921,353.12878,266.95557,0.004627365,341.35025,273.29294,0.009214727
275,22,842.9144897460938,233.00199508666992,20.229766845703125,11.387045860290527,282.90042,141.73592,0.6697314,282.01883,140.25969,0.63295984,280.20676,141.77745,0.5323743,279.04688,140.39227,0.60416114,278.4663,138.3456,0.06973751,281.7527,143.43378,0.08256706,284.5576,139.8067,0.061357614,280.99243,138.986,0.07388879,284.3815,136.68704,0.048125114,276.697,142.97412,0.05926112
276,7,1080.1350402832031,438.02917671203613,90.79412841796875,71.76337337493896,346.25818,266.19525,0.87111396,357.92407,280.64597,0.8730762,353.99515,270.93082,0.07417154,375.0497,278.00806,0.42330897,381.2703,265.52805,0.016713353,367.76935,282.15155,0.0139154205,358.50467,276.6321,0.002883309,341.1826,267.79932,0.010363602,353.04514,267.8547,0.004359455,341.15683,274.21106,0.008094656
277,7,1083.980712890625,439.41602897644043,91.94732666015625,73.67607593536377,347.18646,267.6649,0.87025446,358.87717,282.18015,0.87405443,355.0062,272.11295,0.072150186,376.29303,279.0989,0.40942606,383.25345,267.5122,0.016466731,369.3516,283.55853,0.011284701,359.15866,277.88785,0.002469989,342.09576,268.95752,0.009394862,353.35593,268.64044,0.003943897,340.91327,275.12888,0.00654693
278,7,1088.6063232421875,441.1468391418457,94.99786376953125,75.1166410446167,348.0309,267.19574,0.8862845,359.31244,282.1902,0.89386743,356.8871,270.817,0.049971253,376.32294,278.54852,0.34718272,385.70398,266.78058,0.011660757,370.96466,284.6729,0.0043040016,358.69818,279.0598,0.0010882315,344.63547,268.6227,0.00525732,357.1161,266.99457,0.0019233302,338.02527,272.83878,0.002213969
279,7,1092.2559814453125,443.1126365661621,96.47698974609375,75.33831596374512,348.76764,268.22406,0.8705739,360.0062,283.63947,0.87977207,357.96338,271.94095,0.045215692,377.08264,279.8408,0.3180685,386.47858,268.64664,0.011478256,371.22253,285.7967,0.003636557,359.30673,279.49075,0.0010293615,345.82126,269.17963,0.005090809,357.42035,268.30798,0.0019190704,338.00156,273.30203,0.0019374358
280,7,1095.7250061035156,445.6589241027832,98.04840087890625,75.63412284851074,351.35617,270.74942,0.8581,362.2404,285.6059,0.85167223,360.57468,275.81598,0.07810837,380.81665,283.33682,0.43195143,386.1529,271.2271,0.0137574645,371.32538,286.76733,0.015216433,365.35367,282.36053,0.0026002675,346.17828,272.508,0.010326019,361.58066,273.9539,0.003996826,349.16943,279.59012,0.009338909
281,7,1099.4027709960938,448.2481098175049,99.15371704101562,76.72493648529053,352.04025,272.4613,0.8764461,363.63947,287.6891,0.8729524,360.9739,277.35956,0.06397423,382.7335,285.28357,0.41033047,388.86002,272.3631,0.012695299,373.7946,289.2365,0.012025828,365.6677,284.0916,0.0019925837,346.46274,274.03436,0.00873258,361.4481,274.99527,0.00323909,348.36917,281.12704,0.006914779
282,7,1102.3544311523438,451.2307434082031,99.78277587890625,77.6689281463623,352.7292,274.10458,0.8810593,364.8063,289.56207,0.8776067,361.63815,279.1488,0.058783323,383.8588,286.764,0.39321616,390.9831,273.95374,0.013032936,375.71515,291.00543,0.010004589,366.3262,285.70996,0.0018045858,347.16565,275.73483,0.008079784,361.79385,275.95792,0.003095237,348.00485,282.0681,0.005720467
283,7,1105.880859375,453.4577922821045,102.97439575195312,79.4507474899292,353.91766,275.7061,0.8833235,366.6713,291.39178,0.8819486,362.36963,280.88968,0.056648135,385.3826,288.1208,0.38092622,393.19568,275.2422,0.012941014,377.92056,292.80148,0.008292778,367.0925,287.16583,0.0016198709,348.51508,277.47116,0.0070355837,361.56076,277.43182,0.0027715573,347.71204,283.4771,0.0047178743
284,7,1109.0873107910156,454.5564594268799,105.48870849609375,80.90686511993408,354.36636,275.95526,0.8835341,367.69736,292.5614,0.89167744,362.0028,281.27948,0.050031688,385.74295,289.322,0.37055364,393.27783,275.9012,0.012576739,378.48987,293.82898,0.008066965,367.40524,287.5838,0.0016269354,349.64893,278.3145,0.0065327906,361.1001,278.49814,0.0026108427,347.6113,285.0399,0.0044540195
285,7,1114.09130859375,457.03368759155273,106.62844848632812,82.39094638824463,355.08798,276.57114,0.8420281,368.63113,293.6494,0.86138827,366.2202,281.95404,0.056435414,386.64658,289.83536,0.34324712,396.39502,275.01904,0.0018734123,375.183,294.9697,0.0012124701,377.85117,296.05933,0.00021375972,354.89084,283.92715,0.00087488606,384.76416,281.4359,0.00022235804,352.18143,283.5563,0.0006006025
286,7,1118.56201171875,459.463228225708,108.65945434570312,83.32154846191406,356.28073,277.23773,0.8610763,369.8536,295.14432,0.8800667,366.6985,282.624,0.04637398,387.93945,291.1998,0.32769838,398.31085,275.41138,0.0019070322,377.25735,296.40604,0.0010976363,377.7495,296.97964,0.00020159937,355.7086,284.41467,0.00082585815,385.07663,282.45706,0.00020824991,351.8701,284.22812,0.0005379507
287,7,1123.6913452148438,462.6360454559326,107.86285400390625,83.44156551361084,357.8691,279.923,0.8843424,371.5154,298.61295,0.89955294,365.81763,285.6555,0.039468527,390.40256,296.07025,0.37351316,395.9217,280.8354,0.011474864,381.65292,299.50076,0.011931217,373.16525,293.71973,0.0018974817,353.06873,283.34207,0.0077216094,368.51663,284.71432,0.0027857863,354.55048,291.1044,0.00645746
288,7,1127.8588256835938,465.74176025390625,108.91387939453125,84.18782901763916,359.41284,281.67075,0.88767755,373.2876,300.63303,0.90511924,366.70288,287.50238,0.03669114,391.72003,297.6571,0.35880426,397.926,282.48477,0.011831029,383.78653,301.40527,0.010102807,373.96854,295.11057,0.00175657,354.7981,285.13016,0.00692239,368.47903,286.22626,0.0026120674,354.30093,292.74442,0.00536025
289,7,1132.3307189941406,470.1031608581543,111.00164794921875,85.25570011138916,361.60693,283.38437,0.7862306,375.27432,303.4885,0.67677957,368.05875,279.50058,0.17272478,394.343,298.98267,0.24781045,381.35205,332.999,0.04992887,381.01974,313.03934,0.040801812,381.7452,287.3351,0.023453007,366.8048,293.24707,0.020230982,375.3737,286.06195,0.03149264,357.513,289.90695,0.028315427
290,7,1136.5222778320312,473.2843208312988,113.68881225585938,88.41046714782715,361.2456,286.18442,0.91380954,375.61603,305.34744,0.9226916,371.583,291.03442,0.024248807,396.12067,302.36044,0.32827827,406.1045,285.28732,0.0057699,388.39294,307.24368,0.0043350654,379.71063,302.99292,0.00061204925,356.56567,290.66208,0.003493325,380.54785,288.33475,0.00097246654,356.54333,294.58957,0.0019939523
291,7,1140.9010620117188,475.92464447021484,115.5311279296875,90.73119163513184,362.91678,287.75156,0.8686445,377.1785,306.8309,0.8795437,374.7152,293.60657,0.03714311,396.89514,303.0619,0.3345442,407.15146,287.32275,0.0027643968,385.94846,307.58728,0.002350238,386.816,307.1028,0.00032617417,360.6165,295.03998,0.0015774725,390.96567,292.07852,0.0004339259,360.9584,295.78683,0.0011451762
292,7,1145.7514343261719,479.1938667297363,118.55548095703125,92.08240699768066,363.68063,289.43518,0.8792248,378.1271,309.0772,0.8908783,375.57596,295.4062,0.032686226,398.50174,304.95258,0.3163793,409.8376,289.09747,0.0025712654,388.22733,309.63458,0.0016795675,386.953,309.11243,0.00024952664,361.22726,296.28055,0.0013236242,391.68744,293.50757,0.0003429024,360.39032,297.0019,0.00081542705
293,7,1150.0397644042969,482.0427074432373,120.9034423828125,94.91239929199219,364.96942,291.78784,0.91627836,380.3826,312.36697,0.9296953,373.30582,297.55072,0.021105098,400.64862,309.37546,0.31885538,409.03043,291.87308,0.0073548513,392.95404,313.79745,0.005492428,381.49835,307.29288,0.0008145471,359.97964,295.69254,0.0041844887,377.99127,295.79187,0.0013042054,359.27563,302.83673,0.0025794033
294,7,1153.9725952148438,485.4507694244385,120.769775390625,94.8442153930664,366.58127,292.64304,0.76300514,381.22552,315.41663,0.6652288,377.3649,293.9512,0.17603463,400.4017,310.43475,0.30504704,395.62292,334.8015,0.026326783,379.43256,319.959,0.0074062245,382.73532,298.1071,0.0021957597,371.56396,301.22156,0.004730486,378.9368,298.24808,0.0064468193,361.82126,294.52972,0.0024751837
295,7,1159.4209899902344,488.2876625061035,121.74188232421875,94.41837501525879,368.60214,294.0212,0.7645456,382.9549,316.1156,0.64096534,380.97406,294.42523,0.18897642,403.3343,311.45023,0.3065224,405.06903,333.1765,0.02663104,392.09662,315.38824,0.007210863,385.57578,303.96756,0.0032462599,371.16992,301.9823,0.004296123,383.68527,297.83765,0.0053348867,379.88806,296.5064,0.0029856025
296,7,1166.410400390625,491.9129447937012,128.1741943359375,97.08975219726562,370.2889,297.01523,0.80970305,386.2396,319.8711,0.6835905,376.39633,292.0363,0.15657935,407.6069,314.86072,0.22849727,398.38486,352.79626,0.042339254,397.72058,329.9404,0.036985416,393.12427,303.56546,0.024327282,374.34973,307.3676,0.014937596,384.01974,300.48447,0.02710713,369.98154,306.41495,0.02809301
297,7,1171.7880249023438,497.24364852905273,132.54034423828125,99.17337799072266,371.9507,299.4165,0.8228832,388.66318,323.4358,0.69170594,379.11115,295.08224,0.13986401,409.77228,318.55292,0.2136281,400.17462,355.9441,0.03422161,397.8676,334.2673,0.02598988,395.41925,306.45294,0.014512184,377.1973,311.50397,0.011306427,385.1724,301.96927,0.018040355,370.30582,309.09378,0.017836899
298,7,1176.4224243164062,501.59619140625,135.474609375,101.5213451385498,372.95377,302.07617,0.8324239,390.7315,326.36197,0.69370794,381.32687,298.38208,0.13037689,411.8976,321.4106,0.20659368,402.62878,358.6251,0.028919017,398.7678,337.82672,0.019365577,397.34488,309.46243,0.009176123,379.0189,314.91196,0.009203181,386.80173,304.08817,0.013362627,370.94907,311.67117,0.011976893
299,7,1180.875732421875,505.9156723022461,137.74978637695312,103.39423942565918,373.49646,304.4073,0.7253495,394.2303,331.2679,0.63499826,383.7813,304.89722,0.18226412,411.798,326.13385,0.2948358,415.1532,349.7111,0.021222726,388.83875,328.02795,0.003218933,390.13913,312.6002,0.00089393015,378.66827,311.05698,0.0018715274,385.44922,310.5309,0.0027877674,377.84473,308.94052,0.0009362659
